tag,timestamp,scenario,vary,value,range,method,driver,selector,threads,device,gpus,N,n_rules,T,n_updates,S,seed,status,note,correct,import_s,build_s,first_call_s,cold_s,warm_median_s,warm_q1_s,warm_q3_s,warm_min_s,warm_max_s,repeats,number,n_params,selector_mb,intra_threads,inter_threads,peak_memory_mb,wall_s
full,2026-09-29T23:15:22,NR,n_rules,1,core,cellpylib,cellpylib,,default,cpu,0,256,1,32,31,32,20240912,ok,,True,3.5882,8.1e-06,4.9358,4.9358,5.104,4.9164,5.2825,4.8788,5.6251,10,1,,,0,0,264.7,65.46
full,2026-09-29T23:16:27,NR,n_rules,1,core,numpy,numpy,,default,cpu,0,256,1,32,31,32,20240912,ok,,True,3.2478,7.6e-06,0.0037015,0.0037091,0.0037564,0.0035744,0.004195,0.0034043,0.0045569,10,50,,,0,0,241.6,6.23
full,2026-09-29T23:16:34,NR,n_rules,1,core,numpy_lut,numpy_lut,,default,cpu,0,256,1,32,31,32,20240912,ok,,True,3.0873,6.24e-05,0.0055251,0.0055875,0.0033158,0.0030394,0.0034591,0.0029518,0.0038158,10,50,,,0,0,241.4,5.71
full,2026-09-29T23:16:39,NR,n_rules,1,core,predict:lc1,predict,lc1,default,cpu,0,256,1,32,31,32,20240912,ok,,True,3.1601,0.65288,2.44,3.0929,1.1548,1.1461,1.2628,1.0959,1.3581,10,1,296,0.001,0,0,421.8,20.36
full,2026-09-29T23:17:00,NR,n_rules,1,core,eager:lc1,eager,lc1,default,cpu,0,256,1,32,31,32,20240912,ok,,True,3.096,0.55705,3.5474,4.1044,3.2701,3.1947,3.4022,3.0457,3.5361,10,1,296,0.001,0,0,297.9,44.4
full,2026-09-29T23:17:44,NR,n_rules,1,core,compiled:lc1,compiled,lc1,default,cpu,0,256,1,32,31,32,20240912,ok,,True,3.0573,0.66568,1.2104,1.876,0.052979,0.049598,0.054205,0.040775,0.062051,10,2,296,0.001,0,0,290.8,6.82
full,2026-09-29T23:17:51,NR,n_rules,1,core,xla:lc1,xla,lc1,default,cpu,0,256,1,32,31,32,20240912,ok,,True,3.0827,0.53566,1.5865,2.1222,0.030384,0.029687,0.031033,0.027251,0.031694,10,5,296,0.001,0,0,348.9,7.68
full,2026-09-29T23:17:59,NR,n_rules,1,core,while_loop:lc1,while_loop,lc1,default,cpu,0,256,1,32,31,32,20240912,ok,,True,3.176,0.50026,1.2806,1.7808,0.030822,0.030231,0.034134,0.029685,0.042104,10,5,296,0.001,0,0,295.8,7.55
full,2026-09-29T23:18:06,NR,n_rules,1,core,while_loop_xla:lc1,while_loop_xla,lc1,default,cpu,0,256,1,32,31,32,20240912,ok,,True,3.3727,0.62753,1.3279,1.9554,0.01569,0.015639,0.015744,0.01547,0.01601,10,10,296,0.001,0,0,354.1,7.9
full,2026-09-29T23:18:14,NR,n_rules,1,core,unrolled:lc1,unrolled,lc1,default,cpu,0,256,1,32,31,32,20240912,ok,,True,3.1157,15.193,32.574,47.767,0.027928,0.027023,0.029428,0.026047,0.033787,10,5,296,0.001,0,0,1177.2,54.1
full,2026-09-29T23:19:08,NR,n_rules,1,core,predict:dense,predict,dense,default,cpu,0,256,1,32,31,32,20240912,ok,,True,3.481,0.10475,1.2262,1.331,1.1431,1.1121,1.1784,1.0531,1.3187,10,1,65576,0.25,0,0,401.9,18.26
full,2026-09-29T23:19:26,NR,n_rules,1,core,eager:dense,eager,dense,default,cpu,0,256,1,32,31,32,20240912,ok,,True,3.3009,0.11577,0.18826,0.30403,0.13692,0.12996,0.16021,0.12709,0.19707,10,1,65576,0.25,0,0,264.0,5.93
full,2026-09-29T23:19:32,NR,n_rules,1,core,compiled:dense,compiled,dense,default,cpu,0,256,1,32,31,32,20240912,ok,,True,3.1191,0.10354,0.099661,0.2032,0.028652,0.028502,0.029754,0.028361,0.034233,10,5,65576,0.25,0,0,268.0,5.75
full,2026-09-29T23:19:38,NR,n_rules,1,core,xla:dense,xla,dense,default,cpu,0,256,1,32,31,32,20240912,ok,,True,3.1584,0.10257,0.14589,0.24846,0.029644,0.029293,0.031292,0.029053,0.033559,10,5,65576,0.25,0,0,296.9,5.93
full,2026-09-29T23:19:44,NR,n_rules,1,core,while_loop:dense,while_loop,dense,default,cpu,0,256,1,32,31,32,20240912,ok,,True,3.2445,0.1085,0.16646,0.27495,0.020186,0.0198,0.020694,0.019318,0.021847,10,10,65576,0.25,0,0,270.9,6.63
full,2026-09-29T23:19:51,NR,n_rules,1,core,while_loop_xla:dense,while_loop_xla,dense,default,cpu,0,256,1,32,31,32,20240912,ok,,True,3.1864,0.10613,0.21826,0.32439,0.017214,0.016967,0.017995,0.016802,0.018994,10,10,65576,0.25,0,0,300.8,6.31
full,2026-09-29T23:19:57,NR,n_rules,1,core,unrolled:dense,unrolled,dense,default,cpu,0,256,1,32,31,32,20240912,ok,,True,3.3326,0.87039,1.0786,1.949,0.018385,0.018026,0.019007,0.017757,0.020113,10,10,65576,0.25,0,0,289.1,8.15
full,2026-09-29T23:20:05,NR,n_rules,1,core,compiled:lc2,compiled,lc2,default,cpu,0,256,1,32,31,32,20240912,ok,,True,3.2157,0.1586,0.1465,0.3051,0.036444,0.035495,0.038621,0.034492,0.041372,10,5,65576,0.25,0,0,274.2,6.37
full,2026-09-29T23:20:11,NR,n_rules,1,core,xla:lc2,xla,lc2,default,cpu,0,256,1,32,31,32,20240912,ok,,True,3.0722,0.11297,0.18873,0.30169,0.029308,0.029175,0.029653,0.028707,0.030326,10,5,65576,0.25,0,0,300.6,5.83
full,2026-09-29T23:20:17,NR,n_rules,1,core,compiled:lc3,compiled,lc3,default,cpu,0,256,1,32,31,32,20240912,ok,,True,3.267,0.11781,0.14609,0.2639,0.029237,0.028415,0.032228,0.027955,0.036082,10,5,296,0.001,0,0,268.9,6.01
full,2026-09-29T23:20:23,NR,n_rules,1,core,compiled:elem,compiled,elem,default,cpu,0,256,1,32,31,32,20240912,ok,,True,3.1284,0.12927,0.098812,0.22808,0.028358,0.025226,0.029933,0.024866,0.030259,10,5,296,0.001,0,0,267.1,5.65
full,2026-09-29T23:20:29,NR,n_rules,1,core,xla:elem,xla,elem,default,cpu,0,256,1,32,31,32,20240912,ok,,True,3.2926,0.11329,0.17558,0.28887,0.025614,0.025302,0.026094,0.025177,0.027163,10,5,296,0.001,0,0,294.7,5.81
full,2026-09-29T23:20:35,NR,n_rules,1,core,while_loop_xla:elem,while_loop_xla,elem,default,cpu,0,256,1,32,31,32,20240912,ok,,True,3.0481,0.11287,0.20125,0.31413,0.01479,0.014303,0.01523,0.014046,0.015822,10,10,296,0.001,0,0,298.0,5.8
full,2026-09-29T23:20:41,NR,n_rules,1,core,numpy,numpy,,single,cpu,0,256,1,32,31,32,20240912,ok,,True,3.2654,8e-06,0.0038668,0.0038748,0.0037567,0.0034917,0.0038626,0.0033769,0.0044276,10,50,,,1,1,240.5,6.13
full,2026-09-29T23:20:47,NR,n_rules,1,core,numpy_lut,numpy_lut,,single,cpu,0,256,1,32,31,32,20240912,ok,,True,3.1355,0.0001007,0.0052026,0.0053033,0.0030648,0.0029673,0.0030833,0.0029429,0.0037509,10,50,,,1,1,240.5,5.73
full,2026-09-29T23:20:52,NR,n_rules,1,core,predict:lc1,predict,lc1,single,cpu,0,256,1,32,31,32,20240912,ok,,True,3.0408,0.49926,2.2301,2.7294,1.1864,1.1511,1.2493,1.0861,1.3227,10,1,296,0.001,1,1,417.5,19.89
full,2026-09-29T23:21:12,NR,n_rules,1,core,eager:lc1,eager,lc1,single,cpu,0,256,1,32,31,32,20240912,ok,,True,3.2025,0.51905,3.2767,3.7957,3.2161,3.1902,3.4054,3.1573,3.6787,10,1,296,0.001,1,1,292.5,44.25
full,2026-09-29T23:21:57,NR,n_rules,1,core,compiled:lc1,compiled,lc1,single,cpu,0,256,1,32,31,32,20240912,ok,,True,3.1025,0.66119,1.1838,1.8449,0.05462,0.049068,0.0611,0.043508,0.065973,10,2,296,0.001,1,1,286.1,6.94
full,2026-09-29T23:22:03,NR,n_rules,1,core,xla:lc1,xla,lc1,single,cpu,0,256,1,32,31,32,20240912,ok,,True,3.0381,0.60565,1.1535,1.7592,0.047362,0.045011,0.050642,0.042186,0.055344,10,5,296,0.001,1,1,341.6,8.28
full,2026-09-29T23:22:12,NR,n_rules,1,core,while_loop:lc1,while_loop,lc1,single,cpu,0,256,1,32,31,32,20240912,ok,,True,3.0626,0.58754,1.2512,1.8387,0.035755,0.034963,0.037792,0.034025,0.043799,10,5,296,0.001,1,1,292.6,7.77
full,2026-09-29T23:22:20,NR,n_rules,1,core,while_loop_xla:lc1,while_loop_xla,lc1,single,cpu,0,256,1,32,31,32,20240912,ok,,True,3.4521,0.58951,1.4814,2.0709,0.032853,0.02652,0.035125,0.025388,0.037105,10,5,296,0.001,1,1,347.6,8.05
full,2026-09-29T23:22:28,NR,n_rules,1,core,unrolled:lc1,unrolled,lc1,single,cpu,0,256,1,32,31,32,20240912,ok,,True,3.1615,14.857,32.883,47.74,0.048791,0.042303,0.051455,0.041086,0.063331,10,5,296,0.001,1,1,1170.6,55.23
full,2026-09-29T23:23:23,NR,n_rules,1,core,predict:dense,predict,dense,single,cpu,0,256,1,32,31,32,20240912,ok,,True,3.1427,0.1048,1.3063,1.4111,1.162,1.1459,1.1852,1.0608,1.3388,10,1,65576,0.25,1,1,395.4,18.3
full,2026-09-29T23:23:41,NR,n_rules,1,core,eager:dense,eager,dense,single,cpu,0,256,1,32,31,32,20240912,ok,,True,3.3636,0.10484,0.15844,0.26328,0.13164,0.12935,0.14319,0.12695,0.17001,10,1,65576,0.25,1,1,259.1,5.86
full,2026-09-29T23:23:47,NR,n_rules,1,core,compiled:dense,compiled,dense,single,cpu,0,256,1,32,31,32,20240912,ok,,True,3.1611,0.10536,0.11435,0.21971,0.039364,0.036448,0.041014,0.034718,0.043271,10,5,65576,0.25,1,1,263.0,6.36
full,2026-09-29T23:23:53,NR,n_rules,1,core,xla:dense,xla,dense,single,cpu,0,256,1,32,31,32,20240912,ok,,True,3.1768,0.11656,0.15541,0.27197,0.040625,0.039309,0.043237,0.03818,0.048802,10,5,65576,0.25,1,1,289.7,6.58
full,2026-09-29T23:24:00,NR,n_rules,1,core,while_loop:dense,while_loop,dense,single,cpu,0,256,1,32,31,32,20240912,ok,,True,3.3423,0.10786,0.16721,0.27507,0.022156,0.021586,0.02264,0.021231,0.024934,10,5,65576,0.25,1,1,264.8,5.63
full,2026-09-29T23:24:06,NR,n_rules,1,core,while_loop_xla:dense,while_loop_xla,dense,single,cpu,0,256,1,32,31,32,20240912,ok,,True,3.0294,0.10934,0.23677,0.34611,0.027911,0.026464,0.029289,0.026008,0.030885,10,5,65576,0.25,1,1,293.2,5.73
full,2026-09-29T23:24:11,NR,n_rules,1,core,unrolled:dense,unrolled,dense,single,cpu,0,256,1,32,31,32,20240912,ok,,True,3.2746,0.71747,1.0781,1.7955,0.021636,0.021505,0.021751,0.021283,0.023758,10,5,65576,0.25,1,1,283.4,7.07
full,2026-09-29T23:24:18,NR,n_rules,1,core,compiled:lc2,compiled,lc2,single,cpu,0,256,1,32,31,32,20240912,ok,,True,3.1589,0.11897,0.14931,0.26828,0.039322,0.038051,0.045561,0.036682,0.048511,10,5,65576,0.25,1,1,268.0,6.57
full,2026-09-29T23:24:25,NR,n_rules,1,core,xla:lc2,xla,lc2,single,cpu,0,256,1,32,31,32,20240912,ok,,True,3.145,0.11845,0.17222,0.29067,0.039519,0.037937,0.044316,0.03709,0.047249,10,5,65576,0.25,1,1,294.1,6.65
full,2026-09-29T23:24:32,NR,n_rules,1,core,compiled:lc3,compiled,lc3,single,cpu,0,256,1,32,31,32,20240912,ok,,True,3.3897,0.10869,0.12193,0.23062,0.03167,0.030767,0.03266,0.030442,0.039589,10,5,296,0.001,1,1,263.9,6.38
full,2026-09-29T23:24:38,NR,n_rules,1,core,compiled:elem,compiled,elem,single,cpu,0,256,1,32,31,32,20240912,ok,,True,3.0576,0.11204,0.10935,0.22138,0.040361,0.038466,0.043188,0.033992,0.05264,10,5,296,0.001,1,1,262.5,6.35
full,2026-09-29T23:24:44,NR,n_rules,1,core,xla:elem,xla,elem,single,cpu,0,256,1,32,31,32,20240912,ok,,True,3.1814,0.10901,0.14006,0.24907,0.038772,0.03776,0.042929,0.035618,0.045131,10,5,296,0.001,1,1,288.7,6.54
full,2026-09-29T23:24:51,NR,n_rules,1,core,while_loop_xla:elem,while_loop_xla,elem,single,cpu,0,256,1,32,31,32,20240912,ok,,True,3.2975,0.10648,0.20471,0.31119,0.026305,0.025115,0.028513,0.024515,0.03414,10,5,296,0.001,1,1,291.8,6.02
full,2026-09-29T23:24:57,NR,n_rules,2,core,cellpylib,cellpylib,,default,cpu,0,256,2,32,31,32,20240912,ok,,True,3.6919,1.12e-05,5.9401,5.9401,5.2824,5.2322,5.3581,5.0815,5.4186,10,1,,,0,0,264.7,68.29
full,2026-09-29T23:26:05,NR,n_rules,2,core,numpy,numpy,,default,cpu,0,256,2,32,31,32,20240912,ok,,True,3.0805,8.1e-06,0.0039447,0.0039528,0.0035482,0.0034647,0.0037539,0.0033943,0.0050463,10,50,,,0,0,241.7,5.89
full,2026-09-29T23:26:11,NR,n_rules,2,core,numpy_lut,numpy_lut,,default,cpu,0,256,2,32,31,32,20240912,ok,,True,3.2792,0.0001009,0.0052861,0.005387,0.0028717,0.0027369,0.0030471,0.0027131,0.0037053,10,50,,,0,0,241.5,5.73
full,2026-09-29T23:26:17,NR,n_rules,2,core,predict:lc1,predict,lc1,default,cpu,0,256,2,32,31,32,20240912,ok,,True,3.0042,0.53056,2.3938,2.9244,1.2086,1.12,1.3599,1.0738,1.5521,10,1,560,0.002,0,0,423.4,20.53
full,2026-09-29T23:26:37,NR,n_rules,2,core,eager:lc1,eager,lc1,default,cpu,0,256,2,32,31,32,20240912,ok,,True,3.1913,0.58757,3.5477,4.1352,3.2562,3.2028,3.5313,3.1779,3.7052,10,1,560,0.002,0,0,297.8,45.11
full,2026-09-29T23:27:22,NR,n_rules,2,core,compiled:lc1,compiled,lc1,default,cpu,0,256,2,32,31,32,20240912,ok,,True,3.349,0.54876,1.1189,1.6677,0.047539,0.046232,0.049394,0.044914,0.057764,10,2,560,0.002,0,0,293.7,6.89
full,2026-09-29T23:27:29,NR,n_rules,2,core,xla:lc1,xla,lc1,default,cpu,0,256,2,32,31,32,20240912,ok,,True,3.0542,0.60847,1.3641,1.9725,0.036721,0.036245,0.037684,0.033891,0.038241,10,5,560,0.002,0,0,349.5,7.86
full,2026-09-29T23:27:37,NR,n_rules,2,core,while_loop:lc1,while_loop,lc1,default,cpu,0,256,2,32,31,32,20240912,ok,,True,3.093,0.53538,1.2777,1.813,0.04401,0.04165,0.046194,0.036725,0.046966,10,5,560,0.002,0,0,296.0,8.09
full,2026-09-29T23:27:45,NR,n_rules,2,core,while_loop_xla:lc1,while_loop_xla,lc1,default,cpu,0,256,2,32,31,32,20240912,ok,,True,3.2207,0.54086,1.3748,1.9156,0.017671,0.017156,0.018476,0.016902,0.018761,10,10,560,0.002,0,0,353.6,8.03
full,2026-09-29T23:27:53,NR,n_rules,2,core,unrolled:lc1,unrolled,lc1,default,cpu,0,256,2,32,31,32,20240912,ok,,True,3.2925,14.664,32.325,46.989,0.032247,0.03165,0.033053,0.031231,0.03413,10,5,560,0.002,0,0,1175.5,53.66
full,2026-09-29T23:28:47,NR,n_rules,2,core,predict:dense,predict,dense,default,cpu,0,256,2,32,31,32,20240912,ok,,True,3.1512,0.10426,1.2509,1.3552,1.1612,1.1502,1.2714,1.1037,1.3198,10,1,131120,0.5,0,0,402.9,18.51
full,2026-09-29T23:29:05,NR,n_rules,2,core,eager:dense,eager,dense,default,cpu,0,256,2,32,31,32,20240912,ok,,True,3.3819,0.11763,0.22217,0.3398,0.1469,0.14436,0.16499,0.14309,0.20565,10,1,131120,0.5,0,0,265.4,6.19
full,2026-09-29T23:29:12,NR,n_rules,2,core,compiled:dense,compiled,dense,default,cpu,0,256,2,32,31,32,20240912,ok,,True,3.1855,0.13854,0.14515,0.28369,0.040732,0.037397,0.043256,0.03441,0.046171,10,5,131120,0.5,0,0,270.9,6.53
full,2026-09-29T23:29:18,NR,n_rules,2,core,xla:dense,xla,dense,default,cpu,0,256,2,32,31,32,20240912,ok,,True,3.0968,0.10242,0.14798,0.2504,0.035254,0.03472,0.037225,0.0342,0.040067,10,5,131120,0.5,0,0,296.7,6.2
full,2026-09-29T23:29:24,NR,n_rules,2,core,while_loop:dense,while_loop,dense,default,cpu,0,256,2,32,31,32,20240912,ok,,True,3.4485,0.14933,0.22569,0.37502,0.032308,0.031585,0.032973,0.030828,0.034345,10,5,131120,0.5,0,0,272.3,6.49
full,2026-09-29T23:29:31,NR,n_rules,2,core,while_loop_xla:dense,while_loop_xla,dense,default,cpu,0,256,2,32,31,32,20240912,ok,,True,3.3739,0.12074,0.26992,0.39066,0.027543,0.026482,0.027942,0.025705,0.028822,10,5,131120,0.5,0,0,301.7,6.08
full,2026-09-29T23:29:37,NR,n_rules,2,core,unrolled:dense,unrolled,dense,default,cpu,0,256,2,32,31,32,20240912,ok,,True,3.2371,0.90885,1.0944,2.0033,0.024492,0.0242,0.024865,0.023512,0.026279,10,5,131120,0.5,0,0,290.7,7.46
full,2026-09-29T23:29:44,NR,n_rules,2,core,compiled:lc2,compiled,lc2,default,cpu,0,256,2,32,31,32,20240912,ok,,True,3.6213,0.10931,0.12342,0.23273,0.038693,0.037812,0.039566,0.034556,0.040807,10,5,131120,0.5,0,0,274.6,6.86
full,2026-09-29T23:29:51,NR,n_rules,2,core,xla:lc2,xla,lc2,default,cpu,0,256,2,32,31,32,20240912,ok,,True,3.1738,0.1611,0.22503,0.38614,0.040095,0.038436,0.044954,0.037973,0.053941,10,5,131120,0.5,0,0,301.7,6.85
full,2026-09-29T23:29:58,NR,n_rules,2,core,compiled:lc3,compiled,lc3,default,cpu,0,256,2,32,31,32,20240912,ok,,True,3.1087,0.11189,0.10869,0.22058,0.029983,0.029542,0.030451,0.028567,0.032787,10,5,560,0.002,0,0,268.8,5.8
full,2026-09-29T23:30:04,NR,n_rules,2,core,compiled:elem,compiled,elem,default,cpu,0,256,2,32,31,32,20240912,ok,,True,3.4012,0.12608,0.11256,0.23864,0.029044,0.028196,0.031038,0.027739,0.033802,10,5,560,0.002,0,0,267.7,6.04
full,2026-09-29T23:30:10,NR,n_rules,2,core,xla:elem,xla,elem,default,cpu,0,256,2,32,31,32,20240912,ok,,True,3.0221,0.14076,0.149,0.28976,0.029827,0.027437,0.030173,0.027298,0.033786,10,5,560,0.002,0,0,294.8,5.78
full,2026-09-29T23:30:16,NR,n_rules,2,core,while_loop_xla:elem,while_loop_xla,elem,default,cpu,0,256,2,32,31,32,20240912,ok,,True,3.2136,0.10909,0.20155,0.31064,0.014673,0.014409,0.015641,0.014298,0.016143,10,10,560,0.002,0,0,299.3,6.03
full,2026-09-29T23:30:22,NR,n_rules,2,core,numpy,numpy,,single,cpu,0,256,2,32,31,32,20240912,ok,,True,3.1456,7.7e-06,0.0037089,0.0037166,0.0041994,0.0040792,0.0045707,0.0037943,0.0052138,10,50,,,1,1,240.2,6.33
full,2026-09-29T23:30:28,NR,n_rules,2,core,numpy_lut,numpy_lut,,single,cpu,0,256,2,32,31,32,20240912,ok,,True,3.1845,0.00011,0.0050846,0.0051946,0.0033503,0.0031584,0.0036446,0.0028301,0.0043541,10,50,,,1,1,240.4,5.92
full,2026-09-29T23:30:34,NR,n_rules,2,core,predict:lc1,predict,lc1,single,cpu,0,256,2,32,31,32,20240912,ok,,True,3.5208,0.60221,2.2406,2.8428,1.405,1.3463,1.5005,1.1819,1.6156,10,1,560,0.002,1,1,416.4,22.81
full,2026-09-29T23:30:57,NR,n_rules,2,core,eager:lc1,eager,lc1,single,cpu,0,256,2,32,31,32,20240912,ok,,True,3.6025,0.68964,4.3092,4.9989,4.0691,4.0305,4.1196,3.8856,4.2834,10,1,560,0.002,1,1,292.6,54.54
full,2026-09-29T23:31:51,NR,n_rules,2,core,compiled:lc1,compiled,lc1,single,cpu,0,256,2,32,31,32,20240912,ok,,True,9.6634,0.74695,1.59,2.337,0.057041,0.053852,0.061632,0.051915,0.068864,10,2,560,0.002,1,1,287.2,14.56
full,2026-09-29T23:32:06,NR,n_rules,2,core,xla:lc1,xla,lc1,single,cpu,0,256,2,32,31,32,20240912,ok,,True,3.9121,0.72102,1.5494,2.2704,0.049876,0.048873,0.055098,0.046213,0.056666,10,2,560,0.002,1,1,341.2,8.22
full,2026-09-29T23:32:14,NR,n_rules,2,core,while_loop:lc1,while_loop,lc1,single,cpu,0,256,2,32,31,32,20240912,ok,,True,3.5626,0.73293,1.5229,2.2558,0.053755,0.045594,0.061958,0.043745,0.070046,10,2,560,0.002,1,1,290.1,7.88
full,2026-09-29T23:32:22,NR,n_rules,2,core,while_loop_xla:lc1,while_loop_xla,lc1,single,cpu,0,256,2,32,31,32,20240912,ok,,True,3.4324,0.59409,1.7852,2.3793,0.035485,0.034776,0.036361,0.03258,0.04092,10,5,560,0.002,1,1,348.7,8.62
full,2026-09-29T23:32:31,NR,n_rules,2,core,unrolled:lc1,unrolled,lc1,single,cpu,0,256,2,32,31,32,20240912,ok,,True,3.62,17.819,39.214,57.033,0.047593,0.047513,0.051031,0.047059,0.057526,10,2,560,0.002,1,1,1170.2,63.41
full,2026-09-29T23:33:34,NR,n_rules,2,core,predict:dense,predict,dense,single,cpu,0,256,2,32,31,32,20240912,ok,,True,3.4602,0.15292,1.615,1.7679,1.2946,1.2152,1.3473,1.0756,1.4955,10,1,131120,0.5,1,1,397.0,20.39
full,2026-09-29T23:33:54,NR,n_rules,2,core,eager:dense,eager,dense,single,cpu,0,256,2,32,31,32,20240912,ok,,True,3.3695,0.14364,0.21438,0.35802,0.17874,0.17095,0.18582,0.1562,0.20807,10,1,131120,0.5,1,1,260.7,6.39
full,2026-09-29T23:34:01,NR,n_rules,2,core,compiled:dense,compiled,dense,single,cpu,0,256,2,32,31,32,20240912,ok,,True,3.3101,0.12585,0.13255,0.2584,0.039303,0.034447,0.040472,0.033648,0.044505,10,5,131120,0.5,1,1,263.6,6.44
full,2026-09-29T23:34:07,NR,n_rules,2,core,xla:dense,xla,dense,single,cpu,0,256,2,32,31,32,20240912,ok,,True,3.5499,0.12533,0.47769,0.60302,0.053503,0.049373,0.05576,0.041012,0.056604,10,5,131120,0.5,1,1,290.3,7.85
full,2026-09-29T23:34:15,NR,n_rules,2,core,while_loop:dense,while_loop,dense,single,cpu,0,256,2,32,31,32,20240912,ok,,True,3.4363,0.13784,0.25327,0.3911,0.026622,0.024526,0.02927,0.023617,0.030784,10,5,131120,0.5,1,1,266.6,6.13
full,2026-09-29T23:34:21,NR,n_rules,2,core,while_loop_xla:dense,while_loop_xla,dense,single,cpu,0,256,2,32,31,32,20240912,ok,,True,3.2577,0.12487,0.24597,0.37084,0.032619,0.032008,0.034435,0.031084,0.042435,10,5,131120,0.5,1,1,292.4,6.36
full,2026-09-29T23:34:28,NR,n_rules,2,core,unrolled:dense,unrolled,dense,single,cpu,0,256,2,32,31,32,20240912,ok,,True,3.4743,0.92067,1.1396,2.0602,0.02755,0.026619,0.028077,0.024832,0.032331,10,5,131120,0.5,1,1,283.3,7.9
full,2026-09-29T23:34:35,NR,n_rules,2,core,compiled:lc2,compiled,lc2,single,cpu,0,256,2,32,31,32,20240912,ok,,True,3.45,0.15979,0.16974,0.32953,0.051824,0.045782,0.053495,0.040882,0.060583,10,5,131120,0.5,1,1,268.9,7.5
full,2026-09-29T23:34:43,NR,n_rules,2,core,xla:lc2,xla,lc2,single,cpu,0,256,2,32,31,32,20240912,ok,,True,3.4871,0.15579,0.28003,0.43582,0.063665,0.062974,0.064999,0.058349,0.067176,10,2,131120,0.5,1,1,294.2,6.16
full,2026-09-29T23:34:49,NR,n_rules,2,core,compiled:lc3,compiled,lc3,single,cpu,0,256,2,32,31,32,20240912,ok,,True,4.2925,0.16676,0.17964,0.3464,0.047243,0.042859,0.047993,0.040017,0.059102,10,2,560,0.002,1,1,263.7,6.68
full,2026-09-29T23:34:56,NR,n_rules,2,core,compiled:elem,compiled,elem,single,cpu,0,256,2,32,31,32,20240912,ok,,True,5.3319,0.17656,0.16285,0.33941,0.049462,0.047174,0.057037,0.042135,0.060009,10,5,560,0.002,1,1,262.1,9.62
full,2026-09-29T23:35:05,NR,n_rules,2,core,xla:elem,xla,elem,single,cpu,0,256,2,32,31,32,20240912,ok,,True,3.922,0.18649,0.22848,0.41497,0.07117,0.067086,0.073868,0.065354,0.076124,10,2,560,0.002,1,1,288.4,6.98
full,2026-09-29T23:35:12,NR,n_rules,2,core,while_loop_xla:elem,while_loop_xla,elem,single,cpu,0,256,2,32,31,32,20240912,ok,,True,3.5539,0.14929,0.27018,0.41946,0.036632,0.031589,0.040071,0.028113,0.044143,10,5,560,0.002,1,1,292.3,6.87
full,2026-09-29T23:35:19,NR,n_rules,4,core,cellpylib,cellpylib,,default,cpu,0,256,4,32,31,32,20240912,ok,,True,4.711,8.3e-06,6.3834,6.3834,5.6582,5.4266,5.7274,4.9144,6.2355,10,1,,,0,0,265.1,73.3
full,2026-09-29T23:36:33,NR,n_rules,4,core,numpy,numpy,,default,cpu,0,256,4,32,31,32,20240912,ok,,True,3.4171,9.3e-06,0.0039056,0.0039149,0.0045729,0.0043438,0.0047841,0.0039805,0.0051592,10,20,,,0,0,241.7,5.2
full,2026-09-29T23:36:38,NR,n_rules,4,core,numpy_lut,numpy_lut,,default,cpu,0,256,4,32,31,32,20240912,ok,,True,3.6062,0.0001288,0.0049389,0.0050677,0.0036611,0.0032916,0.0039406,0.0029593,0.0041253,10,50,,,0,0,241.6,6.46
full,2026-09-29T23:36:44,NR,n_rules,4,core,predict:lc1,predict,lc1,default,cpu,0,256,4,32,31,32,20240912,ok,,True,3.1635,0.61594,2.6933,3.3092,1.286,1.2126,1.362,1.1664,1.5511,10,1,1088,0.004,0,0,422.3,21.65
full,2026-09-29T23:37:06,NR,n_rules,4,core,eager:lc1,eager,lc1,default,cpu,0,256,4,32,31,32,20240912,ok,,True,3.3981,0.62528,3.9954,4.6207,3.7671,3.6996,4.0885,3.53,4.3528,10,1,1088,0.004,0,0,296.8,51.03
full,2026-09-29T23:37:57,NR,n_rules,4,core,compiled:lc1,compiled,lc1,default,cpu,0,256,4,32,31,32,20240912,ok,,True,3.8663,0.62948,1.4052,2.0347,0.052128,0.051032,0.056439,0.049431,0.059088,10,2,1088,0.004,0,0,292.0,7.9
full,2026-09-29T23:38:05,NR,n_rules,4,core,xla:lc1,xla,lc1,default,cpu,0,256,4,32,31,32,20240912,ok,,True,3.4436,0.56868,1.4302,1.9989,0.039758,0.037983,0.042844,0.035816,0.044383,10,5,1088,0.004,0,0,347.7,8.51
full,2026-09-29T23:38:13,NR,n_rules,4,core,while_loop:lc1,while_loop,lc1,default,cpu,0,256,4,32,31,32,20240912,ok,,True,3.1167,0.67462,1.5025,2.1771,0.041983,0.038352,0.046337,0.035697,0.047878,10,5,1088,0.004,0,0,297.7,8.55
full,2026-09-29T23:38:22,NR,n_rules,4,core,while_loop_xla:lc1,while_loop_xla,lc1,default,cpu,0,256,4,32,31,32,20240912,ok,,True,3.3558,0.59687,1.6175,2.2143,0.024524,0.023595,0.024945,0.022928,0.025062,10,5,1088,0.004,0,0,352.7,7.85
full,2026-09-29T23:38:30,NR,n_rules,4,core,unrolled:lc1,unrolled,lc1,default,cpu,0,256,4,32,31,32,20240912,ok,,True,3.5817,15.573,36.26,51.834,0.032903,0.030095,0.034262,0.028944,0.035269,10,5,1088,0.004,0,0,1175.7,58.96
full,2026-09-29T23:39:29,NR,n_rules,4,core,predict:dense,predict,dense,default,cpu,0,256,4,32,31,32,20240912,ok,,True,3.5296,0.18504,1.951,2.1361,1.2481,1.2215,1.3936,1.1139,1.7115,10,1,262208,1.0,0,0,402.8,21.08
full,2026-09-29T23:39:50,NR,n_rules,4,core,eager:dense,eager,dense,default,cpu,0,256,4,32,31,32,20240912,ok,,True,3.6082,0.1331,0.21819,0.35129,0.16089,0.15219,0.19308,0.14685,0.23029,10,1,262208,1.0,0,0,266.0,6.56
full,2026-09-29T23:39:56,NR,n_rules,4,core,compiled:dense,compiled,dense,default,cpu,0,256,4,32,31,32,20240912,ok,,True,3.1187,0.14287,0.13982,0.28269,0.045572,0.045176,0.048096,0.043908,0.05029,10,5,262208,1.0,0,0,270.3,6.8
full,2026-09-29T23:40:03,NR,n_rules,4,core,xla:dense,xla,dense,default,cpu,0,256,4,32,31,32,20240912,ok,,True,3.5221,0.10549,0.15839,0.26388,0.039416,0.038056,0.041981,0.037417,0.044384,10,5,262208,1.0,0,0,298.0,6.87
full,2026-09-29T23:40:10,NR,n_rules,4,core,while_loop:dense,while_loop,dense,default,cpu,0,256,4,32,31,32,20240912,ok,,True,3.5404,0.1103,0.18886,0.29916,0.03107,0.030419,0.031218,0.029545,0.032022,10,5,262208,1.0,0,0,271.7,6.44
full,2026-09-29T23:40:16,NR,n_rules,4,core,while_loop_xla:dense,while_loop_xla,dense,default,cpu,0,256,4,32,31,32,20240912,ok,,True,3.236,0.12702,0.26034,0.38736,0.026999,0.026373,0.028125,0.026317,0.02871,10,5,262208,1.0,0,0,299.5,6.0
full,2026-09-29T23:40:23,NR,n_rules,4,core,unrolled:dense,unrolled,dense,default,cpu,0,256,4,32,31,32,20240912,ok,,True,3.4531,0.84534,0.96,1.8053,0.029952,0.029167,0.030779,0.028661,0.031826,10,5,262208,1.0,0,0,289.7,7.79
full,2026-09-29T23:40:30,NR,n_rules,4,core,compiled:lc2,compiled,lc2,default,cpu,0,256,4,32,31,32,20240912,ok,,True,3.4538,0.14515,0.17826,0.32341,0.053517,0.051602,0.056092,0.047506,0.057028,10,2,262208,1.0,0,0,275.6,5.82
full,2026-09-29T23:40:36,NR,n_rules,4,core,xla:lc2,xla,lc2,default,cpu,0,256,4,32,31,32,20240912,ok,,True,3.249,0.15012,0.21136,0.36148,0.049979,0.049715,0.053978,0.048992,0.060126,10,2,262208,1.0,0,0,300.9,5.54
full,2026-09-29T23:40:42,NR,n_rules,4,core,compiled:lc3,compiled,lc3,default,cpu,0,256,4,32,31,32,20240912,ok,,True,3.47,0.12249,0.12879,0.25128,0.035123,0.03401,0.036077,0.033571,0.037319,10,5,1088,0.004,0,0,268.1,6.52
full,2026-09-29T23:40:48,NR,n_rules,4,core,compiled:elem,compiled,elem,default,cpu,0,256,4,32,31,32,20240912,ok,,True,3.1532,0.1197,0.10303,0.22273,0.036346,0.035431,0.038405,0.034192,0.038847,10,5,1088,0.004,0,0,269.1,6.33
full,2026-09-29T23:40:54,NR,n_rules,4,core,xla:elem,xla,elem,default,cpu,0,256,4,32,31,32,20240912,ok,,True,3.3268,0.12896,0.18079,0.30975,0.029952,0.02699,0.032727,0.026605,0.036663,10,5,1088,0.004,0,0,295.2,6.19
full,2026-09-29T23:41:01,NR,n_rules,4,core,while_loop_xla:elem,while_loop_xla,elem,default,cpu,0,256,4,32,31,32,20240912,ok,,True,3.7074,0.11952,0.22385,0.34337,0.016198,0.015567,0.016564,0.01526,0.017125,10,10,1088,0.004,0,0,298.5,6.71
full,2026-09-29T23:41:07,NR,n_rules,4,core,numpy,numpy,,single,cpu,0,256,4,32,31,32,20240912,ok,,True,3.4632,8e-06,0.0041528,0.0041608,0.0048237,0.0041391,0.0050812,0.003852,0.005869,10,50,,,1,1,240.2,6.95
full,2026-09-29T23:41:14,NR,n_rules,4,core,numpy_lut,numpy_lut,,single,cpu,0,256,4,32,31,32,20240912,ok,,True,3.5303,7.98e-05,0.0031263,0.0032061,0.0034021,0.0032579,0.0035806,0.003057,0.0037486,10,50,,,1,1,240.9,6.23
full,2026-09-29T23:41:21,NR,n_rules,4,core,predict:lc1,predict,lc1,single,cpu,0,256,4,32,31,32,20240912,ok,,True,3.8103,0.93101,2.9701,3.9012,1.2653,1.1957,1.3251,1.088,1.5479,10,1,1088,0.004,1,1,418.8,22.71
full,2026-09-29T23:41:43,NR,n_rules,4,core,eager:lc1,eager,lc1,single,cpu,0,256,4,32,31,32,20240912,ok,,True,3.2557,0.54387,3.264,3.8079,3.3797,3.3225,3.4801,3.1608,3.4876,10,1,1088,0.004,1,1,292.8,45.18
full,2026-09-29T23:42:28,NR,n_rules,4,core,compiled:lc1,compiled,lc1,single,cpu,0,256,4,32,31,32,20240912,ok,,True,3.0871,0.55613,1.238,1.7941,0.068783,0.063163,0.073196,0.057461,0.082208,10,2,1088,0.004,1,1,287.3,7.28
full,2026-09-29T23:42:36,NR,n_rules,4,core,xla:lc1,xla,lc1,single,cpu,0,256,4,32,31,32,20240912,ok,,True,3.2802,0.52848,1.4854,2.0138,0.050963,0.045552,0.052065,0.042382,0.054677,10,2,1088,0.004,1,1,339.5,7.27
full,2026-09-29T23:42:43,NR,n_rules,4,core,while_loop:lc1,while_loop,lc1,single,cpu,0,256,4,32,31,32,20240912,ok,,True,3.642,0.64768,1.2464,1.8941,0.050608,0.047817,0.055597,0.043753,0.057541,10,5,1088,0.004,1,1,292.0,9.2
full,2026-09-29T23:42:52,NR,n_rules,4,core,while_loop_xla:lc1,while_loop_xla,lc1,single,cpu,0,256,4,32,31,32,20240912,ok,,True,3.5972,0.5857,1.4179,2.0036,0.037383,0.033054,0.040131,0.030066,0.042134,10,5,1088,0.004,1,1,347.2,8.47
full,2026-09-29T23:43:01,NR,n_rules,4,core,unrolled:lc1,unrolled,lc1,single,cpu,0,256,4,32,31,32,20240912,ok,,True,3.5263,16.903,35.602,52.505,0.049751,0.049455,0.049904,0.048213,0.050134,10,2,1088,0.004,1,1,1167.5,58.8
full,2026-09-29T23:43:59,NR,n_rules,4,core,predict:dense,predict,dense,single,cpu,0,256,4,32,31,32,20240912,ok,,True,3.2288,0.12857,1.4728,1.6014,1.2936,1.1527,1.3366,1.0964,1.5767,10,1,262208,1.0,1,1,397.6,20.02
full,2026-09-29T23:44:20,NR,n_rules,4,core,eager:dense,eager,dense,single,cpu,0,256,4,32,31,32,20240912,ok,,True,3.106,0.13934,0.21778,0.35712,0.16127,0.15134,0.17041,0.14561,0.19354,10,1,262208,1.0,1,1,260.1,5.97
full,2026-09-29T23:44:25,NR,n_rules,4,core,compiled:dense,compiled,dense,single,cpu,0,256,4,32,31,32,20240912,ok,,True,3.4502,0.11774,0.1333,0.25104,0.039232,0.037531,0.041321,0.037371,0.04397,10,5,262208,1.0,1,1,265.6,6.81
full,2026-09-29T23:44:32,NR,n_rules,4,core,xla:dense,xla,dense,single,cpu,0,256,4,32,31,32,20240912,ok,,True,3.181,0.13852,0.2109,0.34942,0.047594,0.044127,0.055317,0.043416,0.064451,10,2,262208,1.0,1,1,290.6,5.49
full,2026-09-29T23:44:38,NR,n_rules,4,core,while_loop:dense,while_loop,dense,single,cpu,0,256,4,32,31,32,20240912,ok,,True,3.1371,0.11725,0.1698,0.28705,0.027925,0.026545,0.02948,0.026178,0.031064,10,5,262208,1.0,1,1,266.7,5.74
full,2026-09-29T23:44:44,NR,n_rules,4,core,while_loop_xla:dense,while_loop_xla,dense,single,cpu,0,256,4,32,31,32,20240912,ok,,True,3.3398,0.14326,0.29688,0.44014,0.037458,0.036355,0.038759,0.035584,0.045288,10,5,262208,1.0,1,1,293.8,6.73
full,2026-09-29T23:44:50,NR,n_rules,4,core,unrolled:dense,unrolled,dense,single,cpu,0,256,4,32,31,32,20240912,ok,,True,3.2255,0.90093,1.1486,2.0495,0.044889,0.036095,0.059671,0.032323,0.068033,10,5,262208,1.0,1,1,284.2,8.74
full,2026-09-29T23:44:59,NR,n_rules,4,core,compiled:lc2,compiled,lc2,single,cpu,0,256,4,32,31,32,20240912,ok,,True,3.525,0.15076,0.22447,0.37523,0.082824,0.071744,0.089675,0.069342,0.094617,10,2,262208,1.0,1,1,270.0,6.53
full,2026-09-29T23:45:06,NR,n_rules,4,core,xla:lc2,xla,lc2,single,cpu,0,256,4,32,31,32,20240912,ok,,True,3.5542,0.12874,0.18767,0.31641,0.058321,0.056615,0.058653,0.054834,0.064647,10,2,262208,1.0,1,1,294.2,6.01
full,2026-09-29T23:45:12,NR,n_rules,4,core,compiled:lc3,compiled,lc3,single,cpu,0,256,4,32,31,32,20240912,ok,,True,3.2831,0.14055,0.16111,0.30167,0.047652,0.046316,0.051246,0.037013,0.053428,10,5,1088,0.004,1,1,263.9,7.08
full,2026-09-29T23:45:19,NR,n_rules,4,core,compiled:elem,compiled,elem,single,cpu,0,256,4,32,31,32,20240912,ok,,True,3.2542,0.14543,0.12234,0.26776,0.033335,0.032766,0.035452,0.031741,0.037862,10,5,1088,0.004,1,1,262.7,6.25
full,2026-09-29T23:45:25,NR,n_rules,4,core,xla:elem,xla,elem,single,cpu,0,256,4,32,31,32,20240912,ok,,True,3.442,0.12553,0.15919,0.28472,0.040043,0.038881,0.042679,0.037297,0.051063,10,2,1088,0.004,1,1,289.5,5.48
full,2026-09-29T23:45:30,NR,n_rules,4,core,while_loop_xla:elem,while_loop_xla,elem,single,cpu,0,256,4,32,31,32,20240912,ok,,True,3.2575,0.1126,0.20808,0.32068,0.036645,0.034225,0.037406,0.029865,0.040603,10,5,1088,0.004,1,1,293.4,6.35
full,2026-09-29T23:45:37,NR,n_rules,8,core,cellpylib,cellpylib,,default,cpu,0,256,8,32,31,32,20240912,ok,,True,3.9199,1.03e-05,5.6646,5.6646,5.74,5.4671,5.872,5.2325,5.9938,10,1,,,0,0,264.9,72.5
full,2026-09-29T23:46:49,NR,n_rules,8,core,numpy,numpy,,default,cpu,0,256,8,32,31,32,20240912,ok,,True,3.3456,1.01e-05,0.0039394,0.0039495,0.0045856,0.0036589,0.0051043,0.0034299,0.005832,10,50,,,0,0,241.9,6.62
full,2026-09-29T23:46:56,NR,n_rules,8,core,numpy_lut,numpy_lut,,default,cpu,0,256,8,32,31,32,20240912,ok,,True,3.5502,0.0001994,0.0058679,0.0060673,0.0032673,0.0030544,0.0034462,0.0028429,0.0039705,10,50,,,0,0,241.5,6.19
full,2026-09-29T23:47:02,NR,n_rules,8,core,predict:lc1,predict,lc1,default,cpu,0,256,8,32,31,32,20240912,ok,,True,3.4849,0.65275,2.7286,3.3814,1.2714,1.2115,1.4331,1.0891,1.5701,10,1,2144,0.008,0,0,422.4,22.2
full,2026-09-29T23:47:24,NR,n_rules,8,core,eager:lc1,eager,lc1,default,cpu,0,256,8,32,31,32,20240912,ok,,True,3.5658,0.72436,3.6143,4.3387,3.5892,3.4804,3.7011,3.3798,3.8843,10,1,2144,0.008,0,0,298.5,48.83
full,2026-09-29T23:48:13,NR,n_rules,8,core,compiled:lc1,compiled,lc1,default,cpu,0,256,8,32,31,32,20240912,ok,,True,3.3767,0.60632,1.2879,1.8942,0.053879,0.051328,0.056316,0.049531,0.057655,10,2,2144,0.008,0,0,293.7,7.34
full,2026-09-29T23:48:20,NR,n_rules,8,core,xla:lc1,xla,lc1,default,cpu,0,256,8,32,31,32,20240912,ok,,True,3.1952,0.63913,1.3486,1.9877,0.039829,0.039107,0.040519,0.037074,0.041461,10,5,2144,0.008,0,0,347.4,8.2
full,2026-09-29T23:48:29,NR,n_rules,8,core,while_loop:lc1,while_loop,lc1,default,cpu,0,256,8,32,31,32,20240912,ok,,True,3.1097,0.51293,1.3147,1.8277,0.041161,0.039883,0.043367,0.039306,0.044667,10,5,2144,0.008,0,0,296.6,8.06
full,2026-09-29T23:48:37,NR,n_rules,8,core,while_loop_xla:lc1,while_loop_xla,lc1,default,cpu,0,256,8,32,31,32,20240912,ok,,True,3.4086,0.51564,1.431,1.9466,0.021165,0.021079,0.021441,0.020932,0.021816,10,5,2144,0.008,0,0,355.1,7.31
full,2026-09-29T23:48:44,NR,n_rules,8,core,unrolled:lc1,unrolled,lc1,default,cpu,0,256,8,32,31,32,20240912,ok,,True,3.1463,15.223,34.432,49.655,0.038285,0.036737,0.040823,0.035496,0.04239,10,5,2144,0.008,0,0,1174.8,56.52
full,2026-09-29T23:49:40,NR,n_rules,8,core,predict:dense,predict,dense,default,cpu,0,256,8,32,31,32,20240912,ok,,True,3.0918,0.12391,1.3621,1.486,1.1687,1.1552,1.2544,1.105,1.3321,10,1,524384,2.0,0,0,404.6,18.57
full,2026-09-29T23:49:59,NR,n_rules,8,core,eager:dense,eager,dense,default,cpu,0,256,8,32,31,32,20240912,ok,,True,3.1387,0.14486,0.19906,0.34392,0.15598,0.15425,0.16666,0.15007,0.17571,10,1,524384,2.0,0,0,267.1,5.95
full,2026-09-29T23:50:05,NR,n_rules,8,core,compiled:dense,compiled,dense,default,cpu,0,256,8,32,31,32,20240912,ok,,True,3.1147,0.12778,0.14722,0.275,0.04702,0.046096,0.047662,0.04215,0.050087,10,5,524384,2.0,0,0,270.6,6.83
full,2026-09-29T23:50:12,NR,n_rules,8,core,xla:dense,xla,dense,default,cpu,0,256,8,32,31,32,20240912,ok,,True,3.186,0.13886,0.18337,0.32223,0.050621,0.049981,0.053169,0.046534,0.056309,10,2,524384,2.0,0,0,297.5,5.5
full,2026-09-29T23:50:17,NR,n_rules,8,core,while_loop:dense,while_loop,dense,default,cpu,0,256,8,32,31,32,20240912,ok,,True,3.5361,0.15706,0.23672,0.39378,0.032922,0.032433,0.033309,0.032341,0.034335,10,5,524384,2.0,0,0,274.0,6.55
full,2026-09-29T23:50:24,NR,n_rules,8,core,while_loop_xla:dense,while_loop_xla,dense,default,cpu,0,256,8,32,31,32,20240912,ok,,True,3.0595,0.11478,0.24519,0.35997,0.03233,0.031742,0.034533,0.03154,0.035651,10,5,524384,2.0,0,0,300.5,6.03
full,2026-09-29T23:50:30,NR,n_rules,8,core,unrolled:dense,unrolled,dense,default,cpu,0,256,8,32,31,32,20240912,ok,,True,3.1419,0.86891,0.98379,1.8527,0.032327,0.031514,0.032519,0.030435,0.033096,10,5,524384,2.0,0,0,290.3,7.58
full,2026-09-29T23:50:37,NR,n_rules,8,core,compiled:lc2,compiled,lc2,default,cpu,0,256,8,32,31,32,20240912,ok,,True,3.5653,0.14458,0.1471,0.29168,0.058443,0.055656,0.063927,0.054384,0.067524,10,2,524384,2.0,0,0,279.3,5.94
full,2026-09-29T23:50:43,NR,n_rules,8,core,xla:lc2,xla,lc2,default,cpu,0,256,8,32,31,32,20240912,ok,,True,3.0313,0.13927,0.24257,0.38184,0.066186,0.064669,0.06678,0.061972,0.069427,10,2,524384,2.0,0,0,302.9,5.68
full,2026-09-29T23:50:49,NR,n_rules,8,core,compiled:lc3,compiled,lc3,default,cpu,0,256,8,32,31,32,20240912,ok,,True,3.2548,0.16549,0.12528,0.29076,0.034476,0.033388,0.035482,0.03294,0.036452,10,5,2144,0.008,0,0,269.9,6.26
full,2026-09-29T23:50:55,NR,n_rules,8,core,compiled:elem,compiled,elem,default,cpu,0,256,8,32,31,32,20240912,ok,,True,3.1613,0.12227,0.1208,0.24308,0.034581,0.03417,0.03567,0.032827,0.042017,10,5,2144,0.008,0,0,268.3,6.15
full,2026-09-29T23:51:02,NR,n_rules,8,core,xla:elem,xla,elem,default,cpu,0,256,8,32,31,32,20240912,ok,,True,3.0537,0.1325,0.1366,0.2691,0.029508,0.028489,0.02983,0.027858,0.03073,10,5,2144,0.008,0,0,295.3,5.71
full,2026-09-29T23:51:07,NR,n_rules,8,core,while_loop_xla:elem,while_loop_xla,elem,default,cpu,0,256,8,32,31,32,20240912,ok,,True,3.3305,0.1379,0.2461,0.38399,0.016486,0.016294,0.017022,0.015979,0.017123,10,10,2144,0.008,0,0,298.6,6.39
full,2026-09-29T23:51:14,NR,n_rules,8,core,numpy,numpy,,single,cpu,0,256,8,32,31,32,20240912,ok,,True,3.0537,7.1e-06,0.0038135,0.0038206,0.0040192,0.0037721,0.0040963,0.003756,0.0047427,10,50,,,1,1,240.0,6.05
full,2026-09-29T23:51:20,NR,n_rules,8,core,numpy_lut,numpy_lut,,single,cpu,0,256,8,32,31,32,20240912,ok,,True,3.3793,0.0001169,0.0030856,0.0032025,0.0031245,0.0029647,0.0031567,0.0028098,0.0033277,10,50,,,1,1,240.3,5.86
full,2026-09-29T23:51:26,NR,n_rules,8,core,predict:lc1,predict,lc1,single,cpu,0,256,8,32,31,32,20240912,ok,,True,3.3698,0.61273,2.9647,3.5774,1.3186,1.2008,1.3883,1.1227,1.5478,10,1,2144,0.008,1,1,416.3,22.05
full,2026-09-29T23:51:48,NR,n_rules,8,core,eager:lc1,eager,lc1,single,cpu,0,256,8,32,31,32,20240912,ok,,True,3.532,0.59734,3.6028,4.2001,3.692,3.5581,3.8316,3.4189,3.891,10,1,2144,0.008,1,1,292.9,48.55
full,2026-09-29T23:52:36,NR,n_rules,8,core,compiled:lc1,compiled,lc1,single,cpu,0,256,8,32,31,32,20240912,ok,,True,3.4761,0.59809,1.4501,2.0482,0.065533,0.060864,0.07076,0.057782,0.075669,10,2,2144,0.008,1,1,287.3,7.85
full,2026-09-29T23:52:44,NR,n_rules,8,core,xla:lc1,xla,lc1,single,cpu,0,256,8,32,31,32,20240912,ok,,True,3.2291,0.65434,1.1857,1.8401,0.070946,0.065363,0.075916,0.057933,0.079486,10,2,2144,0.008,1,1,342.5,7.5
full,2026-09-29T23:52:51,NR,n_rules,8,core,while_loop:lc1,while_loop,lc1,single,cpu,0,256,8,32,31,32,20240912,ok,,True,3.3348,0.56983,1.5725,2.1423,0.045525,0.044461,0.048055,0.040807,0.055815,10,5,2144,0.008,1,1,291.0,9.0
full,2026-09-29T23:53:00,NR,n_rules,8,core,while_loop_xla:lc1,while_loop_xla,lc1,single,cpu,0,256,8,32,31,32,20240912,ok,,True,3.4153,0.54234,1.6924,2.2348,0.031366,0.030746,0.033215,0.030057,0.034226,10,5,2144,0.008,1,1,349.5,8.27
full,2026-09-29T23:53:09,NR,n_rules,8,core,unrolled:lc1,unrolled,lc1,single,cpu,0,256,8,32,31,32,20240912,ok,,True,3.6405,15.84,35.297,51.137,0.053701,0.052562,0.057725,0.050513,0.062617,10,2,2144,0.008,1,1,1160.6,57.66
full,2026-09-29T23:54:06,NR,n_rules,8,core,predict:dense,predict,dense,single,cpu,0,256,8,32,31,32,20240912,ok,,True,3.1599,0.12536,1.7665,1.8919,1.31,1.2142,1.4066,1.1605,1.5523,10,1,524384,2.0,1,1,399.9,20.48
full,2026-09-29T23:54:27,NR,n_rules,8,core,eager:dense,eager,dense,single,cpu,0,256,8,32,31,32,20240912,ok,,True,3.4603,0.14136,0.21362,0.35497,0.17422,0.16729,0.1845,0.15701,0.19532,10,1,524384,2.0,1,1,261.1,6.51
full,2026-09-29T23:54:33,NR,n_rules,8,core,compiled:dense,compiled,dense,single,cpu,0,256,8,32,31,32,20240912,ok,,True,3.2664,0.13647,0.14334,0.27982,0.055245,0.054957,0.058665,0.045467,0.063437,10,5,524384,2.0,1,1,265.8,7.46
full,2026-09-29T23:54:41,NR,n_rules,8,core,xla:dense,xla,dense,single,cpu,0,256,8,32,31,32,20240912,ok,,True,3.6014,0.16212,0.19022,0.35234,0.054426,0.05084,0.058967,0.050127,0.069017,10,2,524384,2.0,1,1,291.8,5.95
full,2026-09-29T23:54:47,NR,n_rules,8,core,while_loop:dense,while_loop,dense,single,cpu,0,256,8,32,31,32,20240912,ok,,True,3.3112,0.13386,0.19947,0.33333,0.043699,0.037371,0.048363,0.035885,0.052366,10,5,524384,2.0,1,1,268.2,6.86
full,2026-09-29T23:54:54,NR,n_rules,8,core,while_loop_xla:dense,while_loop_xla,dense,single,cpu,0,256,8,32,31,32,20240912,ok,,True,3.714,0.2206,0.3321,0.5527,0.041897,0.039514,0.043472,0.039183,0.04814,10,5,524384,2.0,1,1,295.4,7.49
full,2026-09-29T23:55:01,NR,n_rules,8,core,unrolled:dense,unrolled,dense,single,cpu,0,256,8,32,31,32,20240912,ok,,True,3.7434,0.78698,1.1652,1.9521,0.040528,0.035226,0.042964,0.033677,0.044002,10,5,524384,2.0,1,1,284.5,8.73
full,2026-09-29T23:55:10,NR,n_rules,8,core,compiled:lc2,compiled,lc2,single,cpu,0,256,8,32,31,32,20240912,ok,,True,3.5381,0.15918,0.19989,0.35907,0.096728,0.085842,0.10489,0.081726,0.11574,10,1,524384,2.0,1,1,271.5,5.66
full,2026-09-29T23:55:16,NR,n_rules,8,core,xla:lc2,xla,lc2,single,cpu,0,256,8,32,31,32,20240912,ok,,True,3.3087,0.12885,0.22794,0.35678,0.095444,0.082384,0.10253,0.070839,0.11411,10,2,524384,2.0,1,1,296.0,6.58
full,2026-09-29T23:55:22,NR,n_rules,8,core,compiled:lc3,compiled,lc3,single,cpu,0,256,8,32,31,32,20240912,ok,,True,3.4982,0.16598,0.15901,0.32499,0.038349,0.036795,0.042359,0.035428,0.046149,10,5,2144,0.008,1,1,264.6,6.92
full,2026-09-29T23:55:29,NR,n_rules,8,core,compiled:elem,compiled,elem,single,cpu,0,256,8,32,31,32,20240912,ok,,True,3.5606,0.13043,0.12722,0.25764,0.042413,0.039486,0.045401,0.03533,0.048983,10,5,2144,0.008,1,1,262.5,7.03
full,2026-09-29T23:55:36,NR,n_rules,8,core,xla:elem,xla,elem,single,cpu,0,256,8,32,31,32,20240912,ok,,True,3.1806,0.12536,0.16165,0.28701,0.049994,0.04887,0.052057,0.048248,0.057774,10,5,2144,0.008,1,1,289.0,7.13
full,2026-09-29T23:55:43,NR,n_rules,8,core,while_loop_xla:elem,while_loop_xla,elem,single,cpu,0,256,8,32,31,32,20240912,ok,,True,3.3981,0.11022,0.27139,0.38161,0.027582,0.026461,0.027964,0.02519,0.028706,10,5,2144,0.008,1,1,291.6,6.13
full,2026-09-29T23:55:49,NR,n_rules,16,core,cellpylib,cellpylib,,default,cpu,0,256,16,32,31,32,20240912,ok,,True,3.8958,8.2e-06,5.6689,5.6689,5.4326,5.3065,5.573,5.2198,6.2378,10,1,,,0,0,265.1,71.78
full,2026-09-29T23:57:01,NR,n_rules,16,core,numpy,numpy,,default,cpu,0,256,16,32,31,32,20240912,ok,,True,4.8807,1.23e-05,0.0043738,0.0043861,0.0038584,0.0036274,0.0039665,0.0035134,0.0047343,10,50,,,0,0,241.1,7.9
full,2026-09-29T23:57:09,NR,n_rules,16,core,numpy_lut,numpy_lut,,default,cpu,0,256,16,32,31,32,20240912,ok,,True,3.27,0.0002732,0.0054161,0.0056893,0.0040131,0.0037893,0.0042469,0.003056,0.0049547,10,50,,,0,0,241.5,6.33
full,2026-09-29T23:57:15,NR,n_rules,16,core,predict:lc1,predict,lc1,default,cpu,0,256,16,32,31,32,20240912,ok,,True,3.2443,0.61837,2.5251,3.1435,1.3515,1.2243,1.4347,1.1792,1.5048,10,1,4256,0.016,0,0,423.8,22.08
full,2026-09-29T23:57:37,NR,n_rules,16,core,eager:lc1,eager,lc1,default,cpu,0,256,16,32,31,32,20240912,ok,,True,3.1871,0.59453,3.8171,4.4116,3.5193,3.5034,3.6181,3.4219,3.9465,10,1,4256,0.016,0,0,298.5,47.76
full,2026-09-29T23:58:25,NR,n_rules,16,core,compiled:lc1,compiled,lc1,default,cpu,0,256,16,32,31,32,20240912,ok,,True,3.4089,0.6157,1.1684,1.7841,0.062973,0.05762,0.068923,0.055736,0.071971,10,5,4256,0.016,0,0,293.6,9.62
full,2026-09-29T23:58:35,NR,n_rules,16,core,xla:lc1,xla,lc1,default,cpu,0,256,16,32,31,32,20240912,ok,,True,3.3762,0.67267,1.2159,1.8886,0.050876,0.049806,0.051673,0.048681,0.055962,10,2,4256,0.016,0,0,345.3,7.25
full,2026-09-29T23:58:42,NR,n_rules,16,core,while_loop:lc1,while_loop,lc1,default,cpu,0,256,16,32,31,32,20240912,ok,,True,3.5292,0.53119,1.3728,1.904,0.037593,0.037012,0.038839,0.03691,0.039819,10,5,4256,0.016,0,0,298.4,8.38
full,2026-09-29T23:58:50,NR,n_rules,16,core,while_loop_xla:lc1,while_loop_xla,lc1,default,cpu,0,256,16,32,31,32,20240912,ok,,True,3.3277,0.67143,1.6144,2.2858,0.028311,0.027887,0.029043,0.027298,0.031363,10,5,4256,0.016,0,0,355.3,8.07
full,2026-09-29T23:58:59,NR,n_rules,16,core,unrolled:lc1,unrolled,lc1,default,cpu,0,256,16,32,31,32,20240912,ok,,True,3.217,16.245,35.989,52.235,0.039518,0.038587,0.040271,0.03756,0.042199,10,5,4256,0.016,0,0,1175.9,59.52
full,2026-09-29T23:59:58,NR,n_rules,16,core,predict:dense,predict,dense,default,cpu,0,256,16,32,31,32,20240912,ok,,True,4.157,0.22423,2.3573,2.5815,1.5784,1.5194,1.623,1.3043,1.7984,10,1,1048736,4.0,0,0,407.3,25.24
full,2026-09-30T00:00:23,NR,n_rules,16,core,eager:dense,eager,dense,default,cpu,0,256,16,32,31,32,20240912,ok,,True,3.8834,0.18007,0.24841,0.42848,0.22922,0.22265,0.24216,0.20378,0.26775,10,1,1048736,4.0,0,0,269.3,7.89
full,2026-09-30T00:00:31,NR,n_rules,16,core,compiled:dense,compiled,dense,default,cpu,0,256,16,32,31,32,20240912,ok,,True,4.4038,0.16363,0.18416,0.34779,0.072237,0.07034,0.076755,0.067807,0.081231,10,2,1048736,4.0,0,0,272.7,7.43
full,2026-09-30T00:00:39,NR,n_rules,16,core,xla:dense,xla,dense,default,cpu,0,256,16,32,31,32,20240912,ok,,True,4.1138,0.14053,0.22005,0.36059,0.074718,0.073662,0.076745,0.070075,0.078839,10,2,1048736,4.0,0,0,299.5,7.13
full,2026-09-30T00:00:46,NR,n_rules,16,core,while_loop:dense,while_loop,dense,default,cpu,0,256,16,32,31,32,20240912,ok,,True,4.4551,0.17597,0.28971,0.46568,0.04792,0.047236,0.048157,0.043607,0.050249,10,5,1048736,4.0,0,0,275.8,8.65
full,2026-09-30T00:00:54,NR,n_rules,16,core,while_loop_xla:dense,while_loop_xla,dense,default,cpu,0,256,16,32,31,32,20240912,ok,,True,4.5405,0.14093,0.38028,0.52122,0.051824,0.049469,0.055122,0.045097,0.060737,10,2,1048736,4.0,0,0,304.0,7.18
full,2026-09-30T00:01:02,NR,n_rules,16,core,unrolled:dense,unrolled,dense,default,cpu,0,256,16,32,31,32,20240912,ok,,True,3.9327,1.1176,1.385,2.5025,0.045975,0.045122,0.047231,0.044167,0.0478,10,5,1048736,4.0,0,0,293.3,10.03
full,2026-09-30T00:01:12,NR,n_rules,16,core,compiled:lc2,compiled,lc2,default,cpu,0,256,16,32,31,32,20240912,ok,,True,3.8346,0.18263,0.27299,0.45562,0.13652,0.13108,0.13879,0.12076,0.14687,10,1,1048736,4.0,0,0,282.9,6.62
full,2026-09-30T00:01:18,NR,n_rules,16,core,xla:lc2,xla,lc2,default,cpu,0,256,16,32,31,32,20240912,ok,,True,3.9307,0.13736,0.27298,0.41034,0.10361,0.10082,0.10598,0.093695,0.10803,10,2,1048736,4.0,0,0,307.3,7.63
full,2026-09-30T00:01:26,NR,n_rules,16,core,compiled:lc3,compiled,lc3,default,cpu,0,256,16,32,31,32,20240912,ok,,True,3.9543,0.38886,0.23363,0.6225,0.058474,0.056582,0.058781,0.055237,0.063804,10,2,4256,0.016,0,0,270.1,6.96
full,2026-09-30T00:01:33,NR,n_rules,16,core,compiled:elem,compiled,elem,default,cpu,0,256,16,32,31,32,20240912,ok,,True,4.1964,0.16805,0.13242,0.30047,0.042168,0.040514,0.04353,0.038109,0.050244,10,5,4256,0.016,0,0,268.2,7.85
full,2026-09-30T00:01:41,NR,n_rules,16,core,xla:elem,xla,elem,default,cpu,0,256,16,32,31,32,20240912,ok,,True,3.9365,0.17023,0.18213,0.35237,0.039936,0.038614,0.040491,0.036577,0.043785,10,5,4256,0.016,0,0,295.5,7.38
full,2026-09-30T00:01:48,NR,n_rules,16,core,while_loop_xla:elem,while_loop_xla,elem,default,cpu,0,256,16,32,31,32,20240912,ok,,True,3.8584,0.16398,0.25655,0.42053,0.018072,0.017527,0.018211,0.01681,0.018788,10,10,4256,0.016,0,0,299.1,7.22
full,2026-09-30T00:01:55,NR,n_rules,16,core,numpy,numpy,,single,cpu,0,256,16,32,31,32,20240912,ok,,True,3.4572,1.22e-05,0.0066794,0.0066916,0.0043506,0.0041577,0.0045013,0.0038601,0.0047535,10,50,,,1,1,240.3,6.77
full,2026-09-30T00:02:02,NR,n_rules,16,core,numpy_lut,numpy_lut,,single,cpu,0,256,16,32,31,32,20240912,ok,,True,3.5042,0.0001447,0.0032912,0.0034359,0.0035881,0.0031944,0.0037722,0.0028969,0.0040232,10,50,,,1,1,241.0,6.38
full,2026-09-30T00:02:08,NR,n_rules,16,core,predict:lc1,predict,lc1,single,cpu,0,256,16,32,31,32,20240912,ok,,True,3.3762,0.54974,2.6115,3.1613,1.8044,1.525,2.6485,1.2874,3.3191,10,1,4256,0.016,1,1,417.1,29.88
full,2026-09-30T00:02:38,NR,n_rules,16,core,eager:lc1,eager,lc1,single,cpu,0,256,16,32,31,32,20240912,ok,,True,3.5071,0.59744,3.6895,4.287,3.5773,3.5284,3.631,3.2848,3.8415,10,1,4256,0.016,1,1,292.4,48.35
full,2026-09-30T00:03:27,NR,n_rules,16,core,compiled:lc1,compiled,lc1,single,cpu,0,256,16,32,31,32,20240912,ok,,True,3.4858,0.60535,1.2877,1.8931,0.054496,0.053417,0.055669,0.052573,0.060524,10,2,4256,0.016,1,1,287.6,7.42
full,2026-09-30T00:03:34,NR,n_rules,16,core,xla:lc1,xla,lc1,single,cpu,0,256,16,32,31,32,20240912,ok,,True,3.3933,0.61628,1.6313,2.2476,0.078373,0.069256,0.09303,0.061782,0.10328,10,2,4256,0.016,1,1,339.7,8.24
full,2026-09-30T00:03:42,NR,n_rules,16,core,while_loop:lc1,while_loop,lc1,single,cpu,0,256,16,32,31,32,20240912,ok,,True,3.3411,0.5278,1.5452,2.073,0.057744,0.049313,0.067907,0.044915,0.071114,10,5,4256,0.016,1,1,292.4,9.51
full,2026-09-30T00:03:52,NR,n_rules,16,core,while_loop_xla:lc1,while_loop_xla,lc1,single,cpu,0,256,16,32,31,32,20240912,ok,,True,3.3099,0.53421,1.5831,2.1173,0.054223,0.050649,0.059808,0.048679,0.063679,10,5,4256,0.016,1,1,348.7,9.38
full,2026-09-30T00:04:01,NR,n_rules,16,core,unrolled:lc1,unrolled,lc1,single,cpu,0,256,16,32,31,32,20240912,ok,,True,4.1214,15.157,35.663,50.82,0.1267,0.10483,0.12787,0.070548,0.17227,10,1,4256,0.016,1,1,1110.0,58.25
full,2026-09-30T00:04:59,NR,n_rules,16,core,predict:dense,predict,dense,single,cpu,0,256,16,32,31,32,20240912,ok,,True,4.673,0.20076,1.445,1.6458,1.3476,1.3029,1.4012,1.2187,1.4993,10,1,1048736,4.0,1,1,402.0,21.97
full,2026-09-30T00:05:21,NR,n_rules,16,core,eager:dense,eager,dense,single,cpu,0,256,16,32,31,32,20240912,ok,,True,3.0586,0.17994,0.23937,0.41932,0.18912,0.16303,0.19605,0.15496,0.22384,10,1,1048736,4.0,1,1,264.4,6.16
full,2026-09-30T00:05:28,NR,n_rules,16,core,compiled:dense,compiled,dense,single,cpu,0,256,16,32,31,32,20240912,ok,,True,3.4222,0.15786,0.13406,0.29193,0.060395,0.059509,0.064899,0.055095,0.070003,10,2,1048736,4.0,1,1,268.7,5.9
full,2026-09-30T00:05:33,NR,n_rules,16,core,xla:dense,xla,dense,single,cpu,0,256,16,32,31,32,20240912,ok,,True,3.0784,0.15866,0.56862,0.72728,0.11017,0.10616,0.12073,0.10194,0.13122,10,1,1048736,4.0,1,1,292.0,5.79
full,2026-09-30T00:05:39,NR,n_rules,16,core,while_loop:dense,while_loop,dense,single,cpu,0,256,16,32,31,32,20240912,ok,,True,3.3935,0.14668,0.2112,0.35788,0.045731,0.045127,0.047,0.044324,0.053391,10,2,1048736,4.0,1,1,270.8,5.62
full,2026-09-30T00:05:45,NR,n_rules,16,core,while_loop_xla:dense,while_loop_xla,dense,single,cpu,0,256,16,32,31,32,20240912,ok,,True,3.0701,0.15757,0.31883,0.4764,0.06581,0.061829,0.069848,0.060918,0.075301,10,2,1048736,4.0,1,1,297.1,5.84
full,2026-09-30T00:05:51,NR,n_rules,16,core,unrolled:dense,unrolled,dense,single,cpu,0,256,16,32,31,32,20240912,ok,,True,3.4707,0.83259,1.0179,1.8505,0.06006,0.056907,0.061453,0.055817,0.073167,10,5,1048736,4.0,1,1,287.3,9.62
full,2026-09-30T00:06:00,NR,n_rules,16,core,compiled:lc2,compiled,lc2,single,cpu,0,256,16,32,31,32,20240912,ok,,True,3.363,0.16052,0.28671,0.44723,0.15701,0.14868,0.1721,0.14514,0.2133,10,1,1048736,4.0,1,1,274.4,6.35
full,2026-09-30T00:06:07,NR,n_rules,16,core,xla:lc2,xla,lc2,single,cpu,0,256,16,32,31,32,20240912,ok,,True,3.6257,0.20998,0.352,0.56198,0.13812,0.1348,0.14794,0.12669,0.15774,10,1,1048736,4.0,1,1,299.7,6.5
full,2026-09-30T00:06:13,NR,n_rules,16,core,compiled:lc3,compiled,lc3,single,cpu,0,256,16,32,31,32,20240912,ok,,True,3.2706,0.21759,0.17405,0.39164,0.047251,0.044401,0.04992,0.039752,0.052703,10,5,4256,0.016,1,1,265.3,7.19
full,2026-09-30T00:06:20,NR,n_rules,16,core,compiled:elem,compiled,elem,single,cpu,0,256,16,32,31,32,20240912,ok,,True,3.4715,0.12224,0.11432,0.23656,0.044298,0.042307,0.04739,0.035191,0.053394,10,5,4256,0.016,1,1,262.8,7.01
full,2026-09-30T00:06:27,NR,n_rules,16,core,xla:elem,xla,elem,single,cpu,0,256,16,32,31,32,20240912,ok,,True,3.4867,0.13906,0.17678,0.31584,0.044411,0.039249,0.052477,0.037611,0.054596,10,2,4256,0.016,1,1,289.1,5.62
full,2026-09-30T00:06:33,NR,n_rules,16,core,while_loop_xla:elem,while_loop_xla,elem,single,cpu,0,256,16,32,31,32,20240912,ok,,True,3.3071,0.11677,0.22602,0.34279,0.027611,0.026537,0.028174,0.025955,0.029479,10,5,4256,0.016,1,1,292.9,5.99
full,2026-09-30T00:06:39,NR,n_rules,32,core,cellpylib,cellpylib,,default,cpu,0,256,32,32,31,32,20240912,ok,,True,3.9992,7.7e-06,5.0016,5.0016,5.7554,5.5657,5.9275,5.101,6.4745,10,1,,,0,0,264.3,72.99
full,2026-09-30T00:07:52,NR,n_rules,32,core,numpy,numpy,,default,cpu,0,256,32,32,31,32,20240912,ok,,True,3.4863,7.7e-06,0.0038691,0.0038768,0.0038673,0.0036135,0.004139,0.0035194,0.0055518,10,50,,,0,0,242.1,6.54
full,2026-09-30T00:07:59,NR,n_rules,32,core,numpy_lut,numpy_lut,,default,cpu,0,256,32,32,31,32,20240912,ok,,True,3.6474,0.0002507,0.0046042,0.0048549,0.0034812,0.0031754,0.0037458,0.0028121,0.0046964,10,50,,,0,0,241.7,6.56
full,2026-09-30T00:08:05,NR,n_rules,32,core,predict:lc1,predict,lc1,default,cpu,0,256,32,32,31,32,20240912,ok,,True,3.2321,0.61413,2.5152,3.1294,1.5595,1.4315,1.9406,1.2285,2.4673,10,1,8480,0.031,0,0,423.3,25.56
full,2026-09-30T00:08:31,NR,n_rules,32,core,eager:lc1,eager,lc1,default,cpu,0,256,32,32,31,32,20240912,ok,,True,4.1077,0.80163,4.712,5.5136,4.5969,4.5043,4.9231,4.1417,5.1334,10,1,8480,0.031,0,0,299.0,61.46
full,2026-09-30T00:09:32,NR,n_rules,32,core,compiled:lc1,compiled,lc1,default,cpu,0,256,32,32,31,32,20240912,ok,,True,5.0018,0.71075,1.7812,2.4919,0.077438,0.075069,0.079586,0.071256,0.082243,10,2,8480,0.031,0,0,293.2,10.15
full,2026-09-30T00:09:42,NR,n_rules,32,core,xla:lc1,xla,lc1,default,cpu,0,256,32,32,31,32,20240912,ok,,True,3.773,0.52319,1.7674,2.2906,0.071623,0.07025,0.07306,0.063627,0.083089,10,2,8480,0.031,0,0,346.6,8.52
full,2026-09-30T00:09:51,NR,n_rules,32,core,while_loop:lc1,while_loop,lc1,default,cpu,0,256,32,32,31,32,20240912,ok,,True,3.6444,0.57892,1.2602,1.8391,0.061434,0.060683,0.06226,0.058313,0.067387,10,2,8480,0.031,0,0,299.0,7.72
full,2026-09-30T00:09:59,NR,n_rules,32,core,while_loop_xla:lc1,while_loop_xla,lc1,default,cpu,0,256,32,32,31,32,20240912,ok,,True,3.2142,0.72711,1.7744,2.5015,0.032852,0.032297,0.033332,0.031491,0.03574,10,5,8480,0.031,0,0,356.5,8.44
full,2026-09-30T00:10:07,NR,n_rules,32,core,unrolled:lc1,unrolled,lc1,default,cpu,0,256,32,32,31,32,20240912,ok,,True,3.2186,16.004,35.725,51.728,0.069041,0.066885,0.070727,0.063456,0.073108,10,2,8480,0.031,0,0,1117.5,58.51
full,2026-09-30T00:11:05,NR,n_rules,32,core,predict:dense,predict,dense,default,cpu,0,256,32,32,31,32,20240912,ok,,True,4.3862,0.18535,1.4562,1.6415,1.3915,1.2271,1.4631,1.1675,1.6311,10,1,2097440,8.0,0,0,410.4,21.96
full,2026-09-30T00:11:27,NR,n_rules,32,core,eager:dense,eager,dense,default,cpu,0,256,32,32,31,32,20240912,ok,,True,3.3007,0.12441,0.28676,0.41117,0.28865,0.26997,0.29967,0.21431,0.31277,10,1,2097440,8.0,0,0,276.7,7.44
full,2026-09-30T00:11:35,NR,n_rules,32,core,compiled:dense,compiled,dense,default,cpu,0,256,32,32,31,32,20240912,ok,,True,3.4129,0.1417,0.2097,0.3514,0.091408,0.089292,0.095103,0.088379,0.10039,10,2,2097440,8.0,0,0,276.5,6.68
full,2026-09-30T00:11:42,NR,n_rules,32,core,xla:dense,xla,dense,default,cpu,0,256,32,32,31,32,20240912,ok,,True,3.5423,0.13281,0.62208,0.75488,0.098666,0.094034,0.10349,0.091575,0.10572,10,1,2097440,8.0,0,0,303.7,6.26
full,2026-09-30T00:11:48,NR,n_rules,32,core,while_loop:dense,while_loop,dense,default,cpu,0,256,32,32,31,32,20240912,ok,,True,3.2234,0.15409,0.27765,0.43174,0.083085,0.080414,0.085966,0.078003,0.086394,10,2,2097440,8.0,0,0,278.9,6.35
full,2026-09-30T00:11:54,NR,n_rules,32,core,while_loop_xla:dense,while_loop_xla,dense,default,cpu,0,256,32,32,31,32,20240912,ok,,True,3.431,0.14146,0.28058,0.42204,0.055142,0.054012,0.059353,0.051336,0.062431,10,2,2097440,8.0,0,0,307.6,5.9
full,2026-09-30T00:12:00,NR,n_rules,32,core,unrolled:dense,unrolled,dense,default,cpu,0,256,32,32,31,32,20240912,ok,,True,3.3082,0.97475,1.2264,2.2011,0.084035,0.082523,0.087314,0.081039,0.089014,10,2,2097440,8.0,0,0,297.1,8.27
full,2026-09-30T00:12:08,NR,n_rules,32,core,compiled:lc2,compiled,lc2,default,cpu,0,256,32,32,31,32,20240912,ok,,True,3.2548,0.15709,0.28581,0.4429,0.15005,0.1451,0.15832,0.14159,0.16688,10,1,2097440,8.0,0,0,292.1,6.12
full,2026-09-30T00:12:14,NR,n_rules,32,core,xla:lc2,xla,lc2,default,cpu,0,256,32,32,31,32,20240912,ok,,True,3.4177,0.12888,0.30229,0.43117,0.13101,0.12718,0.13774,0.12541,0.14781,10,1,2097440,8.0,0,0,315.8,6.06
full,2026-09-30T00:12:20,NR,n_rules,32,core,compiled:lc3,compiled,lc3,default,cpu,0,256,32,32,31,32,20240912,ok,,True,3.2803,0.3966,0.1932,0.5898,0.080573,0.078834,0.082098,0.076552,0.086131,10,2,8480,0.031,0,0,271.9,6.53
full,2026-09-30T00:12:27,NR,n_rules,32,core,compiled:elem,compiled,elem,default,cpu,0,256,32,32,31,32,20240912,ok,,True,3.1851,0.17976,0.16117,0.34093,0.052723,0.04815,0.055685,0.044298,0.060526,10,2,8480,0.031,0,0,268.4,5.49
full,2026-09-30T00:12:33,NR,n_rules,32,core,xla:elem,xla,elem,default,cpu,0,256,32,32,31,32,20240912,ok,,True,3.6619,0.1264,0.18864,0.31504,0.042782,0.041571,0.046361,0.03986,0.048338,10,5,8480,0.031,0,0,295.0,7.27
full,2026-09-30T00:12:40,NR,n_rules,32,core,while_loop_xla:elem,while_loop_xla,elem,default,cpu,0,256,32,32,31,32,20240912,ok,,True,3.1938,0.11071,0.22505,0.33575,0.020728,0.020335,0.021109,0.020126,0.021901,10,5,8480,0.031,0,0,298.5,5.55
full,2026-09-30T00:12:45,NR,n_rules,32,core,numpy,numpy,,single,cpu,0,256,32,32,31,32,20240912,ok,,True,3.3192,8.7e-06,0.0040444,0.0040531,0.0042153,0.0038215,0.0045476,0.0036778,0.0051249,10,50,,,1,1,240.4,6.55
full,2026-09-30T00:12:52,NR,n_rules,32,core,numpy_lut,numpy_lut,,single,cpu,0,256,32,32,31,32,20240912,ok,,True,3.4912,0.0003729,0.0052479,0.0056208,0.003241,0.0029635,0.0034616,0.002841,0.0037615,10,50,,,1,1,240.7,6.05
full,2026-09-30T00:12:58,NR,n_rules,32,core,predict:lc1,predict,lc1,single,cpu,0,256,32,32,31,32,20240912,ok,,True,3.2608,0.54359,2.7422,3.2858,1.3588,1.2271,1.4085,1.1907,1.4666,10,1,8480,0.031,1,1,419.0,22.09
full,2026-09-30T00:13:20,NR,n_rules,32,core,eager:lc1,eager,lc1,single,cpu,0,256,32,32,31,32,20240912,ok,,True,3.4188,0.55797,4.0266,4.5846,3.6688,3.5564,3.7294,3.5117,3.9522,10,1,8480,0.031,1,1,292.7,48.89
full,2026-09-30T00:14:09,NR,n_rules,32,core,compiled:lc1,compiled,lc1,single,cpu,0,256,32,32,31,32,20240912,ok,,True,3.1548,0.56077,1.4048,1.9656,0.093411,0.083299,0.10652,0.079125,0.1222,10,1,8480,0.031,1,1,287.3,6.92
full,2026-09-30T00:14:16,NR,n_rules,32,core,xla:lc1,xla,lc1,single,cpu,0,256,32,32,31,32,20240912,ok,,True,3.4782,0.51103,1.2008,1.7118,0.10002,0.094141,0.10539,0.072835,0.12213,10,2,8480,0.031,1,1,340.4,8.23
full,2026-09-30T00:14:24,NR,n_rules,32,core,while_loop:lc1,while_loop,lc1,single,cpu,0,256,32,32,31,32,20240912,ok,,True,3.4756,0.63176,1.331,1.9628,0.065194,0.062526,0.071468,0.06027,0.087895,10,2,8480,0.031,1,1,292.3,7.84
full,2026-09-30T00:14:32,NR,n_rules,32,core,while_loop_xla:lc1,while_loop_xla,lc1,single,cpu,0,256,32,32,31,32,20240912,ok,,True,3.2378,0.75314,2.084,2.8372,0.048123,0.04739,0.049489,0.043356,0.054435,10,5,8480,0.031,1,1,349.0,9.69
full,2026-09-30T00:14:42,NR,n_rules,32,core,unrolled:lc1,unrolled,lc1,single,cpu,0,256,32,32,31,32,20240912,ok,,True,3.2158,17.267,36.142,53.409,0.098138,0.087192,0.11059,0.074247,0.12796,10,1,8480,0.031,1,1,1172.6,59.29
full,2026-09-30T00:15:41,NR,n_rules,32,core,predict:dense,predict,dense,single,cpu,0,256,32,32,31,32,20240912,ok,,True,3.45,0.1911,1.5321,1.7232,1.4666,1.3264,1.5745,1.2325,1.6651,10,1,2097440,8.0,1,1,407.5,22.15
full,2026-09-30T00:16:03,NR,n_rules,32,core,eager:dense,eager,dense,single,cpu,0,256,32,32,31,32,20240912,ok,,True,3.5569,0.27936,0.33367,0.61303,0.24929,0.23697,0.25943,0.23288,0.30794,10,1,2097440,8.0,1,1,271.4,7.8
full,2026-09-30T00:16:11,NR,n_rules,32,core,compiled:dense,compiled,dense,single,cpu,0,256,32,32,31,32,20240912,ok,,True,3.2638,0.20943,0.1831,0.39253,0.14134,0.12292,0.15245,0.10967,0.16997,10,1,2097440,8.0,1,1,271.9,5.93
full,2026-09-30T00:16:17,NR,n_rules,32,core,xla:dense,xla,dense,single,cpu,0,256,32,32,31,32,20240912,ok,,True,7.5028,0.25062,0.31957,0.5702,0.1562,0.15271,0.16296,0.1502,0.18112,10,1,2097440,8.0,1,1,296.7,10.54
full,2026-09-30T00:16:27,NR,n_rules,32,core,while_loop:dense,while_loop,dense,single,cpu,0,256,32,32,31,32,20240912,ok,,True,4.8663,0.19694,0.24312,0.44005,0.10945,0.099968,0.12238,0.09188,0.13115,10,1,2097440,8.0,1,1,272.5,7.63
full,2026-09-30T00:16:35,NR,n_rules,32,core,while_loop_xla:dense,while_loop_xla,dense,single,cpu,0,256,32,32,31,32,20240912,ok,,True,3.8876,0.32624,0.4124,0.73864,0.13352,0.13019,0.13801,0.11234,0.15865,10,1,2097440,8.0,1,1,300.8,6.87
full,2026-09-30T00:16:42,NR,n_rules,32,core,unrolled:dense,unrolled,dense,single,cpu,0,256,32,32,31,32,20240912,ok,,True,3.929,1.1274,1.6011,2.7284,0.14711,0.14025,0.15813,0.12139,0.1628,10,1,2097440,8.0,1,1,290.0,9.04
full,2026-09-30T00:16:51,NR,n_rules,32,core,compiled:lc2,compiled,lc2,single,cpu,0,256,32,32,31,32,20240912,ok,,True,3.6139,0.27439,0.51235,0.78674,0.4427,0.3733,0.46954,0.32516,0.4768,10,1,2097440,8.0,1,1,283.5,9.7
full,2026-09-30T00:17:01,NR,n_rules,32,core,xla:lc2,xla,lc2,single,cpu,0,256,32,32,31,32,20240912,ok,,True,3.767,0.26392,0.83509,1.099,0.29931,0.25999,0.30638,0.2031,0.33361,10,1,2097440,8.0,1,1,308.9,8.78
full,2026-09-30T00:17:09,NR,n_rules,32,core,compiled:lc3,compiled,lc3,single,cpu,0,256,32,32,31,32,20240912,ok,,True,3.8552,0.39379,0.24809,0.64188,0.07822,0.073109,0.084428,0.070564,0.089493,10,2,8480,0.031,1,1,266.2,7.23
full,2026-09-30T00:17:17,NR,n_rules,32,core,compiled:elem,compiled,elem,single,cpu,0,256,32,32,31,32,20240912,ok,,True,3.9177,0.14601,0.12723,0.27324,0.075677,0.071483,0.078084,0.068077,0.079501,10,2,8480,0.031,1,1,262.6,6.82
full,2026-09-30T00:17:23,NR,n_rules,32,core,xla:elem,xla,elem,single,cpu,0,256,32,32,31,32,20240912,ok,,True,4.9611,0.28996,0.71541,1.0054,0.082105,0.074455,0.086817,0.060621,0.094025,10,2,8480,0.031,1,1,287.4,8.81
full,2026-09-30T00:17:32,NR,n_rules,32,core,while_loop_xla:elem,while_loop_xla,elem,single,cpu,0,256,32,32,31,32,20240912,ok,,True,3.982,0.15996,0.34974,0.5097,0.034929,0.031646,0.038096,0.030369,0.039732,10,5,8480,0.031,1,1,293.0,7.41
full,2026-09-30T00:17:40,NR,n_rules,64,core,cellpylib,cellpylib,,default,cpu,0,256,64,32,31,32,20240912,ok,,True,4.1051,8.5e-06,5.8705,5.8705,5.7646,5.3855,5.884,5.0282,6.793,10,1,,,0,0,265.0,73.38
full,2026-09-30T00:18:53,NR,n_rules,64,core,numpy,numpy,,default,cpu,0,256,64,32,31,32,20240912,ok,,True,3.4071,7.4e-06,0.0038813,0.0038887,0.0046865,0.0041819,0.005125,0.0039396,0.0055271,10,50,,,0,0,241.4,6.84
full,2026-09-30T00:19:00,NR,n_rules,64,core,numpy_lut,numpy_lut,,default,cpu,0,256,64,32,31,32,20240912,ok,,True,3.0872,0.0003579,0.0043803,0.0047382,0.0028284,0.0027716,0.0030781,0.0027588,0.0034273,10,50,,,0,0,241.8,5.52
full,2026-09-30T00:19:05,NR,n_rules,64,core,predict:lc1,predict,lc1,default,cpu,0,256,64,32,31,32,20240912,ok,,True,3.228,0.58501,3.0049,3.5899,1.374,1.3255,1.4311,1.2014,1.584,10,1,16928,0.062,0,0,424.0,22.84
full,2026-09-30T00:19:28,NR,n_rules,64,core,eager:lc1,eager,lc1,default,cpu,0,256,64,32,31,32,20240912,ok,,True,3.7651,0.56047,3.6286,4.1891,3.6216,3.5971,3.7253,3.4296,3.9352,10,1,16928,0.062,0,0,297.3,49.14
full,2026-09-30T00:20:17,NR,n_rules,64,core,compiled:lc1,compiled,lc1,default,cpu,0,256,64,32,31,32,20240912,ok,,True,3.9471,0.62855,1.1914,1.8199,0.091124,0.089385,0.10308,0.083555,0.112,10,2,16928,0.062,0,0,294.7,8.8
full,2026-09-30T00:20:26,NR,n_rules,64,core,xla:lc1,xla,lc1,default,cpu,0,256,64,32,31,32,20240912,ok,,True,3.2616,0.70008,1.6019,2.302,0.091405,0.088029,0.094908,0.082573,0.10139,10,2,16928,0.062,0,0,349.1,8.46
full,2026-09-30T00:20:35,NR,n_rules,64,core,while_loop:lc1,while_loop,lc1,default,cpu,0,256,64,32,31,32,20240912,ok,,True,3.2734,0.55644,1.7617,2.3181,0.08078,0.078475,0.082064,0.075684,0.084141,10,2,16928,0.062,0,0,300.0,8.23
full,2026-09-30T00:20:43,NR,n_rules,64,core,while_loop_xla:lc1,while_loop_xla,lc1,default,cpu,0,256,64,32,31,32,20240912,ok,,True,3.0934,0.52697,1.396,1.923,0.047714,0.046483,0.048182,0.046333,0.049247,10,5,16928,0.062,0,0,357.4,8.55
full,2026-09-30T00:20:51,NR,n_rules,64,core,unrolled:lc1,unrolled,lc1,default,cpu,0,256,64,32,31,32,20240912,ok,,True,3.1261,14.817,35.875,50.693,0.090751,0.089112,0.092106,0.08534,0.09613,10,2,16928,0.062,0,0,1119.8,57.67
full,2026-09-30T00:21:49,NR,n_rules,64,core,predict:dense,predict,dense,default,cpu,0,256,64,32,31,32,20240912,ok,,True,3.846,0.14903,1.4687,1.6178,1.8562,1.5015,2.3841,1.2351,2.6044,10,1,4194848,16.0,0,0,421.8,27.31
full,2026-09-30T00:22:16,NR,n_rules,64,core,eager:dense,eager,dense,default,cpu,0,256,64,32,31,32,20240912,ok,,True,7.1273,0.2201,0.4506,0.6707,0.39259,0.37364,0.41624,0.28888,0.42779,10,1,4194848,16.0,0,0,301.1,12.94
full,2026-09-30T00:22:29,NR,n_rules,64,core,compiled:dense,compiled,dense,default,cpu,0,256,64,32,31,32,20240912,ok,,True,4.0742,0.20647,0.28477,0.49123,0.18659,0.17967,0.19318,0.17154,0.21127,10,1,4194848,16.0,0,0,301.9,7.41
full,2026-09-30T00:22:37,NR,n_rules,64,core,xla:dense,xla,dense,default,cpu,0,256,64,32,31,32,20240912,ok,,True,4.128,0.23636,0.80989,1.0463,0.18198,0.17622,0.18412,0.17293,0.19023,10,1,4194848,16.0,0,0,313.7,8.08
full,2026-09-30T00:22:45,NR,n_rules,64,core,while_loop:dense,while_loop,dense,default,cpu,0,256,64,32,31,32,20240912,ok,,True,3.8,0.19623,0.34274,0.53897,0.17763,0.17491,0.18078,0.17401,0.19193,10,1,4194848,16.0,0,0,301.3,7.23
full,2026-09-30T00:22:52,NR,n_rules,64,core,while_loop_xla:dense,while_loop_xla,dense,default,cpu,0,256,64,32,31,32,20240912,ok,,True,4.1641,0.20748,0.42316,0.63064,0.11397,0.11027,0.11566,0.10113,0.11704,10,1,4194848,16.0,0,0,318.4,6.88
full,2026-09-30T00:22:59,NR,n_rules,64,core,unrolled:dense,unrolled,dense,default,cpu,0,256,64,32,31,32,20240912,ok,,True,3.8351,1.1122,1.3589,2.4712,0.14687,0.14381,0.15143,0.13699,0.15707,10,1,4194848,16.0,0,0,306.0,8.69
full,2026-09-30T00:23:08,NR,n_rules,64,core,compiled:lc2,compiled,lc2,default,cpu,0,256,64,32,31,32,20240912,ok,,True,3.6204,0.20759,0.42657,0.63416,0.26774,0.26086,0.27129,0.25816,0.29164,10,1,4194848,16.0,0,0,311.6,8.0
full,2026-09-30T00:23:16,NR,n_rules,64,core,xla:lc2,xla,lc2,default,cpu,0,256,64,32,31,32,20240912,ok,,True,3.5932,0.16033,0.4099,0.57023,0.27799,0.27321,0.28293,0.24153,0.32316,10,1,4194848,16.0,0,0,334.3,7.98
full,2026-09-30T00:23:24,NR,n_rules,64,core,compiled:lc3,compiled,lc3,default,cpu,0,256,64,32,31,32,20240912,ok,,True,3.5759,0.59519,0.2708,0.86599,0.1083,0.1064,0.11265,0.10506,0.12069,10,1,16928,0.062,0,0,275.3,6.45
full,2026-09-30T00:23:30,NR,n_rules,64,core,compiled:elem,compiled,elem,default,cpu,0,256,64,32,31,32,20240912,ok,,True,4.1395,0.17035,0.17407,0.34443,0.079768,0.075432,0.082388,0.070972,0.084041,10,2,16928,0.062,0,0,270.5,7.21
full,2026-09-30T00:23:37,NR,n_rules,64,core,xla:elem,xla,elem,default,cpu,0,256,64,32,31,32,20240912,ok,,True,4.1872,0.21921,0.30067,0.51988,0.090619,0.083489,0.09332,0.078376,0.097829,10,2,16928,0.062,0,0,296.5,7.67
full,2026-09-30T00:23:45,NR,n_rules,64,core,while_loop_xla:elem,while_loop_xla,elem,default,cpu,0,256,64,32,31,32,20240912,ok,,True,3.7929,0.15114,0.29677,0.44791,0.030844,0.030212,0.032242,0.029565,0.035367,10,5,16928,0.062,0,0,303.3,6.9
full,2026-09-30T00:23:52,NR,n_rules,64,core,numpy,numpy,,single,cpu,0,256,64,32,31,32,20240912,ok,,True,4.2504,1.21e-05,0.0049908,0.0050029,0.0059114,0.0053583,0.0061389,0.0044287,0.0070484,10,20,,,1,1,240.6,6.4
full,2026-09-30T00:23:58,NR,n_rules,64,core,numpy_lut,numpy_lut,,single,cpu,0,256,64,32,31,32,20240912,ok,,True,3.8481,0.0007641,0.0061057,0.0068698,0.0045965,0.0043593,0.0047667,0.0038988,0.0050292,10,50,,,1,1,240.7,7.3
full,2026-09-30T00:24:05,NR,n_rules,64,core,predict:lc1,predict,lc1,single,cpu,0,256,64,32,31,32,20240912,ok,,True,3.8226,0.61482,3.1904,3.8052,2.4476,2.1471,2.6019,1.4619,2.6946,10,1,16928,0.062,1,1,420.8,33.66
full,2026-09-30T00:24:39,NR,n_rules,64,core,eager:lc1,eager,lc1,single,cpu,0,256,64,32,31,32,20240912,ok,,True,7.5408,0.85952,5.2156,6.0752,3.7162,3.6146,3.9,3.5745,6.8742,10,1,16928,0.062,1,1,292.6,62.9
full,2026-09-30T00:25:42,NR,n_rules,64,core,compiled:lc1,compiled,lc1,single,cpu,0,256,64,32,31,32,20240912,ok,,True,3.853,0.5676,1.4376,2.0052,0.11929,0.10519,0.13179,0.095832,0.15417,10,1,16928,0.062,1,1,287.9,7.98
full,2026-09-30T00:25:50,NR,n_rules,64,core,xla:lc1,xla,lc1,single,cpu,0,256,64,32,31,32,20240912,ok,,True,3.3385,0.66779,1.914,2.5818,0.14603,0.14231,0.15566,0.13506,0.17144,10,1,16928,0.062,1,1,341.0,8.3
full,2026-09-30T00:25:58,NR,n_rules,64,core,while_loop:lc1,while_loop,lc1,single,cpu,0,256,64,32,31,32,20240912,ok,,True,3.156,0.68184,1.5807,2.2626,0.099096,0.093692,0.10951,0.091559,0.1388,10,1,16928,0.062,1,1,293.0,7.24
full,2026-09-30T00:26:06,NR,n_rules,64,core,while_loop_xla:lc1,while_loop_xla,lc1,single,cpu,0,256,64,32,31,32,20240912,ok,,True,3.4598,0.51318,1.5752,2.0884,0.073556,0.069417,0.079541,0.067719,0.087071,10,2,16928,0.062,1,1,350.0,8.12
full,2026-09-30T00:26:14,NR,n_rules,64,core,unrolled:lc1,unrolled,lc1,single,cpu,0,256,64,32,31,32,20240912,ok,,True,3.5785,16.027,37.901,53.928,0.12631,0.11764,0.13931,0.11241,0.16463,10,1,16928,0.062,1,1,1166.9,60.63
full,2026-09-30T00:27:14,NR,n_rules,64,core,predict:dense,predict,dense,single,cpu,0,256,64,32,31,32,20240912,ok,,True,5.3455,0.38528,1.8893,2.2746,1.8117,1.6037,1.8521,1.37,1.9757,10,1,4194848,16.0,1,1,416.3,27.77
full,2026-09-30T00:27:42,NR,n_rules,64,core,eager:dense,eager,dense,single,cpu,0,256,64,32,31,32,20240912,ok,,True,3.8078,0.35717,0.46141,0.81858,0.34054,0.32711,0.37027,0.31273,0.47486,10,1,4194848,16.0,1,1,295.4,9.4
full,2026-09-30T00:27:52,NR,n_rules,64,core,compiled:dense,compiled,dense,single,cpu,0,256,64,32,31,32,20240912,ok,,True,3.4129,0.3323,0.31699,0.64929,0.23932,0.22252,0.27687,0.21461,0.29994,10,1,4194848,16.0,1,1,296.0,7.46
full,2026-09-30T00:27:59,NR,n_rules,64,core,xla:dense,xla,dense,single,cpu,0,256,64,32,31,32,20240912,ok,,True,3.2282,0.3054,0.73122,1.0366,0.21722,0.19988,0.25721,0.19836,0.30785,10,1,4194848,16.0,1,1,306.0,7.55
full,2026-09-30T00:28:07,NR,n_rules,64,core,while_loop:dense,while_loop,dense,single,cpu,0,256,64,32,31,32,20240912,ok,,True,3.3766,0.32184,0.43417,0.75602,0.20525,0.19225,0.22328,0.17679,0.23638,10,1,4194848,16.0,1,1,295.7,7.12
full,2026-09-30T00:28:14,NR,n_rules,64,core,while_loop_xla:dense,while_loop_xla,dense,single,cpu,0,256,64,32,31,32,20240912,ok,,True,3.5822,0.33417,0.44246,0.77663,0.16478,0.15978,0.17673,0.15396,0.21703,10,1,4194848,16.0,1,1,311.1,6.98
full,2026-09-30T00:28:21,NR,n_rules,64,core,unrolled:dense,unrolled,dense,single,cpu,0,256,64,32,31,32,20240912,ok,,True,3.2044,1.0702,1.5274,2.5975,0.18464,0.17934,0.21594,0.17519,0.24202,10,1,4194848,16.0,1,1,299.9,8.76
full,2026-09-30T00:28:29,NR,n_rules,64,core,compiled:lc2,compiled,lc2,single,cpu,0,256,64,32,31,32,20240912,ok,,True,3.2819,0.29166,0.64583,0.93749,0.63962,0.61641,0.67026,0.5602,0.69291,10,1,4194848,16.0,1,1,303.2,11.96
full,2026-09-30T00:28:41,NR,n_rules,64,core,xla:lc2,xla,lc2,single,cpu,0,256,64,32,31,32,20240912,ok,,True,3.5769,0.36693,0.55567,0.9226,0.39251,0.38824,0.40653,0.33112,0.41488,10,1,4194848,16.0,1,1,326.1,9.49
full,2026-09-30T00:28:51,NR,n_rules,64,core,compiled:lc3,compiled,lc3,single,cpu,0,256,64,32,31,32,20240912,ok,,True,3.2638,0.46936,0.27822,0.74757,0.11692,0.10945,0.12376,0.10485,0.12879,10,1,16928,0.062,1,1,270.0,6.04
full,2026-09-30T00:28:57,NR,n_rules,64,core,compiled:elem,compiled,elem,single,cpu,0,256,64,32,31,32,20240912,ok,,True,3.454,0.12524,0.14151,0.26675,0.05923,0.058121,0.066845,0.057171,0.094275,10,2,16928,0.062,1,1,262.5,5.96
full,2026-09-30T00:29:03,NR,n_rules,64,core,xla:elem,xla,elem,single,cpu,0,256,64,32,31,32,20240912,ok,,True,3.3791,0.12973,0.26409,0.39382,0.098505,0.097332,0.10334,0.091651,0.11684,10,1,16928,0.062,1,1,288.4,5.69
full,2026-09-30T00:29:09,NR,n_rules,64,core,while_loop_xla:elem,while_loop_xla,elem,single,cpu,0,256,64,32,31,32,20240912,ok,,True,3.1959,0.13209,0.26098,0.39307,0.036905,0.035313,0.041847,0.033471,0.04715,10,5,16928,0.062,1,1,297.0,6.64
full,2026-09-30T00:29:15,NR,n_rules,128,core,cellpylib,cellpylib,,default,cpu,0,256,128,32,31,32,20240912,ok,,True,4.4441,7.9e-06,5.2038,5.2038,5.5625,5.4999,5.7324,5.4057,5.9529,10,1,,,0,0,264.7,72.77
full,2026-09-30T00:30:28,NR,n_rules,128,core,numpy,numpy,,default,cpu,0,256,128,32,31,32,20240912,ok,,True,3.139,6.8e-06,0.0042398,0.0042466,0.0052289,0.0049455,0.0054007,0.0045638,0.0057277,10,20,,,0,0,241.6,5.13
full,2026-09-30T00:30:33,NR,n_rules,128,core,numpy_lut,numpy_lut,,default,cpu,0,256,128,32,31,32,20240912,ok,,True,3.2019,0.0008039,0.0044607,0.0052646,0.0036802,0.0032658,0.0042763,0.0031197,0.0044563,10,50,,,0,0,241.7,6.19
full,2026-09-30T00:30:39,NR,n_rules,128,core,predict:lc1,predict,lc1,default,cpu,0,256,128,32,31,32,20240912,ok,,True,3.3305,0.56171,2.407,2.9687,1.4215,1.3873,1.4367,1.2252,1.5234,10,1,33824,0.125,0,0,429.8,22.75
full,2026-09-30T00:31:02,NR,n_rules,128,core,eager:lc1,eager,lc1,default,cpu,0,256,128,32,31,32,20240912,ok,,True,3.3128,0.6215,4.0585,4.68,3.83,3.7087,3.8794,3.5861,4.1365,10,1,33824,0.125,0,0,303.4,50.33
full,2026-09-30T00:31:52,NR,n_rules,128,core,compiled:lc1,compiled,lc1,default,cpu,0,256,128,32,31,32,20240912,ok,,True,8.7379,0.68715,1.5001,2.1873,0.11775,0.11492,0.1216,0.11016,0.12464,10,1,33824,0.125,0,0,298.6,13.29
full,2026-09-30T00:32:06,NR,n_rules,128,core,xla:lc1,xla,lc1,default,cpu,0,256,128,32,31,32,20240912,ok,,True,3.4576,0.66404,1.571,2.235,0.12803,0.12481,0.13369,0.12387,0.14562,10,1,33824,0.125,0,0,352.0,7.88
full,2026-09-30T00:32:14,NR,n_rules,128,core,while_loop:lc1,while_loop,lc1,default,cpu,0,256,128,32,31,32,20240912,ok,,True,3.2821,0.71913,1.8,2.5191,0.11008,0.10804,0.11297,0.10626,0.11463,10,1,33824,0.125,0,0,300.6,7.91
full,2026-09-30T00:32:21,NR,n_rules,128,core,while_loop_xla:lc1,while_loop_xla,lc1,default,cpu,0,256,128,32,31,32,20240912,ok,,True,3.375,0.72734,1.6313,2.3586,0.083186,0.075552,0.087475,0.073891,0.092366,10,2,33824,0.125,0,0,362.0,8.47
full,2026-09-30T00:32:30,NR,n_rules,128,core,unrolled:lc1,unrolled,lc1,default,cpu,0,256,128,32,31,32,20240912,ok,,True,3.2603,16.114,36.081,52.194,0.13587,0.13529,0.13985,0.13304,0.1548,10,1,33824,0.125,0,0,1175.6,58.86
full,2026-09-30T00:33:29,NR,n_rules,128,core,predict:dense,predict,dense,default,cpu,0,256,128,32,31,32,20240912,ok,,True,4.019,0.20698,1.8211,2.0281,1.7752,1.6558,1.8571,1.6016,1.8753,10,1,8389664,32.0,0,0,440.6,26.31
full,2026-09-30T00:33:55,NR,n_rules,128,core,eager:dense,eager,dense,default,cpu,0,256,128,32,31,32,20240912,ok,,True,3.5612,0.26181,0.54684,0.80866,0.47689,0.46299,0.48871,0.43948,0.51927,10,1,8389664,32.0,0,0,348.5,10.45
full,2026-09-30T00:34:06,NR,n_rules,128,core,compiled:dense,compiled,dense,default,cpu,0,256,128,32,31,32,20240912,ok,,True,3.5566,0.27115,0.44181,0.71297,0.28621,0.27788,0.29159,0.27008,0.2986,10,1,8389664,32.0,0,0,348.2,8.19
full,2026-09-30T00:34:14,NR,n_rules,128,core,xla:dense,xla,dense,default,cpu,0,256,128,32,31,32,20240912,ok,,True,3.9476,0.25363,0.41053,0.66416,0.27318,0.26881,0.28363,0.25443,0.28603,10,1,8389664,32.0,0,0,349.2,8.52
full,2026-09-30T00:34:22,NR,n_rules,128,core,while_loop:dense,while_loop,dense,default,cpu,0,256,128,32,31,32,20240912,ok,,True,3.9782,0.20926,0.39494,0.6042,0.24641,0.24135,0.25057,0.23641,0.25762,10,1,8389664,32.0,0,0,349.4,8.1
full,2026-09-30T00:34:30,NR,n_rules,128,core,while_loop_xla:dense,while_loop_xla,dense,default,cpu,0,256,128,32,31,32,20240912,ok,,True,3.4913,0.21788,0.44292,0.6608,0.18118,0.17926,0.18905,0.17733,0.19357,10,1,8389664,32.0,0,0,349.2,6.92
full,2026-09-30T00:34:37,NR,n_rules,128,core,unrolled:dense,unrolled,dense,default,cpu,0,256,128,32,31,32,20240912,ok,,True,3.6849,1.211,1.4027,2.6137,0.24793,0.23751,0.26822,0.23393,0.27567,10,1,8389664,32.0,0,0,350.6,9.87
full,2026-09-30T00:34:47,NR,n_rules,128,core,compiled:lc2,compiled,lc2,default,cpu,0,256,128,32,31,32,20240912,ok,,True,3.7844,0.29442,0.67103,0.96546,0.58256,0.55233,0.67873,0.53168,0.75556,10,1,8389664,32.0,0,0,351.7,12.42
full,2026-09-30T00:35:00,NR,n_rules,128,core,xla:lc2,xla,lc2,default,cpu,0,256,128,32,31,32,20240912,ok,,True,3.9152,0.24304,0.67909,0.92213,0.51669,0.45991,0.54187,0.44521,0.65568,10,1,8389664,32.0,0,0,370.7,11.49
full,2026-09-30T00:35:11,NR,n_rules,128,core,compiled:lc3,compiled,lc3,default,cpu,0,256,128,32,31,32,20240912,ok,,True,3.7007,1.0166,0.38219,1.3988,0.16986,0.16459,0.17243,0.15355,0.18819,10,1,33824,0.125,0,0,285.9,7.67
full,2026-09-30T00:35:19,NR,n_rules,128,core,compiled:elem,compiled,elem,default,cpu,0,256,128,32,31,32,20240912,ok,,True,4.204,0.18473,0.19972,0.38445,0.0851,0.082139,0.086605,0.077941,0.091196,10,2,33824,0.125,0,0,270.7,7.43
full,2026-09-30T00:35:26,NR,n_rules,128,core,xla:elem,xla,elem,default,cpu,0,256,128,32,31,32,20240912,ok,,True,3.4782,0.15272,0.30035,0.45307,0.1086,0.10565,0.11358,0.10329,0.11905,10,1,33824,0.125,0,0,300.7,5.91
full,2026-09-30T00:35:32,NR,n_rules,128,core,while_loop_xla:elem,while_loop_xla,elem,default,cpu,0,256,128,32,31,32,20240912,ok,,True,3.8465,0.19196,0.28391,0.47587,0.038209,0.037075,0.042131,0.034415,0.046007,10,5,33824,0.125,0,0,306.5,7.45
full,2026-09-30T00:35:39,NR,n_rules,128,core,numpy,numpy,,single,cpu,0,256,128,32,31,32,20240912,ok,,True,3.8043,1.42e-05,0.0055541,0.0055683,0.0055722,0.0051707,0.0058931,0.0047603,0.0063965,10,20,,,1,1,240.9,5.93
full,2026-09-30T00:35:45,NR,n_rules,128,core,numpy_lut,numpy_lut,,single,cpu,0,256,128,32,31,32,20240912,ok,,True,3.5852,0.0011016,0.0067454,0.007847,0.0041184,0.0036483,0.0043674,0.0034137,0.0046705,10,50,,,1,1,240.5,6.61
full,2026-09-30T00:35:52,NR,n_rules,128,core,predict:lc1,predict,lc1,single,cpu,0,256,128,32,31,32,20240912,ok,,True,3.8371,0.61708,2.9955,3.6126,1.6367,1.5366,1.7724,1.4435,1.8226,10,1,33824,0.125,1,1,427.4,26.43
full,2026-09-30T00:36:18,NR,n_rules,128,core,eager:lc1,eager,lc1,single,cpu,0,256,128,32,31,32,20240912,ok,,True,3.8373,0.71406,3.8565,4.5705,3.7681,3.6747,3.9539,3.521,4.029,10,1,33824,0.125,1,1,299.3,50.64
full,2026-09-30T00:37:09,NR,n_rules,128,core,compiled:lc1,compiled,lc1,single,cpu,0,256,128,32,31,32,20240912,ok,,True,3.3727,0.61302,1.5498,2.1628,0.1552,0.14911,0.16641,0.14194,0.19806,10,1,33824,0.125,1,1,290.7,8.04
full,2026-09-30T00:37:17,NR,n_rules,128,core,xla:lc1,xla,lc1,single,cpu,0,256,128,32,31,32,20240912,ok,,True,3.2931,0.61176,1.6032,2.2149,0.27675,0.23225,0.29533,0.18657,0.30097,10,1,33824,0.125,1,1,345.7,9.1
full,2026-09-30T00:37:26,NR,n_rules,128,core,while_loop:lc1,while_loop,lc1,single,cpu,0,256,128,32,31,32,20240912,ok,,True,3.9236,0.55092,1.6205,2.1714,0.20088,0.18047,0.22973,0.15456,0.24501,10,1,33824,0.125,1,1,296.5,9.04
full,2026-09-30T00:37:35,NR,n_rules,128,core,while_loop_xla:lc1,while_loop_xla,lc1,single,cpu,0,256,128,32,31,32,20240912,ok,,True,3.3379,0.6814,1.6229,2.3043,0.16721,0.15114,0.18598,0.13838,0.2005,10,1,33824,0.125,1,1,354.0,8.26
full,2026-09-30T00:37:44,NR,n_rules,128,core,unrolled:lc1,unrolled,lc1,single,cpu,0,256,128,32,31,32,20240912,ok,,True,3.6996,16.744,36.412,53.156,0.16248,0.15965,0.18222,0.1448,0.19361,10,1,33824,0.125,1,1,1166.5,60.43
full,2026-09-30T00:38:44,NR,n_rules,128,core,predict:dense,predict,dense,single,cpu,0,256,128,32,31,32,20240912,ok,,True,3.2214,0.55336,1.8784,2.4318,1.7166,1.6369,1.7586,1.4249,1.8479,10,1,8389664,32.0,1,1,437.4,24.87
full,2026-09-30T00:39:09,NR,n_rules,128,core,eager:dense,eager,dense,single,cpu,0,256,128,32,31,32,20240912,ok,,True,3.2762,0.61079,0.64321,1.254,0.5326,0.507,0.58733,0.495,0.63822,10,1,8389664,32.0,1,1,343.9,11.26
full,2026-09-30T00:39:20,NR,n_rules,128,core,compiled:dense,compiled,dense,single,cpu,0,256,128,32,31,32,20240912,ok,,True,3.4617,0.5625,0.51212,1.0746,0.38795,0.36771,0.42942,0.34799,0.48161,10,1,8389664,32.0,1,1,344.0,9.68
full,2026-09-30T00:39:30,NR,n_rules,128,core,xla:dense,xla,dense,single,cpu,0,256,128,32,31,32,20240912,ok,,True,3.4359,0.53137,0.58282,1.1142,0.38296,0.37638,0.41452,0.36918,0.50862,10,1,8389664,32.0,1,1,343.7,9.82
full,2026-09-30T00:39:40,NR,n_rules,128,core,while_loop:dense,while_loop,dense,single,cpu,0,256,128,32,31,32,20240912,ok,,True,3.2457,0.56924,0.66996,1.2392,0.35865,0.34673,0.38454,0.32266,0.45103,10,1,8389664,32.0,1,1,343.7,9.38
full,2026-09-30T00:39:49,NR,n_rules,128,core,while_loop_xla:dense,while_loop_xla,dense,single,cpu,0,256,128,32,31,32,20240912,ok,,True,3.0361,0.51006,0.60068,1.1107,0.33372,0.31908,0.34398,0.30638,0.36289,10,1,8389664,32.0,1,1,344.0,8.58
full,2026-09-30T00:39:58,NR,n_rules,128,core,unrolled:dense,unrolled,dense,single,cpu,0,256,128,32,31,32,20240912,ok,,True,3.052,1.1577,1.4634,2.621,0.36921,0.35272,0.38519,0.34037,0.39297,10,1,8389664,32.0,1,1,344.4,10.43
full,2026-09-30T00:40:08,NR,n_rules,128,core,compiled:lc2,compiled,lc2,single,cpu,0,256,128,32,31,32,20240912,ok,,True,3.0415,0.50873,1.1236,1.6324,1.1618,1.1226,1.19,0.96907,1.2325,10,1,8389664,32.0,1,1,344.1,18.0
full,2026-09-30T00:40:26,NR,n_rules,128,core,xla:lc2,xla,lc2,single,cpu,0,256,128,32,31,32,20240912,ok,,True,3.2701,0.48322,0.81367,1.2969,0.72866,0.70859,0.75831,0.62888,0.84569,10,1,8389664,32.0,1,1,363.2,13.32
full,2026-09-30T00:40:39,NR,n_rules,128,core,compiled:lc3,compiled,lc3,single,cpu,0,256,128,32,31,32,20240912,ok,,True,3.3461,1.0327,0.40095,1.4336,0.213,0.20835,0.22024,0.19617,0.2311,10,1,33824,0.125,1,1,280.3,7.83
full,2026-09-30T00:40:47,NR,n_rules,128,core,compiled:elem,compiled,elem,single,cpu,0,256,128,32,31,32,20240912,ok,,True,3.1784,0.15002,0.21185,0.36187,0.095389,0.085695,0.10697,0.083001,0.13959,10,1,33824,0.125,1,1,264.0,5.35
full,2026-09-30T00:40:52,NR,n_rules,128,core,xla:elem,xla,elem,single,cpu,0,256,128,32,31,32,20240912,ok,,True,3.58,0.1402,0.23485,0.37505,0.10516,0.10208,0.11268,0.098576,0.11888,10,1,33824,0.125,1,1,293.2,5.79
full,2026-09-30T00:40:58,NR,n_rules,128,core,while_loop_xla:elem,while_loop_xla,elem,single,cpu,0,256,128,32,31,32,20240912,ok,,True,3.3372,0.11418,0.23513,0.34931,0.063147,0.057672,0.074448,0.04478,0.079305,10,5,33824,0.125,1,1,299.9,8.01
full,2026-09-30T00:41:06,NR,n_rules,256,core,cellpylib,cellpylib,,default,cpu,0,256,256,32,31,32,20240912,ok,,True,4.1977,1.45e-05,5.64,5.64,5.91,5.5865,6.0465,5.3772,6.8412,10,1,,,0,0,264.4,74.5
full,2026-09-30T00:42:21,NR,n_rules,256,core,numpy,numpy,,default,cpu,0,256,256,32,31,32,20240912,ok,,True,3.2579,1.44e-05,0.0094476,0.009462,0.0059605,0.005721,0.0062836,0.0051216,0.0080128,10,20,,,0,0,241.6,5.47
full,2026-09-30T00:42:26,NR,n_rules,256,core,numpy_lut,numpy_lut,,default,cpu,0,256,256,32,31,32,20240912,ok,,True,3.4451,0.0018246,0.0038369,0.0056615,0.0028369,0.0027377,0.0030361,0.0026762,0.0033483,10,50,,,0,0,241.9,5.83
full,2026-09-30T00:42:32,NR,n_rules,256,core,predict:lc1,predict,lc1,default,cpu,0,256,256,32,31,32,20240912,ok,,True,3.4166,0.65098,2.9333,3.5843,1.3705,1.3077,1.4257,1.2684,1.7052,10,1,67616,0.25,0,0,437.4,23.27
full,2026-09-30T00:42:55,NR,n_rules,256,core,eager:lc1,eager,lc1,default,cpu,0,256,256,32,31,32,20240912,ok,,True,3.2721,0.52266,3.6173,4.1399,3.6998,3.5782,3.9051,3.4983,4.1252,10,1,67616,0.25,0,0,315.6,49.5
full,2026-09-30T00:43:45,NR,n_rules,256,core,compiled:lc1,compiled,lc1,default,cpu,0,256,256,32,31,32,20240912,ok,,True,3.4333,0.63969,1.4364,2.0761,0.2606,0.25445,0.26608,0.23507,0.28414,10,1,67616,0.25,0,0,304.7,9.11
full,2026-09-30T00:43:54,NR,n_rules,256,core,xla:lc1,xla,lc1,default,cpu,0,256,256,32,31,32,20240912,ok,,True,3.3542,0.74278,1.6317,2.3745,0.21625,0.21256,0.2242,0.21009,0.25291,10,1,67616,0.25,0,0,359.8,8.9
full,2026-09-30T00:44:03,NR,n_rules,256,core,while_loop:lc1,while_loop,lc1,default,cpu,0,256,256,32,31,32,20240912,ok,,True,3.3152,0.69561,1.8388,2.5344,0.2299,0.2251,0.2361,0.22365,0.24753,10,1,67616,0.25,0,0,308.6,9.22
full,2026-09-30T00:44:12,NR,n_rules,256,core,while_loop_xla:lc1,while_loop_xla,lc1,default,cpu,0,256,256,32,31,32,20240912,ok,,True,3.227,0.60587,1.9384,2.5443,0.14669,0.14488,0.15179,0.13966,0.16015,10,1,67616,0.25,0,0,367.8,8.18
full,2026-09-30T00:44:20,NR,n_rules,256,core,unrolled:lc1,unrolled,lc1,default,cpu,0,256,256,32,31,32,20240912,ok,,True,3.3491,15.463,36.743,52.206,0.23943,0.2288,0.25207,0.20931,0.25446,10,1,67616,0.25,0,0,1163.7,59.96
full,2026-09-30T00:45:20,NR,n_rules,256,core,predict:dense,predict,dense,default,cpu,0,256,256,32,31,32,20240912,ok,,True,4.377,0.25395,1.8423,2.0963,1.6637,1.6272,1.8456,1.5665,1.957,10,1,16779296,64.0,0,0,481.5,26.76
full,2026-09-30T00:45:47,NR,n_rules,256,core,eager:dense,eager,dense,default,cpu,0,256,256,32,31,32,20240912,ok,,True,3.4731,0.32161,0.71675,1.0384,0.65941,0.63565,0.69306,0.59814,0.71385,10,1,16779296,64.0,0,0,444.7,12.59
full,2026-09-30T00:46:00,NR,n_rules,256,core,compiled:dense,compiled,dense,default,cpu,0,256,256,32,31,32,20240912,ok,,True,3.3489,0.29286,0.54348,0.83635,0.44388,0.41991,0.48433,0.40958,0.51684,10,1,16779296,64.0,0,0,444.4,10.05
full,2026-09-30T00:46:10,NR,n_rules,256,core,xla:dense,xla,dense,default,cpu,0,256,256,32,31,32,20240912,ok,,True,3.4198,0.28815,1.0094,1.2975,0.44605,0.40995,0.47822,0.39224,0.49173,10,1,16779296,64.0,0,0,444.8,10.39
full,2026-09-30T00:46:20,NR,n_rules,256,core,while_loop:dense,while_loop,dense,default,cpu,0,256,256,32,31,32,20240912,ok,,True,3.335,0.30427,0.61585,0.92012,0.43212,0.42161,0.45968,0.37637,0.47925,10,1,16779296,64.0,0,0,445.0,9.79
full,2026-09-30T00:46:30,NR,n_rules,256,core,while_loop_xla:dense,while_loop_xla,dense,default,cpu,0,256,256,32,31,32,20240912,ok,,True,3.3134,0.29346,0.67071,0.96417,0.37877,0.37263,0.3872,0.36337,0.40847,10,1,16779296,64.0,0,0,444.4,9.21
full,2026-09-30T00:46:39,NR,n_rules,256,core,unrolled:dense,unrolled,dense,default,cpu,0,256,256,32,31,32,20240912,ok,,True,3.7216,0.9306,1.4307,2.3613,0.4459,0.44148,0.45177,0.42889,0.47046,10,1,16779296,64.0,0,0,445.9,11.76
full,2026-09-30T00:46:51,NR,n_rules,256,core,compiled:lc2,compiled,lc2,default,cpu,0,256,256,32,31,32,20240912,ok,,True,3.5733,0.2732,0.95588,1.2291,0.83084,0.82278,0.84766,0.78524,0.8892,10,1,16779296,64.0,0,0,445.7,14.83
full,2026-09-30T00:47:06,NR,n_rules,256,core,xla:lc2,xla,lc2,default,cpu,0,256,256,32,31,32,20240912,ok,,True,3.6706,0.32992,1.1631,1.493,0.87835,0.85752,0.96116,0.81334,1.1943,10,1,16779296,64.0,0,0,445.4,16.19
full,2026-09-30T00:47:22,NR,n_rules,256,core,compiled:lc3,compiled,lc3,default,cpu,0,256,256,32,31,32,20240912,ok,,True,4.1431,2.0274,0.70235,2.7297,0.32779,0.3186,0.33733,0.30795,0.34944,10,1,67616,0.25,0,0,302.9,11.32
full,2026-09-30T00:47:33,NR,n_rules,256,core,compiled:elem,compiled,elem,default,cpu,0,256,256,32,31,32,20240912,ok,,True,3.7329,0.18676,0.202,0.38876,0.12497,0.12339,0.13306,0.11867,0.14413,10,1,67616,0.25,0,0,273.8,6.38
full,2026-09-30T00:47:40,NR,n_rules,256,core,xla:elem,xla,elem,default,cpu,0,256,256,32,31,32,20240912,ok,,True,3.8018,0.15677,0.35531,0.51208,0.15276,0.1506,0.15487,0.14771,0.16762,10,1,67616,0.25,0,0,309.4,6.79
full,2026-09-30T00:47:46,NR,n_rules,256,core,while_loop_xla:elem,while_loop_xla,elem,default,cpu,0,256,256,32,31,32,20240912,ok,,True,3.9072,0.14714,0.31106,0.4582,0.087399,0.081014,0.099837,0.079205,0.10561,10,2,67616,0.25,0,0,315.2,7.33
full,2026-09-30T00:47:54,NR,n_rules,256,core,numpy,numpy,,single,cpu,0,256,256,32,31,32,20240912,ok,,True,5.6925,1.94e-05,0.010913,0.010933,0.0092456,0.0083082,0.010717,0.007379,0.011418,10,20,,,1,1,240.5,8.92
full,2026-09-30T00:48:03,NR,n_rules,256,core,numpy_lut,numpy_lut,,single,cpu,0,256,256,32,31,32,20240912,ok,,True,4.3533,0.0015754,0.0054534,0.0070288,0.0042563,0.0039455,0.004985,0.0033495,0.0062978,10,50,,,1,1,240.7,7.91
full,2026-09-30T00:48:10,NR,n_rules,256,core,predict:lc1,predict,lc1,single,cpu,0,256,256,32,31,32,20240912,ok,,True,4.5571,0.57533,2.8926,3.4679,1.5221,1.4812,1.603,1.3342,1.7582,10,1,67616,0.25,1,1,433.5,25.98
full,2026-09-30T00:48:36,NR,n_rules,256,core,eager:lc1,eager,lc1,single,cpu,0,256,256,32,31,32,20240912,ok,,True,3.4553,0.59782,4.5568,5.1546,3.975,3.9363,4.2525,3.8053,4.5604,10,1,67616,0.25,1,1,310.3,54.42
full,2026-09-30T00:49:31,NR,n_rules,256,core,compiled:lc1,compiled,lc1,single,cpu,0,256,256,32,31,32,20240912,ok,,True,3.5351,0.55419,1.4425,1.9967,0.42052,0.41197,0.42373,0.35143,0.45825,10,1,67616,0.25,1,1,298.8,10.68
full,2026-09-30T00:49:42,NR,n_rules,256,core,xla:lc1,xla,lc1,single,cpu,0,256,256,32,31,32,20240912,ok,,True,3.3931,0.56758,1.7557,2.3233,0.39614,0.36034,0.41291,0.33334,0.53798,10,1,67616,0.25,1,1,352.8,10.91
full,2026-09-30T00:49:52,NR,n_rules,256,core,while_loop:lc1,while_loop,lc1,single,cpu,0,256,256,32,31,32,20240912,ok,,True,3.3144,0.60312,1.7414,2.3445,0.41207,0.35921,0.43463,0.33317,0.46393,10,1,67616,0.25,1,1,305.3,10.8
full,2026-09-30T00:50:03,NR,n_rules,256,core,while_loop_xla:lc1,while_loop_xla,lc1,single,cpu,0,256,256,32,31,32,20240912,ok,,True,3.406,0.58604,1.6032,2.1893,0.30061,0.27952,0.3066,0.21906,0.35755,10,1,67616,0.25,1,1,361.9,9.45
full,2026-09-30T00:50:13,NR,n_rules,256,core,unrolled:lc1,unrolled,lc1,single,cpu,0,256,256,32,31,32,20240912,ok,,True,3.3644,15.693,34.617,50.31,0.33354,0.31599,0.36794,0.29132,0.38076,10,1,67616,0.25,1,1,1180.8,58.98
full,2026-09-30T00:51:12,NR,n_rules,256,core,predict:dense,predict,dense,single,cpu,0,256,256,32,31,32,20240912,ok,,True,3.8234,1.1179,2.2524,3.3703,2.0881,1.9464,2.1071,1.8348,2.1438,10,1,16779296,64.0,1,1,477.1,30.26
full,2026-09-30T00:51:42,NR,n_rules,256,core,eager:dense,eager,dense,single,cpu,0,256,256,32,31,32,20240912,ok,,True,3.5966,0.88611,0.90677,1.7929,0.94633,0.84114,0.98947,0.79368,1.0449,10,1,16779296,64.0,1,1,440.3,16.15
full,2026-09-30T00:51:58,NR,n_rules,256,core,compiled:dense,compiled,dense,single,cpu,0,256,256,32,31,32,20240912,ok,,True,3.0889,0.90663,0.90713,1.8138,0.73269,0.68388,0.75672,0.63929,0.79806,10,1,16779296,64.0,1,1,439.9,13.71
full,2026-09-30T00:52:12,NR,n_rules,256,core,xla:dense,xla,dense,single,cpu,0,256,256,32,31,32,20240912,ok,,True,3.4236,0.91946,1.2129,2.1324,0.75774,0.70037,0.84306,0.66293,0.88106,10,1,16779296,64.0,1,1,439.8,14.73
full,2026-09-30T00:52:27,NR,n_rules,256,core,while_loop:dense,while_loop,dense,single,cpu,0,256,256,32,31,32,20240912,ok,,True,3.2601,1.1108,0.96748,2.0783,0.726,0.69598,0.77513,0.62864,0.85082,10,1,16779296,64.0,1,1,440.0,14.24
full,2026-09-30T00:52:41,NR,n_rules,256,core,while_loop_xla:dense,while_loop_xla,dense,single,cpu,0,256,256,32,31,32,20240912,ok,,True,3.4747,1.0478,0.96745,2.0153,0.65153,0.61951,0.6984,0.57102,0.87511,10,1,16779296,64.0,1,1,439.7,13.77
full,2026-09-30T00:52:55,NR,n_rules,256,core,unrolled:dense,unrolled,dense,single,cpu,0,256,256,32,31,32,20240912,ok,,True,3.3046,1.7433,1.8159,3.5592,0.76125,0.69498,0.83358,0.61191,0.87778,10,1,16779296,64.0,1,1,440.7,15.91
full,2026-09-30T00:53:10,NR,n_rules,256,core,compiled:lc2,compiled,lc2,single,cpu,0,256,256,32,31,32,20240912,ok,,True,3.3198,1.0829,2.2051,3.288,2.2217,2.1435,2.3165,2.0128,2.5033,10,1,16779296,64.0,1,1,440.1,32.05
full,2026-09-30T00:53:43,NR,n_rules,256,core,xla:lc2,xla,lc2,single,cpu,0,256,256,32,31,32,20240912,ok,,True,3.4954,0.97562,1.5622,2.5378,1.3525,1.2974,1.3877,1.2304,1.5151,10,1,16779296,64.0,1,1,440.4,21.46
full,2026-09-30T00:54:04,NR,n_rules,256,core,compiled:lc3,compiled,lc3,single,cpu,0,256,256,32,31,32,20240912,ok,,True,3.4873,1.5114,0.62892,2.1404,0.31487,0.29398,0.34788,0.28555,0.41726,10,1,67616,0.25,1,1,296.6,9.99
full,2026-09-30T00:54:14,NR,n_rules,256,core,compiled:elem,compiled,elem,single,cpu,0,256,256,32,31,32,20240912,ok,,True,3.6331,0.12265,0.2414,0.36405,0.19042,0.16649,0.20068,0.15289,0.21177,10,1,67616,0.25,1,1,267.5,6.78
full,2026-09-30T00:54:21,NR,n_rules,256,core,xla:elem,xla,elem,single,cpu,0,256,256,32,31,32,20240912,ok,,True,3.2113,0.15604,0.3957,0.55174,0.2002,0.19065,0.21841,0.17463,0.26405,10,1,67616,0.25,1,1,302.0,6.83
full,2026-09-30T00:54:28,NR,n_rules,256,core,while_loop_xla:elem,while_loop_xla,elem,single,cpu,0,256,256,32,31,32,20240912,ok,,True,3.2994,0.10765,0.30861,0.41626,0.095133,0.085716,0.10746,0.083777,0.12898,10,2,67616,0.25,1,1,308.3,6.86
full,2026-09-30T00:54:34,T,T,10,core,cellpylib,cellpylib,,default,cpu,0,64,4,10,9,32,20240912,ok,,True,3.9998,1.21e-05,0.43205,0.43206,0.36632,0.34834,0.44021,0.3365,0.59169,10,1,,,0,0,262.0,9.68
full,2026-09-30T00:54:44,T,T,10,core,numpy,numpy,,default,cpu,0,64,4,10,9,32,20240912,ok,,True,3.5177,8e-06,0.0007375,0.0007455,0.00071451,0.00068553,0.00074814,0.00062424,0.00087999,10,200,,,0,0,240.0,5.89
full,2026-09-30T00:54:50,T,T,10,core,numpy_lut,numpy_lut,,default,cpu,0,64,4,10,9,32,20240912,ok,,True,3.2998,8.49e-05,0.0015835,0.0016684,0.00051941,0.00049186,0.00058511,0.00043252,0.00070373,10,200,,,0,0,240.6,5.25
full,2026-09-30T00:54:55,T,T,10,core,predict:lc1,predict,lc1,default,cpu,0,64,4,10,9,32,20240912,ok,,True,4.2348,0.21152,0.72955,0.94107,0.38014,0.37345,0.40374,0.32091,0.46536,10,1,320,0.001,0,0,311.4,10.09
full,2026-09-30T00:55:05,T,T,10,core,eager:lc1,eager,lc1,default,cpu,0,64,4,10,9,32,20240912,ok,,True,3.549,0.21554,0.2879,0.50344,0.28801,0.24709,0.30727,0.22747,0.33458,10,1,320,0.001,0,0,261.6,7.81
full,2026-09-30T00:55:13,T,T,10,core,compiled:lc1,compiled,lc1,default,cpu,0,64,4,10,9,32,20240912,ok,,True,3.4733,0.23424,0.37555,0.60978,0.0069891,0.006839,0.0072933,0.0066876,0.0077365,10,20,320,0.001,0,0,270.6,6.5
full,2026-09-30T00:55:20,T,T,10,core,xla:lc1,xla,lc1,default,cpu,0,64,4,10,9,32,20240912,ok,,True,3.3107,0.19753,0.34994,0.54747,0.0075978,0.0073688,0.0080783,0.0068232,0.0084359,10,20,320,0.001,0,0,304.2,6.39
full,2026-09-30T00:55:26,T,T,10,core,while_loop:lc1,while_loop,lc1,default,cpu,0,64,4,10,9,32,20240912,ok,,True,3.3054,0.24421,0.46974,0.71395,0.0048974,0.0048012,0.0050972,0.0043394,0.0053606,10,20,320,0.001,0,0,272.6,5.9
full,2026-09-30T00:55:32,T,T,10,core,while_loop_xla:lc1,while_loop_xla,lc1,default,cpu,0,64,4,10,9,32,20240912,ok,,True,3.3733,0.26985,0.58407,0.85391,0.00309,0.0029576,0.0031974,0.0024926,0.0034849,10,50,320,0.001,0,0,307.9,6.76
full,2026-09-30T00:55:39,T,T,10,core,unrolled:lc1,unrolled,lc1,default,cpu,0,64,4,10,9,32,20240912,ok,,True,3.3318,1.2626,2.759,4.0215,0.0042911,0.0041228,0.0046901,0.0035735,0.0056453,10,50,320,0.001,0,0,333.1,10.73
full,2026-09-30T00:55:49,T,T,10,core,predict:dense,predict,dense,default,cpu,0,64,4,10,9,32,20240912,ok,,True,3.1438,0.10787,0.54231,0.65019,0.37278,0.35673,0.41707,0.35068,0.44716,10,1,16448,0.062,0,0,306.3,8.81
full,2026-09-30T00:55:58,T,T,10,core,eager:dense,eager,dense,default,cpu,0,64,4,10,9,32,20240912,ok,,True,3.1928,0.10332,0.072187,0.1755,0.043447,0.041865,0.044612,0.03985,0.047409,10,5,16448,0.062,0,0,259.7,6.57
full,2026-09-30T00:56:05,T,T,10,core,compiled:dense,compiled,dense,default,cpu,0,64,4,10,9,32,20240912,ok,,True,3.6385,0.15966,0.10159,0.26125,0.0070793,0.006591,0.007831,0.0063725,0.0091292,10,20,16448,0.062,0,0,263.4,6.32
full,2026-09-30T00:56:11,T,T,10,core,xla:dense,xla,dense,default,cpu,0,64,4,10,9,32,20240912,ok,,True,3.3506,0.11803,0.13222,0.25024,0.0069945,0.0068563,0.0073484,0.0064169,0.0081441,10,20,16448,0.062,0,0,290.6,6.05
full,2026-09-30T00:56:17,T,T,10,core,while_loop:dense,while_loop,dense,default,cpu,0,64,4,10,9,32,20240912,ok,,True,3.2038,0.10495,0.14835,0.2533,0.0036195,0.0034608,0.0038574,0.003229,0.0039518,10,50,16448,0.062,0,0,265.2,6.38
full,2026-09-30T00:56:24,T,T,10,core,while_loop_xla:dense,while_loop_xla,dense,default,cpu,0,64,4,10,9,32,20240912,ok,,True,3.5079,0.13549,0.27773,0.41322,0.0024505,0.0023975,0.0030326,0.0023469,0.0031881,10,50,16448,0.062,0,0,294.8,6.2
full,2026-09-30T00:56:30,T,T,10,core,unrolled:dense,unrolled,dense,default,cpu,0,64,4,10,9,32,20240912,ok,,True,3.3403,0.27014,0.28752,0.55766,0.0037582,0.0036694,0.0039013,0.0031043,0.0043464,10,50,16448,0.062,0,0,269.5,6.83
full,2026-09-30T00:56:37,T,T,10,core,compiled:lc2,compiled,lc2,default,cpu,0,64,4,10,9,32,20240912,ok,,True,3.3436,0.1305,0.10654,0.23704,0.0076312,0.006895,0.0080647,0.0065414,0.0083591,10,20,16448,0.062,0,0,264.9,6.14
full,2026-09-30T00:56:43,T,T,10,core,xla:lc2,xla,lc2,default,cpu,0,64,4,10,9,32,20240912,ok,,True,3.5219,0.12056,0.15403,0.27459,0.0073187,0.0069604,0.0073929,0.0065579,0.0075426,10,20,16448,0.062,0,0,291.1,6.2
full,2026-09-30T00:56:49,T,T,10,core,compiled:lc3,compiled,lc3,default,cpu,0,64,4,10,9,32,20240912,ok,,True,3.2557,0.11276,0.095942,0.2087,0.0075208,0.0063499,0.0080418,0.0059363,0.0087771,10,20,320,0.001,0,0,265.2,5.93
full,2026-09-30T00:56:55,T,T,10,core,compiled:elem,compiled,elem,default,cpu,0,64,4,10,9,32,20240912,ok,,True,3.5838,0.12976,0.085281,0.21504,0.0062148,0.0060756,0.0063219,0.0056371,0.0070879,10,20,320,0.001,0,0,262.9,6.08
full,2026-09-30T00:57:01,T,T,10,core,xla:elem,xla,elem,default,cpu,0,64,4,10,9,32,20240912,ok,,True,3.1719,0.14228,0.14501,0.28728,0.0067701,0.0063785,0.00704,0.0060611,0.0076607,10,20,320,0.001,0,0,289.4,5.76
full,2026-09-30T00:57:07,T,T,10,core,while_loop_xla:elem,while_loop_xla,elem,default,cpu,0,64,4,10,9,32,20240912,ok,,True,3.4727,0.1091,0.17824,0.28734,0.002697,0.0025426,0.0029969,0.0024505,0.0035424,10,50,320,0.001,0,0,292.9,6.07
full,2026-09-30T00:57:13,T,T,10,core,numpy,numpy,,single,cpu,0,64,4,10,9,32,20240912,ok,,True,3.434,2.48e-05,0.0011302,0.001155,0.00087472,0.00078044,0.00089122,0.00063001,0.0009925,10,200,,,1,1,239.2,6.14
full,2026-09-30T00:57:19,T,T,10,core,numpy_lut,numpy_lut,,single,cpu,0,64,4,10,9,32,20240912,ok,,True,3.1189,0.0001108,0.0007719,0.0008827,0.00049458,0.00047333,0.00051151,0.00043479,0.00061195,10,200,,,1,1,239.1,5.05
full,2026-09-30T00:57:24,T,T,10,core,predict:lc1,predict,lc1,single,cpu,0,64,4,10,9,32,20240912,ok,,True,3.3458,0.29787,0.90878,1.2066,0.32972,0.30994,0.34211,0.30483,0.37392,10,1,320,0.001,1,1,306.6,8.91
full,2026-09-30T00:57:33,T,T,10,core,eager:lc1,eager,lc1,single,cpu,0,64,4,10,9,32,20240912,ok,,True,3.106,0.21982,0.31499,0.53481,0.29076,0.25118,0.2999,0.24079,0.32343,10,1,320,0.001,1,1,256.9,7.42
full,2026-09-30T00:57:40,T,T,10,core,compiled:lc1,compiled,lc1,single,cpu,0,64,4,10,9,32,20240912,ok,,True,3.0853,0.19324,0.28429,0.47753,0.0073509,0.0068451,0.0078265,0.0064363,0.0089419,10,20,320,0.001,1,1,265.0,6.0
full,2026-09-30T00:57:46,T,T,10,core,xla:lc1,xla,lc1,single,cpu,0,64,4,10,9,32,20240912,ok,,True,3.277,0.20012,0.34535,0.54546,0.006254,0.0060018,0.0064652,0.0055957,0.0072503,10,20,320,0.001,1,1,297.1,6.03
full,2026-09-30T00:57:52,T,T,10,core,while_loop:lc1,while_loop,lc1,single,cpu,0,64,4,10,9,32,20240912,ok,,True,3.041,0.23679,0.45153,0.68832,0.0040913,0.0040093,0.0041814,0.0035941,0.0043771,10,50,320,0.001,1,1,267.2,6.79
full,2026-09-30T00:57:59,T,T,10,core,while_loop_xla:lc1,while_loop_xla,lc1,single,cpu,0,64,4,10,9,32,20240912,ok,,True,3.3135,0.20859,0.48341,0.692,0.0029878,0.0026422,0.0032082,0.0023729,0.003481,10,50,320,0.001,1,1,301.5,6.39
full,2026-09-30T00:58:06,T,T,10,core,unrolled:lc1,unrolled,lc1,single,cpu,0,64,4,10,9,32,20240912,ok,,True,3.4503,1.4177,2.2263,3.644,0.0041601,0.0040087,0.0044537,0.003532,0.004974,10,50,320,0.001,1,1,326.8,10.35
full,2026-09-30T00:58:16,T,T,10,core,predict:dense,predict,dense,single,cpu,0,64,4,10,9,32,20240912,ok,,True,3.4165,0.12956,0.51948,0.64904,0.34313,0.31562,0.37514,0.30209,0.38327,10,1,16448,0.062,1,1,300.9,8.64
full,2026-09-30T00:58:25,T,T,10,core,eager:dense,eager,dense,single,cpu,0,64,4,10,9,32,20240912,ok,,True,3.313,0.15405,0.099322,0.25337,0.040662,0.038598,0.043862,0.033488,0.058481,10,5,16448,0.062,1,1,255.2,6.76
full,2026-09-30T00:58:31,T,T,10,core,compiled:dense,compiled,dense,single,cpu,0,64,4,10,9,32,20240912,ok,,True,3.1959,0.111,0.082193,0.19319,0.0055074,0.0052029,0.0058684,0.0049485,0.006742,10,20,16448,0.062,1,1,259.0,5.37
full,2026-09-30T00:58:37,T,T,10,core,xla:dense,xla,dense,single,cpu,0,64,4,10,9,32,20240912,ok,,True,3.5031,0.10085,0.12063,0.22147,0.0060021,0.0056707,0.0070725,0.0052853,0.0080338,10,20,16448,0.062,1,1,283.7,5.92
full,2026-09-30T00:58:43,T,T,10,core,while_loop:dense,while_loop,dense,single,cpu,0,64,4,10,9,32,20240912,ok,,True,3.1561,0.10701,0.15517,0.26218,0.0032027,0.0031356,0.0033507,0.002949,0.0035652,10,50,16448,0.062,1,1,260.0,6.1
full,2026-09-30T00:58:49,T,T,10,core,while_loop_xla:dense,while_loop_xla,dense,single,cpu,0,64,4,10,9,32,20240912,ok,,True,3.1715,0.12497,0.25762,0.38259,0.0024663,0.0024138,0.0026683,0.0023321,0.0035424,10,50,16448,0.062,1,1,287.9,5.89
full,2026-09-30T00:58:55,T,T,10,core,unrolled:dense,unrolled,dense,single,cpu,0,64,4,10,9,32,20240912,ok,,True,3.5032,0.32809,0.32165,0.64974,0.0027141,0.0025294,0.0028683,0.0023775,0.0030564,10,50,16448,0.062,1,1,264.1,6.49
full,2026-09-30T00:59:01,T,T,10,core,compiled:lc2,compiled,lc2,single,cpu,0,64,4,10,9,32,20240912,ok,,True,3.173,0.10566,0.089152,0.19481,0.0072547,0.0069809,0.0079352,0.0058197,0.008309,10,20,16448,0.062,1,1,259.9,5.81
full,2026-09-30T00:59:07,T,T,10,core,xla:lc2,xla,lc2,single,cpu,0,64,4,10,9,32,20240912,ok,,True,3.4118,0.13293,0.18925,0.32218,0.0062255,0.005928,0.0064788,0.0054534,0.0072226,10,20,16448,0.062,1,1,284.6,5.98
full,2026-09-30T00:59:13,T,T,10,core,compiled:lc3,compiled,lc3,single,cpu,0,64,4,10,9,32,20240912,ok,,True,3.2589,0.13395,0.097248,0.2312,0.0063726,0.0060027,0.0066114,0.0058198,0.0070161,10,20,320,0.001,1,1,258.6,5.67
full,2026-09-30T00:59:19,T,T,10,core,compiled:elem,compiled,elem,single,cpu,0,64,4,10,9,32,20240912,ok,,True,3.4565,0.10812,0.069662,0.17778,0.0061246,0.005866,0.0065982,0.0052303,0.0089614,10,50,320,0.001,1,1,257.9,7.97
full,2026-09-30T00:59:26,T,T,10,core,xla:elem,xla,elem,single,cpu,0,64,4,10,9,32,20240912,ok,,True,3.6585,0.14155,0.13338,0.27493,0.0054519,0.0051512,0.0060094,0.0050504,0.0068841,10,20,320,0.001,1,1,283.2,5.98
full,2026-09-30T00:59:32,T,T,10,core,while_loop_xla:elem,while_loop_xla,elem,single,cpu,0,64,4,10,9,32,20240912,ok,,True,3.2789,0.1078,0.19351,0.30131,0.0029936,0.0025133,0.0030801,0.0022387,0.003264,10,50,320,0.001,1,1,286.5,5.95
full,2026-09-30T00:59:38,T,T,20,core,cellpylib,cellpylib,,default,cpu,0,64,4,20,19,32,20240912,ok,,True,3.8198,7.1e-06,0.86968,0.86969,0.91111,0.822,0.99528,0.76484,1.1215,10,1,,,0,0,263.0,15.62
full,2026-09-30T00:59:54,T,T,20,core,numpy,numpy,,default,cpu,0,64,4,20,19,32,20240912,ok,,True,3.2661,8.1e-06,0.0014361,0.0014442,0.001609,0.0014661,0.0016851,0.0013754,0.0022136,10,100,,,0,0,240.9,5.95
full,2026-09-30T01:00:00,T,T,20,core,numpy_lut,numpy_lut,,default,cpu,0,64,4,20,19,32,20240912,ok,,True,4.0518,0.0001157,0.001625,0.0017407,0.0012336,0.0011549,0.0013203,0.00099834,0.001515,10,200,,,0,0,240.7,7.64
full,2026-09-30T01:00:08,T,T,20,core,predict:lc1,predict,lc1,default,cpu,0,64,4,20,19,32,20240912,ok,,True,4.187,0.3023,1.5515,1.8538,0.86626,0.74773,0.96935,0.6519,1.1758,10,1,320,0.001,0,0,353.2,16.34
full,2026-09-30T01:00:24,T,T,20,core,eager:lc1,eager,lc1,default,cpu,0,64,4,20,19,32,20240912,ok,,True,3.8397,0.23077,0.68499,0.91576,0.59582,0.52928,0.64294,0.50441,0.71961,10,1,320,0.001,0,0,264.4,12.11
full,2026-09-30T01:00:36,T,T,20,core,compiled:lc1,compiled,lc1,default,cpu,0,64,4,20,19,32,20240912,ok,,True,3.3323,0.32261,0.42978,0.75239,0.018689,0.018053,0.019154,0.017813,0.019628,10,5,320,0.001,0,0,271.3,5.88
full,2026-09-30T01:00:42,T,T,20,core,xla:lc1,xla,lc1,default,cpu,0,64,4,20,19,32,20240912,ok,,True,3.2292,0.24383,0.41346,0.6573,0.01249,0.011815,0.01307,0.011296,0.013778,10,10,320,0.001,0,0,304.4,6.09
full,2026-09-30T01:00:48,T,T,20,core,while_loop:lc1,while_loop,lc1,default,cpu,0,64,4,20,19,32,20240912,ok,,True,3.6056,0.23806,0.36373,0.60179,0.0092642,0.0086374,0.010733,0.0083871,0.010864,10,20,320,0.001,0,0,274.8,7.21
full,2026-09-30T01:00:55,T,T,20,core,while_loop_xla:lc1,while_loop_xla,lc1,default,cpu,0,64,4,20,19,32,20240912,ok,,True,3.2675,0.25146,0.60311,0.85457,0.0055885,0.005139,0.0062074,0.0048006,0.0069606,10,20,320,0.001,0,0,308.7,6.22
full,2026-09-30T01:01:01,T,T,20,core,unrolled:lc1,unrolled,lc1,default,cpu,0,64,4,20,19,32,20240912,ok,,True,3.4158,2.5766,5.3715,7.9481,0.0083564,0.0079422,0.0085526,0.0075817,0.0090157,10,20,320,0.001,0,0,421.1,14.11
full,2026-09-30T01:01:16,T,T,20,core,predict:dense,predict,dense,default,cpu,0,64,4,20,19,32,20240912,ok,,True,3.4521,0.11927,1.0397,1.159,0.78047,0.74753,0.80626,0.65245,0.85848,10,1,16448,0.062,0,0,346.2,13.95
full,2026-09-30T01:01:30,T,T,20,core,eager:dense,eager,dense,default,cpu,0,64,4,20,19,32,20240912,ok,,True,3.4508,0.11671,0.10821,0.22492,0.086874,0.080603,0.090093,0.07538,0.091667,10,2,16448,0.062,0,0,261.5,6.43
full,2026-09-30T01:01:36,T,T,20,core,compiled:dense,compiled,dense,default,cpu,0,64,4,20,19,32,20240912,ok,,True,3.4042,0.11957,0.10893,0.2285,0.01737,0.016894,0.017828,0.016151,0.018996,10,10,16448,0.062,0,0,263.9,6.42
full,2026-09-30T01:01:42,T,T,20,core,xla:dense,xla,dense,default,cpu,0,64,4,20,19,32,20240912,ok,,True,3.1856,0.14892,0.17912,0.32804,0.013028,0.01194,0.013668,0.011352,0.014983,10,10,16448,0.062,0,0,290.3,5.83
full,2026-09-30T01:01:48,T,T,20,core,while_loop:dense,while_loop,dense,default,cpu,0,64,4,20,19,32,20240912,ok,,True,3.4663,0.10305,0.14676,0.24981,0.007013,0.006553,0.0072571,0.0064601,0.0089353,10,20,16448,0.062,0,0,265.7,6.29
full,2026-09-30T01:01:55,T,T,20,core,while_loop_xla:dense,while_loop_xla,dense,default,cpu,0,64,4,20,19,32,20240912,ok,,True,3.5481,0.13395,0.22836,0.36231,0.0067632,0.0063743,0.0069644,0.0061592,0.0070682,10,20,16448,0.062,0,0,293.6,6.27
full,2026-09-30T01:02:01,T,T,20,core,unrolled:dense,unrolled,dense,default,cpu,0,64,4,20,19,32,20240912,ok,,True,3.3921,0.60943,0.75563,1.3651,0.0071983,0.006944,0.0073903,0.0066411,0.0082397,10,20,16448,0.062,0,0,277.5,7.2
full,2026-09-30T01:02:08,T,T,20,core,compiled:lc2,compiled,lc2,default,cpu,0,64,4,20,19,32,20240912,ok,,True,3.7954,0.10571,0.099184,0.20489,0.016717,0.015328,0.017863,0.014467,0.018186,10,10,16448,0.062,0,0,266.0,6.72
full,2026-09-30T01:02:15,T,T,20,core,xla:lc2,xla,lc2,default,cpu,0,64,4,20,19,32,20240912,ok,,True,3.1522,0.12183,0.15263,0.27447,0.017418,0.015028,0.018046,0.013254,0.018584,10,10,16448,0.062,0,0,292.3,6.09
full,2026-09-30T01:02:21,T,T,20,core,compiled:lc3,compiled,lc3,default,cpu,0,64,4,20,19,32,20240912,ok,,True,3.5324,0.11487,0.093085,0.20795,0.013176,0.012703,0.013715,0.012454,0.013967,10,10,320,0.001,0,0,264.5,6.0
full,2026-09-30T01:02:27,T,T,20,core,compiled:elem,compiled,elem,default,cpu,0,64,4,20,19,32,20240912,ok,,True,3.4955,0.14016,0.11247,0.25263,0.01528,0.013871,0.017703,0.012938,0.019144,10,10,320,0.001,0,0,262.5,6.32
full,2026-09-30T01:02:33,T,T,20,core,xla:elem,xla,elem,default,cpu,0,64,4,20,19,32,20240912,ok,,True,3.0818,0.14145,0.16443,0.30587,0.014019,0.01348,0.0144,0.012616,0.014856,10,10,320,0.001,0,0,290.3,5.81
full,2026-09-30T01:02:39,T,T,20,core,while_loop_xla:elem,while_loop_xla,elem,default,cpu,0,64,4,20,19,32,20240912,ok,,True,3.5003,0.11383,0.21674,0.33056,0.0043249,0.0042002,0.0045105,0.0040845,0.0053769,10,50,320,0.001,0,0,293.9,7.21
full,2026-09-30T01:02:46,T,T,20,core,numpy,numpy,,single,cpu,0,64,4,20,19,32,20240912,ok,,True,3.2438,8.4e-06,0.0016741,0.0016825,0.0018253,0.0017997,0.0019199,0.0014426,0.0020386,10,100,,,1,1,239.4,6.13
full,2026-09-30T01:02:52,T,T,20,core,numpy_lut,numpy_lut,,single,cpu,0,64,4,20,19,32,20240912,ok,,True,3.2087,8.72e-05,0.0010357,0.0011229,0.0009063,0.0008492,0.0010802,0.00082901,0.0012802,10,200,,,1,1,238.8,6.26
full,2026-09-30T01:02:59,T,T,20,core,predict:lc1,predict,lc1,single,cpu,0,64,4,20,19,32,20240912,ok,,True,3.5078,0.1991,1.2538,1.4529,0.82524,0.75295,0.8458,0.68427,0.92941,10,1,320,0.001,1,1,347.2,14.55
full,2026-09-30T01:03:13,T,T,20,core,eager:lc1,eager,lc1,single,cpu,0,64,4,20,19,32,20240912,ok,,True,3.2801,0.21939,0.60039,0.81977,0.62693,0.59223,0.64735,0.55038,0.68852,10,1,320,0.001,1,1,259.8,11.5
full,2026-09-30T01:03:25,T,T,20,core,compiled:lc1,compiled,lc1,single,cpu,0,64,4,20,19,32,20240912,ok,,True,3.1505,0.27504,0.37093,0.64596,0.018313,0.017622,0.018608,0.016095,0.018794,10,10,320,0.001,1,1,266.2,6.62
full,2026-09-30T01:03:31,T,T,20,core,xla:lc1,xla,lc1,single,cpu,0,64,4,20,19,32,20240912,ok,,True,3.5228,0.22384,0.36321,0.58705,0.011967,0.011651,0.012378,0.011246,0.013262,10,10,320,0.001,1,1,296.9,6.31
full,2026-09-30T01:03:38,T,T,20,core,while_loop:lc1,while_loop,lc1,single,cpu,0,64,4,20,19,32,20240912,ok,,True,3.5089,0.26916,0.50237,0.77153,0.010804,0.0094921,0.011264,0.0084191,0.013395,10,10,320,0.001,1,1,268.3,6.32
full,2026-09-30T01:03:44,T,T,20,core,while_loop_xla:lc1,while_loop_xla,lc1,single,cpu,0,64,4,20,19,32,20240912,ok,,True,3.1303,0.22928,0.59804,0.82732,0.0051598,0.0050114,0.0053546,0.0048462,0.0056857,10,20,320,0.001,1,1,302.3,5.91
full,2026-09-30T01:03:50,T,T,20,core,unrolled:lc1,unrolled,lc1,single,cpu,0,64,4,20,19,32,20240912,ok,,True,3.4674,2.5827,5.1721,7.7548,0.012688,0.012292,0.012861,0.010399,0.013647,10,10,320,0.001,1,1,414.3,13.46
full,2026-09-30T01:04:03,T,T,20,core,predict:dense,predict,dense,single,cpu,0,64,4,20,19,32,20240912,ok,,True,3.241,0.12704,0.93641,1.0634,0.78853,0.7045,0.86195,0.67834,0.95481,10,1,16448,0.062,1,1,343.2,13.65
full,2026-09-30T01:04:17,T,T,20,core,eager:dense,eager,dense,single,cpu,0,64,4,20,19,32,20240912,ok,,True,3.2921,0.13513,0.14637,0.2815,0.085643,0.080606,0.089154,0.077536,0.11164,10,1,16448,0.062,1,1,254.4,5.37
full,2026-09-30T01:04:22,T,T,20,core,compiled:dense,compiled,dense,single,cpu,0,64,4,20,19,32,20240912,ok,,True,3.2816,0.10694,0.084185,0.19112,0.012397,0.010968,0.013806,0.010358,0.014518,10,10,16448,0.062,1,1,258.8,5.67
full,2026-09-30T01:04:28,T,T,20,core,xla:dense,xla,dense,single,cpu,0,64,4,20,19,32,20240912,ok,,True,3.5328,0.10702,0.15299,0.26002,0.016397,0.015654,0.017078,0.015056,0.018283,10,10,16448,0.062,1,1,284.5,6.47
full,2026-09-30T01:04:34,T,T,20,core,while_loop:dense,while_loop,dense,single,cpu,0,64,4,20,19,32,20240912,ok,,True,3.1915,0.1013,0.15835,0.25965,0.0050939,0.0049598,0.0056651,0.0047816,0.0059212,10,20,16448,0.062,1,1,260.7,5.46
full,2026-09-30T01:04:40,T,T,20,core,while_loop_xla:dense,while_loop_xla,dense,single,cpu,0,64,4,20,19,32,20240912,ok,,True,3.4888,0.13993,0.2571,0.39703,0.0049911,0.0048369,0.0052872,0.0046852,0.0059537,10,20,16448,0.062,1,1,287.4,5.83
full,2026-09-30T01:04:46,T,T,20,core,unrolled:dense,unrolled,dense,single,cpu,0,64,4,20,19,32,20240912,ok,,True,3.2653,0.54903,0.63755,1.1866,0.0048901,0.004643,0.0050976,0.0044075,0.0054784,10,20,16448,0.062,1,1,270.6,6.34
full,2026-09-30T01:04:52,T,T,20,core,compiled:lc2,compiled,lc2,single,cpu,0,64,4,20,19,32,20240912,ok,,True,3.4359,0.10622,0.095285,0.20151,0.019755,0.015068,0.027339,0.012398,0.034203,10,10,16448,0.062,1,1,259.7,6.73
full,2026-09-30T01:04:59,T,T,20,core,xla:lc2,xla,lc2,single,cpu,0,64,4,20,19,32,20240912,ok,,True,3.4454,0.18812,0.17954,0.36766,0.018205,0.01505,0.019513,0.011393,0.021716,10,10,16448,0.062,1,1,285.8,6.57
full,2026-09-30T01:05:05,T,T,20,core,compiled:lc3,compiled,lc3,single,cpu,0,64,4,20,19,32,20240912,ok,,True,3.5064,0.14838,0.13218,0.28056,0.013466,0.012642,0.01378,0.012348,0.01418,10,10,320,0.001,1,1,259.0,6.04
full,2026-09-30T01:05:11,T,T,20,core,compiled:elem,compiled,elem,single,cpu,0,64,4,20,19,32,20240912,ok,,True,3.5352,0.1083,0.09136,0.19966,0.012501,0.011595,0.013334,0.010396,0.014889,10,20,320,0.001,1,1,258.2,7.32
full,2026-09-30T01:05:19,T,T,20,core,xla:elem,xla,elem,single,cpu,0,64,4,20,19,32,20240912,ok,,True,3.4334,0.12958,0.15455,0.28413,0.014758,0.013932,0.014956,0.011137,0.015465,10,10,320,0.001,1,1,284.0,6.1
full,2026-09-30T01:05:25,T,T,20,core,while_loop_xla:elem,while_loop_xla,elem,single,cpu,0,64,4,20,19,32,20240912,ok,,True,3.3143,0.15666,0.24116,0.39782,0.0048189,0.004616,0.0049086,0.004588,0.0056426,10,20,320,0.001,1,1,287.5,5.68
full,2026-09-30T01:05:30,T,T,30,core,cellpylib,cellpylib,,default,cpu,0,64,4,30,29,32,20240912,ok,,True,3.8987,1.27e-05,1.4339,1.4339,1.3998,1.3354,1.4367,1.1031,1.5668,10,1,,,0,0,263.1,21.2
full,2026-09-30T01:05:52,T,T,30,core,numpy,numpy,,default,cpu,0,64,4,30,29,32,20240912,ok,,True,3.4959,9.9e-06,0.0028383,0.0028482,0.0019476,0.0017768,0.0019874,0.0016992,0.0024365,10,100,,,0,0,240.3,6.46
full,2026-09-30T01:05:58,T,T,30,core,numpy_lut,numpy_lut,,default,cpu,0,64,4,30,29,32,20240912,ok,,True,3.3304,0.0001079,0.0023166,0.0024245,0.0015377,0.0013651,0.0018019,0.0013029,0.0021365,10,50,,,0,0,240.5,5.11
full,2026-09-30T01:06:03,T,T,30,core,predict:lc1,predict,lc1,default,cpu,0,64,4,30,29,32,20240912,ok,,True,3.2546,0.19873,1.6282,1.8269,1.212,1.1083,1.2781,1.0094,1.4524,10,1,320,0.001,0,0,392.2,19.37
full,2026-09-30T01:06:23,T,T,30,core,eager:lc1,eager,lc1,default,cpu,0,64,4,30,29,32,20240912,ok,,True,3.2957,0.21817,0.97896,1.1971,0.91304,0.86403,0.99544,0.78205,1.0573,10,1,320,0.001,0,0,268.8,15.36
full,2026-09-30T01:06:38,T,T,30,core,compiled:lc1,compiled,lc1,default,cpu,0,64,4,30,29,32,20240912,ok,,True,3.2317,0.24913,0.43988,0.68901,0.028538,0.028422,0.029356,0.02795,0.030256,10,5,320,0.001,0,0,271.2,6.28
full,2026-09-30T01:06:44,T,T,30,core,xla:lc1,xla,lc1,default,cpu,0,64,4,30,29,32,20240912,ok,,True,3.3818,0.20115,0.35354,0.55469,0.023185,0.020308,0.024126,0.018583,0.02517,10,10,320,0.001,0,0,304.3,7.24
full,2026-09-30T01:06:51,T,T,30,core,while_loop:lc1,while_loop,lc1,default,cpu,0,64,4,30,29,32,20240912,ok,,True,3.4084,0.29673,0.51008,0.80681,0.012172,0.011806,0.012308,0.011627,0.017253,10,10,320,0.001,0,0,272.7,6.49
full,2026-09-30T01:06:58,T,T,30,core,while_loop_xla:lc1,while_loop_xla,lc1,default,cpu,0,64,4,30,29,32,20240912,ok,,True,3.2925,0.20172,0.53727,0.73899,0.0084921,0.0080788,0.0096463,0.007508,0.010731,10,20,320,0.001,0,0,309.1,6.91
full,2026-09-30T01:07:05,T,T,30,core,unrolled:lc1,unrolled,lc1,default,cpu,0,64,4,30,29,32,20240912,ok,,True,3.1339,4.2384,8.1999,12.438,0.012356,0.012258,0.013135,0.012197,0.013451,10,10,320,0.001,0,0,491.3,18.05
full,2026-09-30T01:07:23,T,T,30,core,predict:dense,predict,dense,default,cpu,0,64,4,30,29,32,20240912,ok,,True,3.595,0.12497,1.7716,1.8966,1.1981,1.1318,1.235,1.044,1.4192,10,1,16448,0.062,0,0,387.9,19.49
full,2026-09-30T01:07:42,T,T,30,core,eager:dense,eager,dense,default,cpu,0,64,4,30,29,32,20240912,ok,,True,3.3614,0.15579,0.17358,0.32937,0.12753,0.12517,0.13151,0.11482,0.15319,10,1,16448,0.062,0,0,259.7,5.82
full,2026-09-30T01:07:48,T,T,30,core,compiled:dense,compiled,dense,default,cpu,0,64,4,30,29,32,20240912,ok,,True,3.5129,0.18395,0.1294,0.31336,0.02559,0.024896,0.026235,0.024549,0.027538,10,5,16448,0.062,0,0,264.4,6.03
full,2026-09-30T01:07:54,T,T,30,core,xla:dense,xla,dense,default,cpu,0,64,4,30,29,32,20240912,ok,,True,3.4833,0.10443,0.12592,0.23035,0.018444,0.017632,0.01954,0.017168,0.021247,10,5,16448,0.062,0,0,290.5,5.53
full,2026-09-30T01:08:00,T,T,30,core,while_loop:dense,while_loop,dense,default,cpu,0,64,4,30,29,32,20240912,ok,,True,3.3793,0.14503,0.20075,0.34578,0.011873,0.011678,0.012591,0.011603,0.013028,10,10,16448,0.062,0,0,265.7,5.89
full,2026-09-30T01:08:06,T,T,30,core,while_loop_xla:dense,while_loop_xla,dense,default,cpu,0,64,4,30,29,32,20240912,ok,,True,3.1581,0.12672,0.26243,0.38915,0.0084672,0.0073397,0.0087739,0.0069477,0.0090654,10,20,16448,0.062,0,0,295.7,6.25
full,2026-09-30T01:08:12,T,T,30,core,unrolled:dense,unrolled,dense,default,cpu,0,64,4,30,29,32,20240912,ok,,True,3.5908,0.82315,0.9913,1.8145,0.010434,0.010058,0.010623,0.0098576,0.011021,10,20,16448,0.062,0,0,283.2,8.56
full,2026-09-30T01:08:20,T,T,30,core,compiled:lc2,compiled,lc2,default,cpu,0,64,4,30,29,32,20240912,ok,,True,3.4041,0.16885,0.14578,0.31463,0.026565,0.02574,0.027085,0.024844,0.030228,10,5,16448,0.062,0,0,266.2,5.98
full,2026-09-30T01:08:26,T,T,30,core,xla:lc2,xla,lc2,default,cpu,0,64,4,30,29,32,20240912,ok,,True,3.2707,0.12483,0.15188,0.27671,0.017936,0.017551,0.019136,0.016949,0.020661,10,10,16448,0.062,0,0,292.0,6.5
full,2026-09-30T01:08:33,T,T,30,core,compiled:lc3,compiled,lc3,default,cpu,0,64,4,30,29,32,20240912,ok,,True,3.3904,0.11145,0.098553,0.21,0.021845,0.021108,0.022497,0.019501,0.024428,10,5,320,0.001,0,0,265.6,5.65
full,2026-09-30T01:08:39,T,T,30,core,compiled:elem,compiled,elem,default,cpu,0,64,4,30,29,32,20240912,ok,,True,3.1016,0.10869,0.099066,0.20776,0.022709,0.021114,0.023532,0.020168,0.028247,10,5,320,0.001,0,0,263.8,5.41
full,2026-09-30T01:08:44,T,T,30,core,xla:elem,xla,elem,default,cpu,0,64,4,30,29,32,20240912,ok,,True,3.3828,0.13026,0.18198,0.31224,0.019748,0.016811,0.022516,0.016554,0.025138,10,5,320,0.001,0,0,290.4,5.64
full,2026-09-30T01:08:50,T,T,30,core,while_loop_xla:elem,while_loop_xla,elem,default,cpu,0,64,4,30,29,32,20240912,ok,,True,3.2753,0.13471,0.23398,0.36869,0.0071165,0.0068752,0.0076021,0.0067597,0.0089485,10,20,320,0.001,0,0,294.9,6.06
full,2026-09-30T01:08:56,T,T,30,core,numpy,numpy,,single,cpu,0,64,4,30,29,32,20240912,ok,,True,3.4028,7.3e-06,0.0018819,0.0018892,0.0018429,0.0017055,0.0022214,0.0016813,0.0027744,10,100,,,1,1,239.4,6.4
full,2026-09-30T01:09:02,T,T,30,core,numpy_lut,numpy_lut,,single,cpu,0,64,4,30,29,32,20240912,ok,,True,3.5438,0.0001238,0.0026488,0.0027726,0.0014922,0.0014599,0.0015429,0.0014223,0.0016698,10,100,,,1,1,239.2,6.04
full,2026-09-30T01:09:08,T,T,30,core,predict:lc1,predict,lc1,single,cpu,0,64,4,30,29,32,20240912,ok,,True,3.2503,0.2272,1.5078,1.735,1.21,1.1328,1.2543,1.0311,1.4538,10,1,320,0.001,1,1,387.9,19.19
full,2026-09-30T01:09:27,T,T,30,core,eager:lc1,eager,lc1,single,cpu,0,64,4,30,29,32,20240912,ok,,True,3.3599,0.20803,0.87106,1.0791,0.93415,0.86032,0.96788,0.79367,1.0517,10,1,320,0.001,1,1,262.8,15.2
full,2026-09-30T01:09:43,T,T,30,core,compiled:lc1,compiled,lc1,single,cpu,0,64,4,30,29,32,20240912,ok,,True,3.491,0.27166,0.38371,0.65537,0.025327,0.024037,0.026664,0.020938,0.029282,10,5,320,0.001,1,1,265.4,6.33
full,2026-09-30T01:09:49,T,T,30,core,xla:lc1,xla,lc1,single,cpu,0,64,4,30,29,32,20240912,ok,,True,3.1419,0.25779,0.41389,0.67168,0.024987,0.022361,0.025745,0.021325,0.027003,10,5,320,0.001,1,1,298.6,5.96
full,2026-09-30T01:09:55,T,T,30,core,while_loop:lc1,while_loop,lc1,single,cpu,0,64,4,30,29,32,20240912,ok,,True,3.5253,0.24179,0.36815,0.60993,0.011972,0.011372,0.012473,0.011165,0.014264,10,10,320,0.001,1,1,268.5,6.23
full,2026-09-30T01:10:01,T,T,30,core,while_loop_xla:lc1,while_loop_xla,lc1,single,cpu,0,64,4,30,29,32,20240912,ok,,True,3.4274,0.248,0.51734,0.76534,0.009307,0.0081381,0.010531,0.007826,0.010708,10,20,320,0.001,1,1,303.0,7.04
full,2026-09-30T01:10:08,T,T,30,core,unrolled:lc1,unrolled,lc1,single,cpu,0,64,4,30,29,32,20240912,ok,,True,3.241,4.3329,8.0106,12.344,0.015346,0.013515,0.016525,0.013046,0.019208,10,10,320,0.001,1,1,483.6,18.33
full,2026-09-30T01:10:26,T,T,30,core,predict:dense,predict,dense,single,cpu,0,64,4,30,29,32,20240912,ok,,True,3.1964,0.12627,1.497,1.6232,1.2122,1.0607,1.2592,0.99301,1.4236,10,1,16448,0.062,1,1,383.1,18.6
full,2026-09-30T01:10:45,T,T,30,core,eager:dense,eager,dense,single,cpu,0,64,4,30,29,32,20240912,ok,,True,3.3643,0.12889,0.1872,0.31609,0.1294,0.12239,0.13418,0.11522,0.14402,10,1,16448,0.062,1,1,255.7,5.81
full,2026-09-30T01:10:51,T,T,30,core,compiled:dense,compiled,dense,single,cpu,0,64,4,30,29,32,20240912,ok,,True,3.1734,0.11374,0.10928,0.22303,0.019694,0.018853,0.02005,0.01762,0.023258,10,5,16448,0.062,1,1,258.6,5.25
full,2026-09-30T01:10:56,T,T,30,core,xla:dense,xla,dense,single,cpu,0,64,4,30,29,32,20240912,ok,,True,3.5108,0.10094,0.12451,0.22544,0.019097,0.017572,0.020441,0.016618,0.023969,10,10,16448,0.062,1,1,285.0,6.78
full,2026-09-30T01:11:03,T,T,30,core,while_loop:dense,while_loop,dense,single,cpu,0,64,4,30,29,32,20240912,ok,,True,3.3995,0.1394,0.20765,0.34706,0.0080308,0.0078161,0.0082817,0.0074369,0.0088778,10,20,16448,0.062,1,1,260.7,6.42
full,2026-09-30T01:11:09,T,T,30,core,while_loop_xla:dense,while_loop_xla,dense,single,cpu,0,64,4,30,29,32,20240912,ok,,True,3.2491,0.14061,0.237,0.37761,0.0072201,0.0068223,0.0081127,0.0067255,0.0087507,10,20,16448,0.062,1,1,289.0,6.07
full,2026-09-30T01:11:15,T,T,30,core,unrolled:dense,unrolled,dense,single,cpu,0,64,4,30,29,32,20240912,ok,,True,3.4631,0.75545,0.91782,1.6733,0.0073467,0.0071443,0.0081136,0.0067841,0.0090796,10,20,16448,0.062,1,1,278.2,7.76
full,2026-09-30T01:11:23,T,T,30,core,compiled:lc2,compiled,lc2,single,cpu,0,64,4,30,29,32,20240912,ok,,True,3.338,0.13641,0.14688,0.28329,0.022687,0.021417,0.025948,0.01849,0.026204,10,5,16448,0.062,1,1,260.7,5.67
full,2026-09-30T01:11:29,T,T,30,core,xla:lc2,xla,lc2,single,cpu,0,64,4,30,29,32,20240912,ok,,True,3.2847,0.1293,0.1609,0.2902,0.018181,0.017018,0.023729,0.016769,0.025702,10,10,16448,0.062,1,1,285.9,6.57
full,2026-09-30T01:11:35,T,T,30,core,compiled:lc3,compiled,lc3,single,cpu,0,64,4,30,29,32,20240912,ok,,True,3.4635,0.12472,0.097403,0.22212,0.019811,0.01882,0.021313,0.015261,0.022252,10,10,320,0.001,1,1,260.4,6.69
full,2026-09-30T01:11:42,T,T,30,core,compiled:elem,compiled,elem,single,cpu,0,64,4,30,29,32,20240912,ok,,True,3.2615,0.15072,0.1266,0.27732,0.020634,0.019669,0.021174,0.01879,0.022137,10,5,320,0.001,1,1,258.5,5.48
full,2026-09-30T01:11:48,T,T,30,core,xla:elem,xla,elem,single,cpu,0,64,4,30,29,32,20240912,ok,,True,3.2603,0.13666,0.14807,0.28473,0.016963,0.016487,0.019046,0.016165,0.01988,10,10,320,0.001,1,1,284.3,6.41
full,2026-09-30T01:11:54,T,T,30,core,while_loop_xla:elem,while_loop_xla,elem,single,cpu,0,64,4,30,29,32,20240912,ok,,True,3.4348,0.11837,0.21399,0.33237,0.0072714,0.0071791,0.0075414,0.0066047,0.0088513,10,20,320,0.001,1,1,288.4,6.27
full,2026-09-30T01:12:00,T,T,40,core,cellpylib,cellpylib,,default,cpu,0,64,4,40,39,32,20240912,ok,,True,3.5926,1.26e-05,1.9193,1.9193,1.7098,1.6015,1.9004,1.5799,2.015,10,1,,,0,0,262.8,25.56
full,2026-09-30T01:12:26,T,T,40,core,numpy,numpy,,default,cpu,0,64,4,40,39,32,20240912,ok,,True,3.5401,8.8e-06,0.0024859,0.0024947,0.0023065,0.0022694,0.0023643,0.0022459,0.0025946,10,50,,,0,0,240.7,5.6
full,2026-09-30T01:12:31,T,T,40,core,numpy_lut,numpy_lut,,default,cpu,0,64,4,40,39,32,20240912,ok,,True,3.2364,6.74e-05,0.0018144,0.0018818,0.0025583,0.002432,0.0028124,0.0020574,0.0030367,10,100,,,0,0,240.3,6.92
full,2026-09-30T01:12:38,T,T,40,core,predict:lc1,predict,lc1,default,cpu,0,64,4,40,39,32,20240912,ok,,True,3.2497,0.2175,1.9499,2.1674,1.5889,1.5089,1.7013,1.4051,1.8978,10,1,320,0.001,0,0,432.3,23.92
full,2026-09-30T01:13:02,T,T,40,core,eager:lc1,eager,lc1,default,cpu,0,64,4,40,39,32,20240912,ok,,True,3.242,0.23266,1.4205,1.6532,1.2765,1.1373,1.3103,1.0636,1.349,10,1,320,0.001,0,0,271.3,19.27
full,2026-09-30T01:13:22,T,T,40,core,compiled:lc1,compiled,lc1,default,cpu,0,64,4,40,39,32,20240912,ok,,True,3.2825,0.19948,0.30369,0.50317,0.039565,0.038199,0.041048,0.03695,0.041841,10,5,320,0.001,0,0,271.3,6.79
full,2026-09-30T01:13:28,T,T,40,core,xla:lc1,xla,lc1,default,cpu,0,64,4,40,39,32,20240912,ok,,True,3.2702,0.20287,0.46008,0.66295,0.031243,0.028774,0.03371,0.026519,0.034971,10,5,320,0.001,0,0,304.2,6.57
full,2026-09-30T01:13:35,T,T,40,core,while_loop:lc1,while_loop,lc1,default,cpu,0,64,4,40,39,32,20240912,ok,,True,3.4941,0.26067,0.46244,0.72312,0.018114,0.017577,0.019226,0.015737,0.02217,10,5,320,0.001,0,0,274.5,6.02
full,2026-09-30T01:13:41,T,T,40,core,while_loop_xla:lc1,while_loop_xla,lc1,default,cpu,0,64,4,40,39,32,20240912,ok,,True,3.3175,0.21492,0.45702,0.67194,0.009983,0.0095883,0.01056,0.0088817,0.014184,10,10,320,0.001,0,0,308.6,5.94
full,2026-09-30T01:13:47,T,T,40,core,unrolled:lc1,unrolled,lc1,default,cpu,0,64,4,40,39,32,20240912,ok,,True,3.318,5.4213,11.173,16.594,0.017498,0.017102,0.018168,0.016367,0.018502,10,10,320,0.001,0,0,567.4,22.97
full,2026-09-30T01:14:10,T,T,40,core,predict:dense,predict,dense,default,cpu,0,64,4,40,39,32,20240912,ok,,True,3.2195,0.1025,1.7874,1.8899,1.6138,1.5222,1.6678,1.4053,1.8352,10,1,16448,0.062,0,0,428.9,23.83
full,2026-09-30T01:14:34,T,T,40,core,eager:dense,eager,dense,default,cpu,0,64,4,40,39,32,20240912,ok,,True,3.4177,0.16587,0.26257,0.42844,0.19999,0.17427,0.21838,0.15986,0.24868,10,1,16448,0.062,0,0,261.5,6.72
full,2026-09-30T01:14:40,T,T,40,core,compiled:dense,compiled,dense,default,cpu,0,64,4,40,39,32,20240912,ok,,True,3.3582,0.11411,0.1041,0.21821,0.028775,0.028096,0.030084,0.027564,0.030605,10,5,16448,0.062,0,0,264.8,5.94
full,2026-09-30T01:14:46,T,T,40,core,xla:dense,xla,dense,default,cpu,0,64,4,40,39,32,20240912,ok,,True,3.6786,0.12138,0.13982,0.2612,0.02891,0.023756,0.032105,0.022982,0.033568,10,5,16448,0.062,0,0,291.2,6.29
full,2026-09-30T01:14:53,T,T,40,core,while_loop:dense,while_loop,dense,default,cpu,0,64,4,40,39,32,20240912,ok,,True,3.0439,0.13991,0.22144,0.36135,0.020852,0.01915,0.02239,0.017193,0.026855,10,10,16448,0.062,0,0,266.1,6.61
full,2026-09-30T01:14:59,T,T,40,core,while_loop_xla:dense,while_loop_xla,dense,default,cpu,0,64,4,40,39,32,20240912,ok,,True,3.4619,0.12948,0.25299,0.38247,0.0093105,0.0090974,0.0099673,0.0089756,0.013604,10,10,16448,0.062,0,0,294.4,5.78
full,2026-09-30T01:15:05,T,T,40,core,unrolled:dense,unrolled,dense,default,cpu,0,64,4,40,39,32,20240912,ok,,True,3.5246,1.1512,1.481,2.6322,0.013856,0.012634,0.014257,0.012426,0.014911,10,10,16448,0.062,0,0,291.3,8.48
full,2026-09-30T01:15:13,T,T,40,core,compiled:lc2,compiled,lc2,default,cpu,0,64,4,40,39,32,20240912,ok,,True,3.3286,0.13585,0.13865,0.27451,0.033609,0.032673,0.033911,0.032001,0.035741,10,5,16448,0.062,0,0,267.8,6.25
full,2026-09-30T01:15:20,T,T,40,core,xla:lc2,xla,lc2,default,cpu,0,64,4,40,39,32,20240912,ok,,True,3.415,0.10812,0.14401,0.25213,0.026047,0.02306,0.031439,0.022433,0.039768,10,5,16448,0.062,0,0,293.1,6.01
full,2026-09-30T01:15:26,T,T,40,core,compiled:lc3,compiled,lc3,default,cpu,0,64,4,40,39,32,20240912,ok,,True,3.3089,0.16981,0.17515,0.34496,0.029485,0.029194,0.030292,0.028741,0.031576,10,5,320,0.001,0,0,266.5,6.14
full,2026-09-30T01:15:32,T,T,40,core,compiled:elem,compiled,elem,default,cpu,0,64,4,40,39,32,20240912,ok,,True,3.2896,0.13962,0.12331,0.26293,0.023334,0.022691,0.024267,0.022445,0.031063,10,5,320,0.001,0,0,264.3,5.7
full,2026-09-30T01:15:38,T,T,40,core,xla:elem,xla,elem,default,cpu,0,64,4,40,39,32,20240912,ok,,True,3.7276,0.10756,0.11984,0.2274,0.024867,0.023258,0.027886,0.022201,0.029323,10,5,320,0.001,0,0,292.0,6.15
full,2026-09-30T01:15:44,T,T,40,core,while_loop_xla:elem,while_loop_xla,elem,default,cpu,0,64,4,40,39,32,20240912,ok,,True,3.2122,0.13997,0.22476,0.36473,0.011197,0.010838,0.01159,0.010321,0.012047,10,20,320,0.001,0,0,294.2,6.85
full,2026-09-30T01:15:51,T,T,40,core,numpy,numpy,,single,cpu,0,64,4,40,39,32,20240912,ok,,True,3.2713,9.6e-06,0.0025591,0.0025687,0.0024956,0.0023758,0.0027668,0.0023226,0.0029338,10,50,,,1,1,239.3,5.47
full,2026-09-30T01:15:56,T,T,40,core,numpy_lut,numpy_lut,,single,cpu,0,64,4,40,39,32,20240912,ok,,True,3.223,8.03e-05,0.0019301,0.0020104,0.0026092,0.0023678,0.0028036,0.0020485,0.0030623,10,50,,,1,1,239.1,5.36
full,2026-09-30T01:16:01,T,T,40,core,predict:lc1,predict,lc1,single,cpu,0,64,4,40,39,32,20240912,ok,,True,3.0544,0.20348,1.7915,1.995,1.44,1.3945,1.5745,1.3224,1.7453,10,1,320,0.001,1,1,428.8,22.15
full,2026-09-30T01:16:24,T,T,40,core,eager:lc1,eager,lc1,single,cpu,0,64,4,40,39,32,20240912,ok,,True,3.0661,0.19435,1.1598,1.3541,1.1652,1.0964,1.2847,1.0535,1.336,10,1,320,0.001,1,1,266.1,18.21
full,2026-09-30T01:16:42,T,T,40,core,compiled:lc1,compiled,lc1,single,cpu,0,64,4,40,39,32,20240912,ok,,True,8.1045,0.28565,0.3531,0.63875,0.027407,0.026073,0.02992,0.025655,0.031395,10,5,320,0.001,1,1,266.3,11.35
full,2026-09-30T01:16:53,T,T,40,core,xla:lc1,xla,lc1,single,cpu,0,64,4,40,39,32,20240912,ok,,True,3.3208,0.22706,0.40833,0.6354,0.026456,0.023405,0.031274,0.022682,0.034672,10,5,320,0.001,1,1,299.8,6.29
full,2026-09-30T01:16:59,T,T,40,core,while_loop:lc1,while_loop,lc1,single,cpu,0,64,4,40,39,32,20240912,ok,,True,3.3956,0.27589,0.45652,0.73241,0.017027,0.01679,0.01803,0.016524,0.020684,10,10,320,0.001,1,1,269.3,6.96
full,2026-09-30T01:17:06,T,T,40,core,while_loop_xla:lc1,while_loop_xla,lc1,single,cpu,0,64,4,40,39,32,20240912,ok,,True,3.3469,0.26602,0.66952,0.93554,0.010147,0.0099664,0.01047,0.0090815,0.011554,10,20,320,0.001,1,1,304.1,7.4
full,2026-09-30T01:17:14,T,T,40,core,unrolled:lc1,unrolled,lc1,single,cpu,0,64,4,40,39,32,20240912,ok,,True,3.2093,5.8708,11.188,17.059,0.015799,0.015445,0.016124,0.015311,0.018016,10,5,320,0.001,1,1,562.5,22.14
full,2026-09-30T01:17:36,T,T,40,core,predict:dense,predict,dense,single,cpu,0,64,4,40,39,32,20240912,ok,,True,3.4488,0.12055,2.0163,2.1368,1.5682,1.4426,1.6468,1.3179,1.7918,10,1,16448,0.062,1,1,424.3,23.51
full,2026-09-30T01:17:59,T,T,40,core,eager:dense,eager,dense,single,cpu,0,64,4,40,39,32,20240912,ok,,True,3.5103,0.11257,0.17709,0.28966,0.19561,0.18062,0.20737,0.14287,0.21634,10,1,16448,0.062,1,1,256.6,6.61
full,2026-09-30T01:18:06,T,T,40,core,compiled:dense,compiled,dense,single,cpu,0,64,4,40,39,32,20240912,ok,,True,3.1476,0.15489,0.16474,0.31963,0.029593,0.028143,0.030746,0.025529,0.032461,10,5,16448,0.062,1,1,259.4,5.91
full,2026-09-30T01:18:12,T,T,40,core,xla:dense,xla,dense,single,cpu,0,64,4,40,39,32,20240912,ok,,True,3.3416,0.12312,0.14584,0.26896,0.024038,0.022944,0.02528,0.022456,0.027122,10,5,16448,0.062,1,1,285.1,5.75
full,2026-09-30T01:18:18,T,T,40,core,while_loop:dense,while_loop,dense,single,cpu,0,64,4,40,39,32,20240912,ok,,True,3.6061,0.13583,0.17134,0.30717,0.010555,0.0099952,0.010916,0.0095064,0.011513,10,20,16448,0.062,1,1,261.0,7.11
full,2026-09-30T01:18:25,T,T,40,core,while_loop_xla:dense,while_loop_xla,dense,single,cpu,0,64,4,40,39,32,20240912,ok,,True,3.1143,0.11634,0.23725,0.35358,0.011344,0.011083,0.012118,0.010292,0.013579,10,10,16448,0.062,1,1,289.0,5.52
full,2026-09-30T01:18:30,T,T,40,core,unrolled:dense,unrolled,dense,single,cpu,0,64,4,40,39,32,20240912,ok,,True,3.4214,0.93805,1.2577,2.1957,0.010482,0.0096817,0.011256,0.0080393,0.011869,10,20,16448,0.062,1,1,285.9,8.7
full,2026-09-30T01:18:39,T,T,40,core,compiled:lc2,compiled,lc2,single,cpu,0,64,4,40,39,32,20240912,ok,,True,3.5264,0.13244,0.14371,0.27616,0.0267,0.024854,0.027105,0.024091,0.027924,10,5,16448,0.062,1,1,261.6,6.02
full,2026-09-30T01:18:45,T,T,40,core,xla:lc2,xla,lc2,single,cpu,0,64,4,40,39,32,20240912,ok,,True,3.2742,0.10624,0.15998,0.26622,0.030068,0.029032,0.03067,0.024717,0.031334,10,5,16448,0.062,1,1,287.0,5.98
full,2026-09-30T01:18:51,T,T,40,core,compiled:lc3,compiled,lc3,single,cpu,0,64,4,40,39,32,20240912,ok,,True,3.2798,0.10213,0.098275,0.2004,0.027305,0.026325,0.027752,0.021331,0.032338,10,5,320,0.001,1,1,260.6,5.87
full,2026-09-30T01:18:57,T,T,40,core,compiled:elem,compiled,elem,single,cpu,0,64,4,40,39,32,20240912,ok,,True,3.297,0.14834,0.12885,0.2772,0.029409,0.028111,0.030944,0.025657,0.031475,10,5,320,0.001,1,1,259.0,5.96
full,2026-09-30T01:19:03,T,T,40,core,xla:elem,xla,elem,single,cpu,0,64,4,40,39,32,20240912,ok,,True,3.1932,0.13972,0.15877,0.29849,0.022489,0.022279,0.027833,0.021688,0.031831,10,5,320,0.001,1,1,284.5,5.7
full,2026-09-30T01:19:09,T,T,40,core,while_loop_xla:elem,while_loop_xla,elem,single,cpu,0,64,4,40,39,32,20240912,ok,,True,3.5287,0.13568,0.22096,0.35664,0.009924,0.0091028,0.010555,0.0081724,0.01154,10,10,320,0.001,1,1,288.5,5.75
full,2026-09-30T01:19:14,T,T,50,core,cellpylib,cellpylib,,default,cpu,0,64,4,50,49,32,20240912,ok,,True,4.0141,6.4e-06,2.3982,2.3982,2.3288,2.1926,2.3881,1.9795,2.6704,10,1,,,0,0,262.9,32.47
full,2026-09-30T01:19:47,T,T,50,core,numpy,numpy,,default,cpu,0,64,4,50,49,32,20240912,ok,,True,3.3521,9e-06,0.0034417,0.0034507,0.0036232,0.0033933,0.0041038,0.0032265,0.0051569,10,50,,,0,0,240.4,6.29
full,2026-09-30T01:19:53,T,T,50,core,numpy_lut,numpy_lut,,default,cpu,0,64,4,50,49,32,20240912,ok,,True,3.1566,7.76e-05,0.0032251,0.0033027,0.0033404,0.003071,0.0034909,0.0029378,0.0039297,10,50,,,0,0,240.6,5.84
full,2026-09-30T01:19:59,T,T,50,core,predict:lc1,predict,lc1,default,cpu,0,64,4,50,49,32,20240912,ok,,True,4.0519,0.33514,2.5174,2.8526,2.4807,2.3635,2.6577,2.237,2.8203,10,1,320,0.001,0,0,473.8,35.59
full,2026-09-30T01:20:34,T,T,50,core,eager:lc1,eager,lc1,default,cpu,0,64,4,50,49,32,20240912,ok,,True,5.0239,0.24564,1.9307,2.1763,1.5416,1.4182,1.6071,1.3741,1.7046,10,1,320,0.001,0,0,273.4,25.03
full,2026-09-30T01:21:00,T,T,50,core,compiled:lc1,compiled,lc1,default,cpu,0,64,4,50,49,32,20240912,ok,,True,3.539,0.231,0.39677,0.62777,0.04627,0.045367,0.051705,0.043557,0.052784,10,2,320,0.001,0,0,271.4,6.1
full,2026-09-30T01:21:06,T,T,50,core,xla:lc1,xla,lc1,default,cpu,0,64,4,50,49,32,20240912,ok,,True,3.0786,0.25907,0.91169,1.1708,0.03664,0.033337,0.039101,0.028695,0.041062,10,5,320,0.001,0,0,305.6,7.08
full,2026-09-30T01:21:13,T,T,50,core,while_loop:lc1,while_loop,lc1,default,cpu,0,64,4,50,49,32,20240912,ok,,True,3.5058,0.1971,0.38967,0.58677,0.02346,0.020129,0.026958,0.019349,0.031214,10,5,320,0.001,0,0,275.3,6.22
full,2026-09-30T01:21:19,T,T,50,core,while_loop_xla:lc1,while_loop_xla,lc1,default,cpu,0,64,4,50,49,32,20240912,ok,,True,3.2208,0.31589,0.74732,1.0632,0.015346,0.013758,0.016163,0.011704,0.016936,10,10,320,0.001,0,0,309.8,6.81
full,2026-09-30T01:21:26,T,T,50,core,unrolled:lc1,unrolled,lc1,default,cpu,0,64,4,50,49,32,20240912,ok,,True,3.2822,7.1134,15.14,22.254,0.022934,0.022718,0.023312,0.022369,0.024294,10,5,320,0.001,0,0,646.4,27.94
full,2026-09-30T01:21:54,T,T,50,core,predict:dense,predict,dense,default,cpu,0,64,4,50,49,32,20240912,ok,,True,3.3033,0.12131,1.9843,2.1056,2.0007,1.9026,2.0853,1.7859,2.246,10,1,16448,0.062,0,0,469.5,28.49
full,2026-09-30T01:22:22,T,T,50,core,eager:dense,eager,dense,default,cpu,0,64,4,50,49,32,20240912,ok,,True,3.568,0.11823,0.33619,0.45442,0.23138,0.20046,0.26735,0.19187,0.28528,10,1,16448,0.062,0,0,262.2,7.41
full,2026-09-30T01:22:30,T,T,50,core,compiled:dense,compiled,dense,default,cpu,0,64,4,50,49,32,20240912,ok,,True,3.3189,0.14647,0.15861,0.30508,0.041802,0.041156,0.043793,0.035555,0.047182,10,5,16448,0.062,0,0,266.4,6.76
full,2026-09-30T01:22:36,T,T,50,core,xla:dense,xla,dense,default,cpu,0,64,4,50,49,32,20240912,ok,,True,3.3089,0.1265,0.17431,0.30081,0.030799,0.029715,0.032738,0.028816,0.038355,10,5,16448,0.062,0,0,292.1,6.18
full,2026-09-30T01:22:43,T,T,50,core,while_loop:dense,while_loop,dense,default,cpu,0,64,4,50,49,32,20240912,ok,,True,3.4301,0.11097,0.1657,0.27667,0.019519,0.019308,0.020548,0.018842,0.021647,10,10,16448,0.062,0,0,267.1,6.77
full,2026-09-30T01:22:49,T,T,50,core,while_loop_xla:dense,while_loop_xla,dense,default,cpu,0,64,4,50,49,32,20240912,ok,,True,3.6312,0.1526,0.33016,0.48277,0.013568,0.012857,0.01449,0.012355,0.015255,10,10,16448,0.062,0,0,294.9,6.41
full,2026-09-30T01:22:56,T,T,50,core,unrolled:dense,unrolled,dense,default,cpu,0,64,4,50,49,32,20240912,ok,,True,3.295,1.2374,1.5633,2.8008,0.018584,0.017907,0.019575,0.017414,0.020985,10,10,16448,0.062,0,0,299.9,9.01
full,2026-09-30T01:23:05,T,T,50,core,compiled:lc2,compiled,lc2,default,cpu,0,64,4,50,49,32,20240912,ok,,True,3.4358,0.11189,0.13014,0.24203,0.039524,0.037514,0.041864,0.035766,0.044061,10,5,16448,0.062,0,0,267.3,6.71
full,2026-09-30T01:23:11,T,T,50,core,xla:lc2,xla,lc2,default,cpu,0,64,4,50,49,32,20240912,ok,,True,3.4909,0.13902,0.22232,0.36134,0.039503,0.033089,0.040873,0.030311,0.041857,10,5,16448,0.062,0,0,294.2,6.75
full,2026-09-30T01:23:18,T,T,50,core,compiled:lc3,compiled,lc3,default,cpu,0,64,4,50,49,32,20240912,ok,,True,3.5802,0.1141,0.11908,0.23318,0.037271,0.03632,0.039585,0.034278,0.045881,10,5,320,0.001,0,0,266.5,6.72
full,2026-09-30T01:23:25,T,T,50,core,compiled:elem,compiled,elem,default,cpu,0,64,4,50,49,32,20240912,ok,,True,3.3198,0.11233,0.097637,0.20997,0.036531,0.035927,0.038558,0.027844,0.047324,10,5,320,0.001,0,0,265.3,6.37
full,2026-09-30T01:23:31,T,T,50,core,xla:elem,xla,elem,default,cpu,0,64,4,50,49,32,20240912,ok,,True,3.4878,0.14174,0.18321,0.32495,0.04048,0.037194,0.043516,0.03463,0.04701,10,5,320,0.001,0,0,293.5,6.92
full,2026-09-30T01:23:38,T,T,50,core,while_loop_xla:elem,while_loop_xla,elem,default,cpu,0,64,4,50,49,32,20240912,ok,,True,3.4319,0.13278,0.19892,0.3317,0.012715,0.011612,0.014104,0.010823,0.015782,10,10,320,0.001,0,0,295.4,5.95
full,2026-09-30T01:23:44,T,T,50,core,numpy,numpy,,single,cpu,0,64,4,50,49,32,20240912,ok,,True,3.3463,1.1e-05,0.003708,0.003719,0.0036924,0.0034052,0.004036,0.0029584,0.004312,10,50,,,1,1,239.1,6.23
full,2026-09-30T01:23:50,T,T,50,core,numpy_lut,numpy_lut,,single,cpu,0,64,4,50,49,32,20240912,ok,,True,3.2126,8.48e-05,0.0039889,0.0040737,0.0029211,0.0026595,0.003305,0.0023213,0.0037925,10,50,,,1,1,240.1,5.7
full,2026-09-30T01:23:56,T,T,50,core,predict:lc1,predict,lc1,single,cpu,0,64,4,50,49,32,20240912,ok,,True,3.3247,0.21885,2.1905,2.4094,2.0227,1.9133,2.0771,1.7544,2.1667,10,1,320,0.001,1,1,468.1,28.78
full,2026-09-30T01:24:25,T,T,50,core,eager:lc1,eager,lc1,single,cpu,0,64,4,50,49,32,20240912,ok,,True,3.5916,0.24202,1.674,1.916,1.558,1.4664,1.7054,1.3832,1.8747,10,1,320,0.001,1,1,269.1,23.73
full,2026-09-30T01:24:49,T,T,50,core,compiled:lc1,compiled,lc1,single,cpu,0,64,4,50,49,32,20240912,ok,,True,3.3277,0.19425,0.31045,0.5047,0.044463,0.04271,0.046924,0.033259,0.051124,10,5,320,0.001,1,1,266.4,7.07
full,2026-09-30T01:24:56,T,T,50,core,xla:lc1,xla,lc1,single,cpu,0,64,4,50,49,32,20240912,ok,,True,5.1541,0.26867,0.51645,0.78512,0.04024,0.03331,0.045802,0.029948,0.051176,10,5,320,0.001,1,1,299.6,9.18
full,2026-09-30T01:25:05,T,T,50,core,while_loop:lc1,while_loop,lc1,single,cpu,0,64,4,50,49,32,20240912,ok,,True,3.9084,0.30873,0.44381,0.75254,0.018339,0.01776,0.019326,0.017218,0.023397,10,10,320,0.001,1,1,269.6,7.67
full,2026-09-30T01:25:12,T,T,50,core,while_loop_xla:lc1,while_loop_xla,lc1,single,cpu,0,64,4,50,49,32,20240912,ok,,True,3.5434,0.2178,0.5881,0.8059,0.014417,0.013889,0.015788,0.012947,0.02066,10,10,320,0.001,1,1,304.2,6.9
full,2026-09-30T01:25:19,T,T,50,core,unrolled:lc1,unrolled,lc1,single,cpu,0,64,4,50,49,32,20240912,ok,,True,3.9412,8.145,16.964,25.109,0.022956,0.020386,0.025681,0.019851,0.027331,10,5,320,0.001,1,1,642.5,31.5
full,2026-09-30T01:25:51,T,T,50,core,predict:dense,predict,dense,single,cpu,0,64,4,50,49,32,20240912,ok,,True,5.328,0.15711,2.8382,2.9953,2.7584,2.6227,3.2167,2.2098,3.6564,10,1,16448,0.062,1,1,463.5,41.06
full,2026-09-30T01:26:32,T,T,50,core,eager:dense,eager,dense,single,cpu,0,64,4,50,49,32,20240912,ok,,True,4.9307,0.14969,0.3096,0.45929,0.22249,0.20181,0.24394,0.18739,0.27594,10,1,16448,0.062,1,1,257.1,8.7
full,2026-09-30T01:26:41,T,T,50,core,compiled:dense,compiled,dense,single,cpu,0,64,4,50,49,32,20240912,ok,,True,3.6661,0.1378,0.18141,0.31921,0.050324,0.04513,0.057936,0.043991,0.072477,10,2,16448,0.062,1,1,260.2,6.27
full,2026-09-30T01:26:47,T,T,50,core,xla:dense,xla,dense,single,cpu,0,64,4,50,49,32,20240912,ok,,True,4.1517,0.14024,0.61235,0.7526,0.033601,0.030323,0.03524,0.029299,0.042867,10,5,16448,0.062,1,1,286.0,7.87
full,2026-09-30T01:26:55,T,T,50,core,while_loop:dense,while_loop,dense,single,cpu,0,64,4,50,49,32,20240912,ok,,True,3.7904,0.11867,0.24343,0.36209,0.014941,0.013707,0.017839,0.012286,0.019165,10,10,16448,0.062,1,1,261.8,6.69
full,2026-09-30T01:27:01,T,T,50,core,while_loop_xla:dense,while_loop_xla,dense,single,cpu,0,64,4,50,49,32,20240912,ok,,True,3.2066,0.11459,0.29536,0.40995,0.015526,0.015162,0.015833,0.014837,0.016917,10,10,16448,0.062,1,1,288.4,6.18
full,2026-09-30T01:27:08,T,T,50,core,unrolled:dense,unrolled,dense,single,cpu,0,64,4,50,49,32,20240912,ok,,True,4.2819,1.8847,2.2921,4.1769,0.013617,0.012964,0.017646,0.011702,0.019014,10,10,16448,0.062,1,1,295.8,11.09
full,2026-09-30T01:27:19,T,T,50,core,compiled:lc2,compiled,lc2,single,cpu,0,64,4,50,49,32,20240912,ok,,True,5.3263,0.18497,0.23215,0.41713,0.064113,0.063211,0.067195,0.060773,0.076606,10,2,16448,0.062,1,1,261.5,8.33
full,2026-09-30T01:27:27,T,T,50,core,xla:lc2,xla,lc2,single,cpu,0,64,4,50,49,32,20240912,ok,,True,5.5335,0.125,0.65482,0.77982,0.059055,0.049932,0.0671,0.039257,0.071362,10,2,16448,0.062,1,1,287.9,8.93
full,2026-09-30T01:27:36,T,T,50,core,compiled:lc3,compiled,lc3,single,cpu,0,64,4,50,49,32,20240912,ok,,True,4.5725,0.23034,0.24526,0.4756,0.055937,0.054922,0.059749,0.052796,0.070815,10,2,320,0.001,1,1,260.9,7.54
full,2026-09-30T01:27:44,T,T,50,core,compiled:elem,compiled,elem,single,cpu,0,64,4,50,49,32,20240912,ok,,True,5.2361,0.17927,0.15938,0.33865,0.047548,0.045427,0.048246,0.04279,0.057813,10,5,320,0.001,1,1,259.6,9.39
full,2026-09-30T01:27:53,T,T,50,core,xla:elem,xla,elem,single,cpu,0,64,4,50,49,32,20240912,ok,,True,5.3837,0.16896,0.66142,0.83038,0.05347,0.048929,0.054331,0.045596,0.057915,10,5,320,0.001,1,1,285.2,10.18
full,2026-09-30T01:28:03,T,T,50,core,while_loop_xla:elem,while_loop_xla,elem,single,cpu,0,64,4,50,49,32,20240912,ok,,True,4.1055,0.16361,0.28047,0.44408,0.014487,0.013027,0.015231,0.011859,0.016161,10,10,320,0.001,1,1,290.1,7.09
full,2026-09-30T01:28:10,T,T,60,core,cellpylib,cellpylib,,default,cpu,0,64,4,60,59,32,20240912,ok,,True,4.5633,1.71e-05,3.2805,3.2805,3.3736,3.2207,3.4888,3.0918,3.8216,10,1,,,0,0,263.3,46.14
full,2026-09-30T01:28:56,T,T,60,core,numpy,numpy,,default,cpu,0,64,4,60,59,32,20240912,ok,,True,4.8271,1.01e-05,0.0044329,0.004443,0.0051563,0.0044227,0.0056003,0.0037668,0.0059785,10,50,,,0,0,240.6,8.46
full,2026-09-30T01:29:05,T,T,60,core,numpy_lut,numpy_lut,,default,cpu,0,64,4,60,59,32,20240912,ok,,True,3.6895,0.0005937,0.0038795,0.0044732,0.0045694,0.0038677,0.0046792,0.0032285,0.0051112,10,20,,,0,0,240.9,5.5
full,2026-09-30T01:29:10,T,T,60,core,predict:lc1,predict,lc1,default,cpu,0,64,4,60,59,32,20240912,ok,,True,3.9815,0.40631,3.3873,3.7936,2.9289,2.667,3.2136,2.4386,3.464,10,1,320,0.001,0,0,516.0,41.18
full,2026-09-30T01:29:51,T,T,60,core,eager:lc1,eager,lc1,default,cpu,0,64,4,60,59,32,20240912,ok,,True,3.3256,0.22703,2.2007,2.4277,2.3042,2.111,2.4141,2.032,3.1453,10,1,320,0.001,0,0,276.2,32.76
full,2026-09-30T01:30:24,T,T,60,core,compiled:lc1,compiled,lc1,default,cpu,0,64,4,60,59,32,20240912,ok,,True,4.585,0.39007,0.57012,0.96019,0.073808,0.072673,0.077707,0.069822,0.080633,10,2,320,0.001,0,0,272.6,8.38
full,2026-09-30T01:30:33,T,T,60,core,xla:lc1,xla,lc1,default,cpu,0,64,4,60,59,32,20240912,ok,,True,5.6276,0.33759,1.0094,1.347,0.05988,0.057511,0.064182,0.055398,0.06786,10,2,320,0.001,0,0,306.7,9.39
full,2026-09-30T01:30:42,T,T,60,core,while_loop:lc1,while_loop,lc1,default,cpu,0,64,4,60,59,32,20240912,ok,,True,5.087,0.39415,0.67425,1.0684,0.031611,0.031199,0.032105,0.030592,0.033527,10,5,320,0.001,0,0,275.1,8.96
full,2026-09-30T01:30:51,T,T,60,core,while_loop_xla:lc1,while_loop_xla,lc1,default,cpu,0,64,4,60,59,32,20240912,ok,,True,5.1334,0.5159,0.98664,1.5025,0.024181,0.023468,0.024521,0.02101,0.02653,10,10,320,0.001,0,0,310.3,10.45
full,2026-09-30T01:31:01,T,T,60,core,unrolled:lc1,unrolled,lc1,default,cpu,0,64,4,60,59,32,20240912,ok,,True,5.9723,12.911,24.846,37.757,0.029665,0.027927,0.033173,0.027006,0.036351,10,5,320,0.001,0,0,727.7,47.19
full,2026-09-30T01:31:49,T,T,60,core,predict:dense,predict,dense,default,cpu,0,64,4,60,59,32,20240912,ok,,True,10.999,0.18366,3.5537,3.7373,2.7865,2.6803,2.8951,2.5049,2.9414,10,1,16448,0.062,0,0,509.0,46.8
full,2026-09-30T01:32:35,T,T,60,core,eager:dense,eager,dense,default,cpu,0,64,4,60,59,32,20240912,ok,,True,3.8529,0.15099,0.29685,0.44783,0.33893,0.31831,0.354,0.29329,0.38074,10,1,16448,0.062,0,0,262.8,8.72
full,2026-09-30T01:32:44,T,T,60,core,compiled:dense,compiled,dense,default,cpu,0,64,4,60,59,32,20240912,ok,,True,3.8406,0.1293,0.15848,0.28777,0.053547,0.051076,0.055561,0.048531,0.087293,10,5,16448,0.062,0,0,266.4,8.33
full,2026-09-30T01:32:52,T,T,60,core,xla:dense,xla,dense,default,cpu,0,64,4,60,59,32,20240912,ok,,True,3.6482,0.14965,0.60967,0.75932,0.050157,0.045987,0.052402,0.039506,0.070035,10,5,16448,0.062,0,0,292.9,8.09
full,2026-09-30T01:33:01,T,T,60,core,while_loop:dense,while_loop,dense,default,cpu,0,64,4,60,59,32,20240912,ok,,True,4.0401,0.22966,0.36958,0.59925,0.025215,0.024117,0.025958,0.023679,0.02728,10,5,16448,0.062,0,0,267.9,6.95
full,2026-09-30T01:33:08,T,T,60,core,while_loop_xla:dense,while_loop_xla,dense,default,cpu,0,64,4,60,59,32,20240912,ok,,True,4.1907,0.16511,0.43616,0.60127,0.02256,0.020945,0.023711,0.018764,0.025973,10,5,16448,0.062,0,0,295.7,6.95
full,2026-09-30T01:33:14,T,T,60,core,unrolled:dense,unrolled,dense,default,cpu,0,64,4,60,59,32,20240912,ok,,True,4.019,1.9941,2.2004,4.1946,0.02041,0.020326,0.02074,0.019859,0.021891,10,5,16448,0.062,0,0,310.0,10.53
full,2026-09-30T01:33:25,T,T,60,core,compiled:lc2,compiled,lc2,default,cpu,0,64,4,60,59,32,20240912,ok,,True,3.2501,0.11981,0.14,0.25981,0.05113,0.050281,0.053849,0.049617,0.062613,10,5,16448,0.062,0,0,268.2,7.41
full,2026-09-30T01:33:32,T,T,60,core,xla:lc2,xla,lc2,default,cpu,0,64,4,60,59,32,20240912,ok,,True,3.3706,0.11205,0.17448,0.28653,0.038455,0.036399,0.041306,0.035703,0.044334,10,5,16448,0.062,0,0,294.3,6.69
full,2026-09-30T01:33:39,T,T,60,core,compiled:lc3,compiled,lc3,default,cpu,0,64,4,60,59,32,20240912,ok,,True,3.1877,0.14525,0.14336,0.28861,0.042668,0.038813,0.044523,0.037496,0.045791,10,5,320,0.001,0,0,267.1,6.63
full,2026-09-30T01:33:46,T,T,60,core,compiled:elem,compiled,elem,default,cpu,0,64,4,60,59,32,20240912,ok,,True,3.1667,0.16631,0.13349,0.2998,0.039873,0.034392,0.043244,0.033438,0.047827,10,5,320,0.001,0,0,265.8,6.5
full,2026-09-30T01:33:52,T,T,60,core,xla:elem,xla,elem,default,cpu,0,64,4,60,59,32,20240912,ok,,True,3.5491,0.13345,0.15021,0.28366,0.03736,0.033486,0.042734,0.032371,0.047566,10,5,320,0.001,0,0,292.3,6.81
full,2026-09-30T01:33:59,T,T,60,core,while_loop_xla:elem,while_loop_xla,elem,default,cpu,0,64,4,60,59,32,20240912,ok,,True,3.4014,0.1754,0.26493,0.44033,0.015684,0.014777,0.017294,0.013976,0.018761,10,10,320,0.001,0,0,295.6,6.49
full,2026-09-30T01:34:06,T,T,60,core,numpy,numpy,,single,cpu,0,64,4,60,59,32,20240912,ok,,True,3.1821,1.21e-05,0.0054694,0.0054815,0.0035462,0.003435,0.0038959,0.0033655,0.0043624,10,50,,,1,1,239.6,6.08
full,2026-09-30T01:34:12,T,T,60,core,numpy_lut,numpy_lut,,single,cpu,0,64,4,60,59,32,20240912,ok,,True,3.4679,8.35e-05,0.0049636,0.0050471,0.0030436,0.0027818,0.0034949,0.0026152,0.0038482,10,50,,,1,1,239.4,6.05
full,2026-09-30T01:34:18,T,T,60,core,predict:lc1,predict,lc1,single,cpu,0,64,4,60,59,32,20240912,ok,,True,3.0627,0.27765,3.0502,3.3279,2.4338,2.2592,2.5844,2.0809,2.7771,10,1,320,0.001,1,1,512.9,34.06
full,2026-09-30T01:34:52,T,T,60,core,eager:lc1,eager,lc1,single,cpu,0,64,4,60,59,32,20240912,ok,,True,3.5348,0.25063,2.467,2.7176,1.9344,1.7089,1.9941,1.6404,2.4126,10,1,320,0.001,1,1,270.9,27.99
full,2026-09-30T01:35:20,T,T,60,core,compiled:lc1,compiled,lc1,single,cpu,0,64,4,60,59,32,20240912,ok,,True,3.2737,0.27721,0.46832,0.74552,0.055753,0.053879,0.056764,0.047422,0.061674,10,2,320,0.001,1,1,267.2,6.03
full,2026-09-30T01:35:26,T,T,60,core,xla:lc1,xla,lc1,single,cpu,0,64,4,60,59,32,20240912,ok,,True,3.3741,0.19635,0.43116,0.62751,0.036658,0.035713,0.038199,0.034349,0.049378,10,2,320,0.001,1,1,299.3,5.66
full,2026-09-30T01:35:31,T,T,60,core,while_loop:lc1,while_loop,lc1,single,cpu,0,64,4,60,59,32,20240912,ok,,True,3.5499,0.29451,0.50585,0.80036,0.02972,0.028085,0.03234,0.027493,0.035578,10,5,320,0.001,1,1,268.8,6.89
full,2026-09-30T01:35:38,T,T,60,core,while_loop_xla:lc1,while_loop_xla,lc1,single,cpu,0,64,4,60,59,32,20240912,ok,,True,3.4028,0.27807,0.57573,0.8538,0.015791,0.015506,0.016371,0.015103,0.019386,10,10,320,0.001,1,1,304.7,6.84
full,2026-09-30T01:35:45,T,T,60,core,unrolled:lc1,unrolled,lc1,single,cpu,0,64,4,60,59,32,20240912,ok,,True,3.3261,8.5482,17.127,25.675,0.029485,0.028801,0.032822,0.027365,0.034168,10,5,320,0.001,1,1,721.5,31.96
full,2026-09-30T01:36:17,T,T,60,core,predict:dense,predict,dense,single,cpu,0,64,4,60,59,32,20240912,ok,,True,3.5735,0.12882,2.9156,3.0444,2.5059,2.4621,2.637,2.4278,2.7423,10,1,16448,0.062,1,1,506.0,35.7
full,2026-09-30T01:36:53,T,T,60,core,eager:dense,eager,dense,single,cpu,0,64,4,60,59,32,20240912,ok,,True,3.7169,0.15595,0.36015,0.51609,0.29244,0.27481,0.30466,0.25694,0.32472,10,1,16448,0.062,1,1,258.5,8.04
full,2026-09-30T01:37:01,T,T,60,core,compiled:dense,compiled,dense,single,cpu,0,64,4,60,59,32,20240912,ok,,True,3.4187,0.16124,0.13717,0.29841,0.047237,0.045019,0.050582,0.042289,0.052936,10,5,16448,0.062,1,1,261.5,7.22
full,2026-09-30T01:37:08,T,T,60,core,xla:dense,xla,dense,single,cpu,0,64,4,60,59,32,20240912,ok,,True,3.6383,0.13688,0.19069,0.32757,0.046451,0.04589,0.049236,0.043125,0.05204,10,5,16448,0.062,1,1,285.9,7.5
full,2026-09-30T01:37:16,T,T,60,core,while_loop:dense,while_loop,dense,single,cpu,0,64,4,60,59,32,20240912,ok,,True,3.5569,0.11369,0.21848,0.33218,0.016653,0.015394,0.017834,0.013886,0.02008,10,10,16448,0.062,1,1,262.6,6.77
full,2026-09-30T01:37:22,T,T,60,core,while_loop_xla:dense,while_loop_xla,dense,single,cpu,0,64,4,60,59,32,20240912,ok,,True,4.1523,0.21284,0.43245,0.64528,0.018695,0.016352,0.021341,0.01518,0.022169,10,5,16448,0.062,1,1,290.0,6.73
full,2026-09-30T01:37:29,T,T,60,core,unrolled:dense,unrolled,dense,single,cpu,0,64,4,60,59,32,20240912,ok,,True,3.7594,1.9924,2.3737,4.3661,0.016367,0.014538,0.017619,0.013718,0.019071,10,10,16448,0.062,1,1,304.0,10.9
full,2026-09-30T01:37:40,T,T,60,core,compiled:lc2,compiled,lc2,single,cpu,0,64,4,60,59,32,20240912,ok,,True,3.6433,0.13676,0.17889,0.31565,0.052608,0.050557,0.058031,0.049126,0.059397,10,2,16448,0.062,1,1,262.1,6.06
full,2026-09-30T01:37:46,T,T,60,core,xla:lc2,xla,lc2,single,cpu,0,64,4,60,59,32,20240912,ok,,True,4.0408,0.14507,0.26358,0.40865,0.05571,0.046864,0.058656,0.044222,0.07307,10,2,16448,0.062,1,1,288.5,6.69
full,2026-09-30T01:37:53,T,T,60,core,compiled:lc3,compiled,lc3,single,cpu,0,64,4,60,59,32,20240912,ok,,True,3.9579,0.13185,0.1558,0.28765,0.044896,0.041828,0.049317,0.038568,0.052338,10,5,320,0.001,1,1,261.6,7.67
full,2026-09-30T01:38:00,T,T,60,core,compiled:elem,compiled,elem,single,cpu,0,64,4,60,59,32,20240912,ok,,True,3.9248,0.14381,0.16124,0.30505,0.039382,0.037786,0.042166,0.036746,0.043453,10,5,320,0.001,1,1,260.1,7.44
full,2026-09-30T01:38:08,T,T,60,core,xla:elem,xla,elem,single,cpu,0,64,4,60,59,32,20240912,ok,,True,3.6124,0.18614,0.20614,0.39227,0.04465,0.043609,0.045517,0.040796,0.058318,10,5,320,0.001,1,1,286.2,7.49
full,2026-09-30T01:38:15,T,T,60,core,while_loop_xla:elem,while_loop_xla,elem,single,cpu,0,64,4,60,59,32,20240912,ok,,True,3.8109,0.14224,0.23796,0.3802,0.015259,0.014391,0.016614,0.013775,0.017938,10,10,320,0.001,1,1,289.7,6.79
full,2026-09-30T01:38:22,T,T,70,core,cellpylib,cellpylib,,default,cpu,0,64,4,70,69,32,20240912,ok,,True,4.561,1.72e-05,3.6758,3.6758,3.3784,3.1957,3.5763,3.0379,4.1096,10,1,,,0,0,263.2,47.01
full,2026-09-30T01:39:09,T,T,70,core,numpy,numpy,,default,cpu,0,64,4,70,69,32,20240912,ok,,True,3.2445,7.8e-06,0.0044959,0.0045037,0.0051458,0.0047279,0.0056435,0.0041434,0.0061584,10,50,,,0,0,240.8,6.9
full,2026-09-30T01:39:16,T,T,70,core,numpy_lut,numpy_lut,,default,cpu,0,64,4,70,69,32,20240912,ok,,True,3.4609,9.1e-05,0.0040587,0.0041497,0.0031392,0.0030564,0.0032327,0.0030273,0.0037495,10,50,,,0,0,240.9,6.07
full,2026-09-30T01:39:22,T,T,70,core,predict:lc1,predict,lc1,default,cpu,0,64,4,70,69,32,20240912,ok,,True,3.3608,0.22181,3.6447,3.8665,2.8265,2.7057,2.9764,2.6128,3.0984,10,1,320,0.001,0,0,553.5,39.1
full,2026-09-30T01:40:01,T,T,70,core,eager:lc1,eager,lc1,default,cpu,0,64,4,70,69,32,20240912,ok,,True,3.297,0.21867,2.3769,2.5956,2.2158,2.0551,2.2523,1.9937,2.4089,10,1,320,0.001,0,0,279.9,30.64
full,2026-09-30T01:40:32,T,T,70,core,compiled:lc1,compiled,lc1,default,cpu,0,64,4,70,69,32,20240912,ok,,True,3.2942,0.23215,0.36665,0.5988,0.06568,0.064191,0.067709,0.063138,0.069323,10,2,320,0.001,0,0,273.7,6.15
full,2026-09-30T01:40:38,T,T,70,core,xla:lc1,xla,lc1,default,cpu,0,64,4,70,69,32,20240912,ok,,True,3.3407,0.20118,0.39281,0.59399,0.052787,0.052405,0.054246,0.045226,0.055977,10,5,320,0.001,0,0,307.4,7.7
full,2026-09-30T01:40:46,T,T,70,core,while_loop:lc1,while_loop,lc1,default,cpu,0,64,4,70,69,32,20240912,ok,,True,3.5768,0.24149,0.44528,0.68676,0.02993,0.028256,0.030722,0.027019,0.032587,10,5,320,0.001,0,0,275.3,6.7
full,2026-09-30T01:40:52,T,T,70,core,while_loop_xla:lc1,while_loop_xla,lc1,default,cpu,0,64,4,70,69,32,20240912,ok,,True,3.2212,0.21967,0.62438,0.84405,0.021828,0.020953,0.022529,0.020483,0.023024,10,5,320,0.001,0,0,311.5,6.14
full,2026-09-30T01:40:59,T,T,70,core,unrolled:lc1,unrolled,lc1,default,cpu,0,64,4,70,69,32,20240912,ok,,True,3.1279,10.056,20.011,30.066,0.029858,0.029692,0.030181,0.028461,0.030711,10,5,320,0.001,0,0,806.0,36.15
full,2026-09-30T01:41:35,T,T,70,core,predict:dense,predict,dense,default,cpu,0,64,4,70,69,32,20240912,ok,,True,3.8891,0.19524,3.8812,4.0764,2.6619,2.5515,2.7993,2.4951,3.0048,10,1,16448,0.062,0,0,550.1,38.72
full,2026-09-30T01:42:13,T,T,70,core,eager:dense,eager,dense,default,cpu,0,64,4,70,69,32,20240912,ok,,True,3.0152,0.12532,0.3409,0.46622,0.3071,0.28715,0.32483,0.27341,0.34336,10,1,16448,0.062,0,0,264.0,7.52
full,2026-09-30T01:42:21,T,T,70,core,compiled:dense,compiled,dense,default,cpu,0,64,4,70,69,32,20240912,ok,,True,3.1565,0.10344,0.12591,0.22935,0.050869,0.049864,0.052638,0.048293,0.057589,10,5,16448,0.062,0,0,266.7,7.08
full,2026-09-30T01:42:28,T,T,70,core,xla:dense,xla,dense,default,cpu,0,64,4,70,69,32,20240912,ok,,True,3.2681,0.10325,0.15711,0.26036,0.045204,0.042027,0.047077,0.04048,0.049123,10,5,16448,0.062,0,0,293.4,6.87
full,2026-09-30T01:42:35,T,T,70,core,while_loop:dense,while_loop,dense,default,cpu,0,64,4,70,69,32,20240912,ok,,True,3.4081,0.15159,0.23847,0.39006,0.026444,0.026038,0.026635,0.025042,0.027733,10,5,16448,0.062,0,0,268.7,6.09
full,2026-09-30T01:42:41,T,T,70,core,while_loop_xla:dense,while_loop_xla,dense,default,cpu,0,64,4,70,69,32,20240912,ok,,True,3.2422,0.10111,0.20655,0.30766,0.019376,0.01848,0.020611,0.017384,0.021694,10,10,16448,0.062,0,0,296.6,6.6
full,2026-09-30T01:42:48,T,T,70,core,unrolled:dense,unrolled,dense,default,cpu,0,64,4,70,69,32,20240912,ok,,True,3.5503,1.7711,2.2243,3.9953,0.02422,0.023301,0.0249,0.022194,0.026436,10,5,16448,0.062,0,0,317.5,9.72
full,2026-09-30T01:42:57,T,T,70,core,compiled:lc2,compiled,lc2,default,cpu,0,64,4,70,69,32,20240912,ok,,True,3.618,0.11562,0.15943,0.27505,0.050654,0.049749,0.051084,0.049466,0.053294,10,2,16448,0.062,0,0,268.7,5.78
full,2026-09-30T01:43:03,T,T,70,core,xla:lc2,xla,lc2,default,cpu,0,64,4,70,69,32,20240912,ok,,True,3.3027,0.10769,0.17107,0.27877,0.051938,0.045611,0.053606,0.042723,0.056269,10,2,16448,0.062,0,0,295.1,5.45
full,2026-09-30T01:43:09,T,T,70,core,compiled:lc3,compiled,lc3,default,cpu,0,64,4,70,69,32,20240912,ok,,True,3.3631,0.12221,0.14409,0.2663,0.052745,0.051131,0.055315,0.045927,0.056894,10,5,320,0.001,0,0,268.9,7.4
full,2026-09-30T01:43:16,T,T,70,core,compiled:elem,compiled,elem,default,cpu,0,64,4,70,69,32,20240912,ok,,True,3.3724,0.15679,0.14525,0.30205,0.051513,0.050629,0.05349,0.047179,0.055256,10,2,320,0.001,0,0,266.7,5.59
full,2026-09-30T01:43:21,T,T,70,core,xla:elem,xla,elem,default,cpu,0,64,4,70,69,32,20240912,ok,,True,3.3317,0.12155,0.15978,0.28133,0.046773,0.042342,0.050173,0.038516,0.053269,10,5,320,0.001,0,0,292.3,7.04
full,2026-09-30T01:43:29,T,T,70,core,while_loop_xla:elem,while_loop_xla,elem,default,cpu,0,64,4,70,69,32,20240912,ok,,True,3.414,0.13863,0.23397,0.3726,0.015991,0.015023,0.017029,0.014601,0.0178,10,10,320,0.001,0,0,297.6,6.39
full,2026-09-30T01:43:35,T,T,70,core,numpy,numpy,,single,cpu,0,64,4,70,69,32,20240912,ok,,True,3.4687,9.9e-06,0.0072869,0.0072968,0.0054047,0.0050286,0.006004,0.00465,0.0065671,10,50,,,1,1,240.0,7.35
full,2026-09-30T01:43:42,T,T,70,core,numpy_lut,numpy_lut,,single,cpu,0,64,4,70,69,32,20240912,ok,,True,3.1546,7.15e-05,0.0031996,0.0032711,0.0038209,0.0036418,0.0040915,0.0029977,0.0043283,10,50,,,1,1,239.8,6.04
full,2026-09-30T01:43:48,T,T,70,core,predict:lc1,predict,lc1,single,cpu,0,64,4,70,69,32,20240912,ok,,True,3.5567,0.22256,2.9297,3.1522,2.8497,2.6598,2.9295,2.591,3.1986,10,1,320,0.001,1,1,550.3,38.93
full,2026-09-30T01:44:27,T,T,70,core,eager:lc1,eager,lc1,single,cpu,0,64,4,70,69,32,20240912,ok,,True,3.5533,0.23112,2.2142,2.4453,2.2378,2.0167,2.3001,1.9101,2.9259,10,1,320,0.001,1,1,274.2,31.17
full,2026-09-30T01:44:58,T,T,70,core,compiled:lc1,compiled,lc1,single,cpu,0,64,4,70,69,32,20240912,ok,,True,3.6392,0.24166,0.39067,0.63233,0.054413,0.048495,0.057519,0.046315,0.083914,10,5,320,0.001,1,1,268.3,8.3
full,2026-09-30T01:45:07,T,T,70,core,xla:lc1,xla,lc1,single,cpu,0,64,4,70,69,32,20240912,ok,,True,3.3576,0.25523,0.58021,0.83544,0.059526,0.054074,0.063698,0.049798,0.067962,10,2,320,0.001,1,1,300.6,6.31
full,2026-09-30T01:45:13,T,T,70,core,while_loop:lc1,while_loop,lc1,single,cpu,0,64,4,70,69,32,20240912,ok,,True,3.2093,0.30605,0.49356,0.79961,0.025552,0.024805,0.028955,0.024311,0.031122,10,5,320,0.001,1,1,270.9,6.28
full,2026-09-30T01:45:19,T,T,70,core,while_loop_xla:lc1,while_loop_xla,lc1,single,cpu,0,64,4,70,69,32,20240912,ok,,True,3.4621,0.23031,0.48561,0.71592,0.018374,0.017656,0.018935,0.015711,0.021225,10,10,320,0.001,1,1,304.8,7.06
full,2026-09-30T01:45:26,T,T,70,core,unrolled:lc1,unrolled,lc1,single,cpu,0,64,4,70,69,32,20240912,ok,,True,3.2092,10.113,19.985,30.098,0.033622,0.032173,0.03481,0.031712,0.039451,10,5,320,0.001,1,1,805.1,36.46
full,2026-09-30T01:46:03,T,T,70,core,predict:dense,predict,dense,single,cpu,0,64,4,70,69,32,20240912,ok,,True,3.145,0.099583,2.626,2.7256,2.5275,2.482,2.6551,2.4135,2.8787,10,1,16448,0.062,1,1,544.5,35.4
full,2026-09-30T01:46:38,T,T,70,core,eager:dense,eager,dense,single,cpu,0,64,4,70,69,32,20240912,ok,,True,3.1796,0.1162,0.34873,0.46493,0.28017,0.26758,0.28625,0.25296,0.33898,10,1,16448,0.062,1,1,258.4,7.45
full,2026-09-30T01:46:46,T,T,70,core,compiled:dense,compiled,dense,single,cpu,0,64,4,70,69,32,20240912,ok,,True,3.1707,0.12718,0.11921,0.24639,0.047771,0.04695,0.05092,0.042692,0.052093,10,5,16448,0.062,1,1,261.3,6.87
full,2026-09-30T01:46:53,T,T,70,core,xla:dense,xla,dense,single,cpu,0,64,4,70,69,32,20240912,ok,,True,4.7268,0.12076,0.18563,0.30638,0.050412,0.047403,0.05495,0.045722,0.062389,10,5,16448,0.062,1,1,286.8,8.7
full,2026-09-30T01:47:01,T,T,70,core,while_loop:dense,while_loop,dense,single,cpu,0,64,4,70,69,32,20240912,ok,,True,6.7206,0.10406,0.18115,0.28521,0.016472,0.015842,0.017395,0.014641,0.02046,10,10,16448,0.062,1,1,262.9,10.01
full,2026-09-30T01:47:11,T,T,70,core,while_loop_xla:dense,while_loop_xla,dense,single,cpu,0,64,4,70,69,32,20240912,ok,,True,3.2522,0.13094,0.21304,0.34398,0.016183,0.015699,0.017188,0.015604,0.018164,10,10,16448,0.062,1,1,290.3,6.26
full,2026-09-30T01:47:18,T,T,70,core,unrolled:dense,unrolled,dense,single,cpu,0,64,4,70,69,32,20240912,ok,,True,3.1231,2.0828,2.3004,4.3833,0.015493,0.014563,0.01616,0.013787,0.016416,10,10,16448,0.062,1,1,311.8,10.03
full,2026-09-30T01:47:28,T,T,70,core,compiled:lc2,compiled,lc2,single,cpu,0,64,4,70,69,32,20240912,ok,,True,3.1082,0.13432,0.14539,0.27972,0.05314,0.048779,0.056733,0.046441,0.062562,10,2,16448,0.062,1,1,263.3,5.31
full,2026-09-30T01:47:33,T,T,70,core,xla:lc2,xla,lc2,single,cpu,0,64,4,70,69,32,20240912,ok,,True,3.086,0.1104,0.16381,0.27422,0.044092,0.04223,0.04542,0.040616,0.04902,10,5,16448,0.062,1,1,289.1,6.7
full,2026-09-30T01:47:40,T,T,70,core,compiled:lc3,compiled,lc3,single,cpu,0,64,4,70,69,32,20240912,ok,,True,3.3495,0.16786,0.1375,0.30535,0.040621,0.038837,0.041272,0.037085,0.046809,10,5,320,0.001,1,1,262.2,6.71
full,2026-09-30T01:47:46,T,T,70,core,compiled:elem,compiled,elem,single,cpu,0,64,4,70,69,32,20240912,ok,,True,3.0067,0.1152,0.13873,0.25393,0.046015,0.045071,0.046211,0.039178,0.049156,10,5,320,0.001,1,1,260.5,6.61
full,2026-09-30T01:47:53,T,T,70,core,xla:elem,xla,elem,single,cpu,0,64,4,70,69,32,20240912,ok,,True,3.1041,0.14773,0.17844,0.32618,0.049231,0.045716,0.053796,0.039678,0.059256,10,2,320,0.001,1,1,287.1,5.32
full,2026-09-30T01:47:58,T,T,70,core,while_loop_xla:elem,while_loop_xla,elem,single,cpu,0,64,4,70,69,32,20240912,ok,,True,3.2066,0.11954,0.25542,0.37496,0.016901,0.015546,0.017888,0.014274,0.021258,10,10,320,0.001,1,1,289.9,6.29
full,2026-09-30T01:48:04,T,T,80,core,cellpylib,cellpylib,,default,cpu,0,64,4,80,79,32,20240912,ok,,True,3.9169,7.4e-06,3.4382,3.4382,3.3028,3.2213,3.4004,3.1597,3.4835,10,1,,,0,0,263.8,44.57
full,2026-09-30T01:48:49,T,T,80,core,numpy,numpy,,default,cpu,0,64,4,80,79,32,20240912,ok,,True,3.2594,1.1e-05,0.0077096,0.0077206,0.0054926,0.005118,0.0062112,0.0047471,0.0067098,10,20,,,0,0,242.0,5.25
full,2026-09-30T01:48:54,T,T,80,core,numpy_lut,numpy_lut,,default,cpu,0,64,4,80,79,32,20240912,ok,,True,3.0342,0.0001083,0.0056377,0.005746,0.0035619,0.0035275,0.0038056,0.0034781,0.0041962,10,50,,,0,0,240.7,5.92
full,2026-09-30T01:49:00,T,T,80,core,predict:lc1,predict,lc1,default,cpu,0,64,4,80,79,32,20240912,ok,,True,3.2947,0.22168,3.3971,3.6187,2.9313,2.8824,3.126,2.863,3.2196,10,1,320,0.001,0,0,595.6,40.74
full,2026-09-30T01:49:41,T,T,80,core,eager:lc1,eager,lc1,default,cpu,0,64,4,80,79,32,20240912,ok,,True,3.3889,0.24954,2.1953,2.4448,2.3704,2.2513,2.5181,2.2098,2.6535,10,1,320,0.001,0,0,282.7,32.71
full,2026-09-30T01:50:14,T,T,80,core,compiled:lc1,compiled,lc1,default,cpu,0,64,4,80,79,32,20240912,ok,,True,3.2158,0.22465,0.35623,0.58088,0.061591,0.058904,0.064742,0.05773,0.066198,10,2,320,0.001,0,0,275.2,5.97
full,2026-09-30T01:50:20,T,T,80,core,xla:lc1,xla,lc1,default,cpu,0,64,4,80,79,32,20240912,ok,,True,3.1363,0.26289,0.44176,0.70466,0.059118,0.057615,0.060505,0.054187,0.065154,10,2,320,0.001,0,0,306.8,5.96
full,2026-09-30T01:50:26,T,T,80,core,while_loop:lc1,while_loop,lc1,default,cpu,0,64,4,80,79,32,20240912,ok,,True,3.0147,0.19662,0.40447,0.60109,0.033484,0.03298,0.035897,0.031596,0.042593,10,5,320,0.001,0,0,276.6,6.38
full,2026-09-30T01:50:32,T,T,80,core,while_loop_xla:lc1,while_loop_xla,lc1,default,cpu,0,64,4,80,79,32,20240912,ok,,True,3.2616,0.19814,0.48655,0.68469,0.018442,0.018024,0.019504,0.017335,0.021353,10,10,320,0.001,0,0,313.0,6.89
full,2026-09-30T01:50:39,T,T,80,core,unrolled:lc1,unrolled,lc1,default,cpu,0,64,4,80,79,32,20240912,ok,,True,3.3134,10.623,21.738,32.361,0.034786,0.034569,0.036263,0.034211,0.037767,10,5,320,0.001,0,0,885.3,39.04
full,2026-09-30T01:51:18,T,T,80,core,predict:dense,predict,dense,default,cpu,0,64,4,80,79,32,20240912,ok,,True,3.0203,0.11714,3.2956,3.4127,3.0154,2.8943,3.1347,2.8239,3.3082,10,1,16448,0.062,0,0,589.6,40.81
full,2026-09-30T01:51:59,T,T,80,core,eager:dense,eager,dense,default,cpu,0,64,4,80,79,32,20240912,ok,,True,3.1975,0.10208,0.35508,0.45716,0.37656,0.34758,0.38889,0.3286,0.47289,10,1,16448,0.062,0,0,264.7,8.5
full,2026-09-30T01:52:07,T,T,80,core,compiled:dense,compiled,dense,default,cpu,0,64,4,80,79,32,20240912,ok,,True,3.0594,0.11974,0.14207,0.26181,0.058619,0.056304,0.060828,0.055249,0.063349,10,2,16448,0.062,0,0,266.9,5.41
full,2026-09-30T01:52:13,T,T,80,core,xla:dense,xla,dense,default,cpu,0,64,4,80,79,32,20240912,ok,,True,3.3621,0.11721,0.15985,0.27707,0.049095,0.047708,0.053152,0.045474,0.055317,10,5,16448,0.062,0,0,293.3,7.3
full,2026-09-30T01:52:20,T,T,80,core,while_loop:dense,while_loop,dense,default,cpu,0,64,4,80,79,32,20240912,ok,,True,3.0485,0.11276,0.20604,0.3188,0.033077,0.030537,0.034821,0.030292,0.037286,10,5,16448,0.062,0,0,269.2,6.05
full,2026-09-30T01:52:26,T,T,80,core,while_loop_xla:dense,while_loop_xla,dense,default,cpu,0,64,4,80,79,32,20240912,ok,,True,3.4465,0.10851,0.23276,0.34127,0.019391,0.01876,0.022858,0.018324,0.023607,10,5,16448,0.062,0,0,296.2,5.74
full,2026-09-30T01:52:32,T,T,80,core,unrolled:dense,unrolled,dense,default,cpu,0,64,4,80,79,32,20240912,ok,,True,3.2726,2.0849,2.3576,4.4425,0.026452,0.025726,0.026857,0.024853,0.027693,10,5,16448,0.062,0,0,327.3,9.95
full,2026-09-30T01:52:42,T,T,80,core,compiled:lc2,compiled,lc2,default,cpu,0,64,4,80,79,32,20240912,ok,,True,3.2113,0.11926,0.1904,0.30966,0.064249,0.060207,0.06559,0.05758,0.068614,10,2,16448,0.062,0,0,268.8,5.74
full,2026-09-30T01:52:47,T,T,80,core,xla:lc2,xla,lc2,default,cpu,0,64,4,80,79,32,20240912,ok,,True,3.06,0.11443,0.17756,0.29199,0.059429,0.055036,0.070116,0.050064,0.080408,10,5,16448,0.062,0,0,295.3,7.57
full,2026-09-30T01:52:55,T,T,80,core,compiled:lc3,compiled,lc3,default,cpu,0,64,4,80,79,32,20240912,ok,,True,3.2051,0.11699,0.13931,0.2563,0.051959,0.051219,0.054561,0.050782,0.056456,10,2,320,0.001,0,0,268.3,5.42
full,2026-09-30T01:53:00,T,T,80,core,compiled:elem,compiled,elem,default,cpu,0,64,4,80,79,32,20240912,ok,,True,3.1135,0.14267,0.1561,0.29877,0.057338,0.051422,0.060479,0.048062,0.06326,10,2,320,0.001,0,0,266.9,5.43
full,2026-09-30T01:53:06,T,T,80,core,xla:elem,xla,elem,default,cpu,0,64,4,80,79,32,20240912,ok,,True,3.1274,0.11012,0.16225,0.27237,0.048409,0.045856,0.049402,0.044108,0.057467,10,5,320,0.001,0,0,293.5,6.95
full,2026-09-30T01:53:13,T,T,80,core,while_loop_xla:elem,while_loop_xla,elem,default,cpu,0,64,4,80,79,32,20240912,ok,,True,3.366,0.13803,0.20687,0.3449,0.016469,0.016298,0.017578,0.016105,0.018204,10,10,320,0.001,0,0,296.0,6.38
full,2026-09-30T01:53:19,T,T,80,core,numpy,numpy,,single,cpu,0,64,4,80,79,32,20240912,ok,,True,3.0531,7.5e-06,0.0047624,0.0047699,0.005558,0.0050366,0.0060702,0.004682,0.0067618,10,50,,,1,1,240.1,6.95
full,2026-09-30T01:53:26,T,T,80,core,numpy_lut,numpy_lut,,single,cpu,0,64,4,80,79,32,20240912,ok,,True,3.1455,7.14e-05,0.0038575,0.0039289,0.0039105,0.0036198,0.0040439,0.0034971,0.0044839,10,50,,,1,1,240.1,6.06
full,2026-09-30T01:53:32,T,T,80,core,predict:lc1,predict,lc1,single,cpu,0,64,4,80,79,32,20240912,ok,,True,3.179,0.24163,3.4302,3.6719,2.9623,2.8473,3.1582,2.8039,3.2918,10,1,320,0.001,1,1,593.8,40.82
full,2026-09-30T01:54:13,T,T,80,core,eager:lc1,eager,lc1,single,cpu,0,64,4,80,79,32,20240912,ok,,True,3.2969,0.2565,2.3416,2.5981,2.3725,2.2616,2.5539,2.219,2.6226,10,1,320,0.001,1,1,277.1,32.77
full,2026-09-30T01:54:46,T,T,80,core,compiled:lc1,compiled,lc1,single,cpu,0,64,4,80,79,32,20240912,ok,,True,3.1845,0.19301,0.36906,0.56207,0.056094,0.055047,0.060701,0.052955,0.06379,10,2,320,0.001,1,1,268.1,5.87
full,2026-09-30T01:54:52,T,T,80,core,xla:lc1,xla,lc1,single,cpu,0,64,4,80,79,32,20240912,ok,,True,3.0839,0.25311,0.46766,0.72077,0.089809,0.061894,0.10792,0.058761,0.12881,10,2,320,0.001,1,1,301.0,6.62
full,2026-09-30T01:54:58,T,T,80,core,while_loop:lc1,while_loop,lc1,single,cpu,0,64,4,80,79,32,20240912,ok,,True,3.1404,0.21041,0.43533,0.64575,0.034235,0.032248,0.040867,0.029734,0.045591,10,5,320,0.001,1,1,272.3,6.55
full,2026-09-30T01:55:05,T,T,80,core,while_loop_xla:lc1,while_loop_xla,lc1,single,cpu,0,64,4,80,79,32,20240912,ok,,True,3.4053,0.20703,0.51725,0.72427,0.019204,0.018397,0.019849,0.017586,0.020601,10,10,320,0.001,1,1,306.1,7.08
full,2026-09-30T01:55:12,T,T,80,core,unrolled:lc1,unrolled,lc1,single,cpu,0,64,4,80,79,32,20240912,ok,,True,3.1494,10.655,21.965,32.621,0.035923,0.034231,0.037028,0.033311,0.038163,10,5,320,0.001,1,1,875.5,39.09
full,2026-09-30T01:55:51,T,T,80,core,predict:dense,predict,dense,single,cpu,0,64,4,80,79,32,20240912,ok,,True,3.0552,0.10102,3.3804,3.4814,3.0763,2.9088,3.1205,2.8227,3.4177,10,1,16448,0.062,1,1,587.0,40.89
full,2026-09-30T01:56:32,T,T,80,core,eager:dense,eager,dense,single,cpu,0,64,4,80,79,32,20240912,ok,,True,3.0177,0.11074,0.36789,0.47863,0.33804,0.32767,0.34846,0.30541,0.42141,10,1,16448,0.062,1,1,259.8,7.95
full,2026-09-30T01:56:40,T,T,80,core,compiled:dense,compiled,dense,single,cpu,0,64,4,80,79,32,20240912,ok,,True,3.0754,0.099821,0.11675,0.21657,0.045626,0.044658,0.046677,0.041901,0.056235,10,2,16448,0.062,1,1,262.2,5.08
full,2026-09-30T01:56:45,T,T,80,core,xla:dense,xla,dense,single,cpu,0,64,4,80,79,32,20240912,ok,,True,3.299,0.13155,0.21176,0.34331,0.049204,0.048182,0.051027,0.046826,0.054719,10,2,16448,0.062,1,1,287.0,5.57
full,2026-09-30T01:56:51,T,T,80,core,while_loop:dense,while_loop,dense,single,cpu,0,64,4,80,79,32,20240912,ok,,True,3.0828,0.11183,0.16323,0.27506,0.018587,0.017123,0.019149,0.016727,0.021478,10,10,16448,0.062,1,1,264.4,6.2
full,2026-09-30T01:56:57,T,T,80,core,while_loop_xla:dense,while_loop_xla,dense,single,cpu,0,64,4,80,79,32,20240912,ok,,True,3.3115,0.10318,0.22648,0.32965,0.018807,0.018232,0.020168,0.017799,0.020922,10,10,16448,0.062,1,1,290.9,6.59
full,2026-09-30T01:57:03,T,T,80,core,unrolled:dense,unrolled,dense,single,cpu,0,64,4,80,79,32,20240912,ok,,True,3.1379,2.1664,2.3541,4.5205,0.016837,0.016398,0.017725,0.01597,0.018406,10,10,16448,0.062,1,1,321.7,10.44
full,2026-09-30T01:57:14,T,T,80,core,compiled:lc2,compiled,lc2,single,cpu,0,64,4,80,79,32,20240912,ok,,True,3.0783,0.1425,0.17744,0.31994,0.058733,0.055979,0.061862,0.054779,0.072624,10,2,16448,0.062,1,1,263.3,5.46
full,2026-09-30T01:57:19,T,T,80,core,xla:lc2,xla,lc2,single,cpu,0,64,4,80,79,32,20240912,ok,,True,3.0376,0.12551,0.22016,0.34567,0.049073,0.047517,0.051458,0.046361,0.058531,10,2,16448,0.062,1,1,289.3,5.28
full,2026-09-30T01:57:24,T,T,80,core,compiled:lc3,compiled,lc3,single,cpu,0,64,4,80,79,32,20240912,ok,,True,3.2399,0.12042,0.15835,0.27877,0.053205,0.04806,0.057749,0.043201,0.064622,10,2,320,0.001,1,1,262.9,5.47
full,2026-09-30T01:57:30,T,T,80,core,compiled:elem,compiled,elem,single,cpu,0,64,4,80,79,32,20240912,ok,,True,3.0607,0.12098,0.11388,0.23487,0.045731,0.043846,0.047108,0.041883,0.051011,10,5,320,0.001,1,1,262.6,6.63
full,2026-09-30T01:57:37,T,T,80,core,xla:elem,xla,elem,single,cpu,0,64,4,80,79,32,20240912,ok,,True,3.302,0.15546,0.1635,0.31897,0.046465,0.044766,0.049094,0.04392,0.054204,10,2,320,0.001,1,1,287.9,5.5
full,2026-09-30T01:57:42,T,T,80,core,while_loop_xla:elem,while_loop_xla,elem,single,cpu,0,64,4,80,79,32,20240912,ok,,True,3.0711,0.11617,0.21728,0.33346,0.018824,0.017684,0.019678,0.016382,0.022182,10,10,320,0.001,1,1,291.0,6.27
full,2026-09-30T01:57:48,T,T,90,core,cellpylib,cellpylib,,default,cpu,0,64,4,90,89,32,20240912,ok,,True,3.5812,1.21e-05,3.7358,3.7358,3.7432,3.6662,4.0691,3.5759,4.2583,10,1,,,0,0,264.0,50.67
full,2026-09-30T01:58:39,T,T,90,core,numpy,numpy,,default,cpu,0,64,4,90,89,32,20240912,ok,,True,3.2174,1.15e-05,0.010254,0.010266,0.0057548,0.0055056,0.0061761,0.0052536,0.00698,10,20,,,0,0,241.7,5.32
full,2026-09-30T01:58:44,T,T,90,core,numpy_lut,numpy_lut,,default,cpu,0,64,4,90,89,32,20240912,ok,,True,3.122,0.000122,0.0077867,0.0079087,0.0047628,0.0044737,0.0051583,0.0040255,0.0058358,10,50,,,0,0,241.0,6.65
full,2026-09-30T01:58:51,T,T,90,core,predict:lc1,predict,lc1,default,cpu,0,64,4,90,89,32,20240912,ok,,True,3.0643,0.21411,3.8021,4.0162,3.3696,3.2331,3.4808,3.1666,3.55,10,1,320,0.001,0,0,633.7,45.14
full,2026-09-30T01:59:36,T,T,90,core,eager:lc1,eager,lc1,default,cpu,0,64,4,90,89,32,20240912,ok,,True,3.2734,0.22856,2.7214,2.95,2.6084,2.5321,2.8357,2.4574,3.0285,10,1,320,0.001,0,0,284.0,36.38
full,2026-09-30T02:00:13,T,T,90,core,compiled:lc1,compiled,lc1,default,cpu,0,64,4,90,89,32,20240912,ok,,True,3.1525,0.21503,0.39082,0.60584,0.072587,0.0689,0.079073,0.065638,0.087138,10,2,320,0.001,0,0,274.4,6.25
full,2026-09-30T02:00:19,T,T,90,core,xla:lc1,xla,lc1,default,cpu,0,64,4,90,89,32,20240912,ok,,True,3.268,0.21355,0.41272,0.62627,0.052516,0.052271,0.055016,0.051888,0.058814,10,2,320,0.001,0,0,308.2,5.93
full,2026-09-30T02:00:25,T,T,90,core,while_loop:lc1,while_loop,lc1,default,cpu,0,64,4,90,89,32,20240912,ok,,True,3.3937,0.22025,0.46628,0.68653,0.051809,0.049134,0.053701,0.047221,0.06063,10,2,320,0.001,0,0,276.3,6.02
full,2026-09-30T02:00:31,T,T,90,core,while_loop_xla:lc1,while_loop_xla,lc1,default,cpu,0,64,4,90,89,32,20240912,ok,,True,3.111,0.24124,0.4735,0.71474,0.020602,0.020074,0.021579,0.019542,0.022274,10,10,320,0.001,0,0,312.1,7.02
full,2026-09-30T02:00:38,T,T,90,core,unrolled:lc1,unrolled,lc1,default,cpu,0,64,4,90,89,32,20240912,ok,,True,3.3448,11.829,23.848,35.676,0.039764,0.039376,0.040681,0.037387,0.043373,10,5,320,0.001,0,0,961.9,42.68
full,2026-09-30T02:01:20,T,T,90,core,predict:dense,predict,dense,default,cpu,0,64,4,90,89,32,20240912,ok,,True,3.2511,0.11289,3.3231,3.436,3.3449,3.2691,3.4973,3.2005,3.6227,10,1,16448,0.062,0,0,628.7,45.13
full,2026-09-30T02:02:06,T,T,90,core,eager:dense,eager,dense,default,cpu,0,64,4,90,89,32,20240912,ok,,True,8.6358,0.15158,0.45049,0.60208,0.5066,0.39461,0.70563,0.35666,1.2599,10,1,16448,0.062,0,0,265.3,16.86
full,2026-09-30T02:02:22,T,T,90,core,compiled:dense,compiled,dense,default,cpu,0,64,4,90,89,32,20240912,ok,,True,3.3232,0.14309,0.19439,0.33748,0.063534,0.062564,0.068086,0.061947,0.070013,10,2,16448,0.062,0,0,267.6,5.98
full,2026-09-30T02:02:28,T,T,90,core,xla:dense,xla,dense,default,cpu,0,64,4,90,89,32,20240912,ok,,True,3.259,0.13275,0.21663,0.34938,0.078802,0.074,0.081443,0.065761,0.089109,10,2,16448,0.062,0,0,293.6,6.12
full,2026-09-30T02:02:34,T,T,90,core,while_loop:dense,while_loop,dense,default,cpu,0,64,4,90,89,32,20240912,ok,,True,3.1432,0.10624,0.2099,0.31614,0.032535,0.031196,0.033855,0.030335,0.036139,10,5,16448,0.062,0,0,268.5,6.1
full,2026-09-30T02:02:41,T,T,90,core,while_loop_xla:dense,while_loop_xla,dense,default,cpu,0,64,4,90,89,32,20240912,ok,,True,3.2446,0.10411,0.30658,0.41069,0.021357,0.020652,0.022005,0.020148,0.023086,10,5,16448,0.062,0,0,297.9,5.66
full,2026-09-30T02:02:46,T,T,90,core,unrolled:dense,unrolled,dense,default,cpu,0,64,4,90,89,32,20240912,ok,,True,3.1622,2.5875,2.7948,5.3824,0.029646,0.02879,0.031732,0.028016,0.03341,10,5,16448,0.062,0,0,336.6,11.03
full,2026-09-30T02:02:57,T,T,90,core,compiled:lc2,compiled,lc2,default,cpu,0,64,4,90,89,32,20240912,ok,,True,3.095,0.13862,0.18136,0.31998,0.077351,0.075829,0.081342,0.073428,0.082974,10,2,16448,0.062,0,0,269.9,5.95
full,2026-09-30T02:03:03,T,T,90,core,xla:lc2,xla,lc2,default,cpu,0,64,4,90,89,32,20240912,ok,,True,3.1671,0.11155,0.18542,0.29697,0.055027,0.05342,0.057019,0.051812,0.064441,10,2,16448,0.062,0,0,295.3,5.51
full,2026-09-30T02:03:09,T,T,90,core,compiled:lc3,compiled,lc3,default,cpu,0,64,4,90,89,32,20240912,ok,,True,3.3147,0.15334,0.16859,0.32193,0.06478,0.061719,0.066704,0.057209,0.068677,10,2,320,0.001,0,0,269.2,5.88
full,2026-09-30T02:03:15,T,T,90,core,compiled:elem,compiled,elem,default,cpu,0,64,4,90,89,32,20240912,ok,,True,3.0276,0.1262,0.13386,0.26006,0.0583,0.051616,0.063009,0.050527,0.071156,10,2,320,0.001,0,0,267.7,5.32
full,2026-09-30T02:03:20,T,T,90,core,xla:elem,xla,elem,default,cpu,0,64,4,90,89,32,20240912,ok,,True,3.3514,0.11311,0.1863,0.29941,0.052043,0.050201,0.053645,0.049995,0.058614,10,2,320,0.001,0,0,293.8,5.6
full,2026-09-30T02:03:26,T,T,90,core,while_loop_xla:elem,while_loop_xla,elem,default,cpu,0,64,4,90,89,32,20240912,ok,,True,3.0266,0.11236,0.21625,0.32861,0.020308,0.019443,0.020764,0.018124,0.02166,10,10,320,0.001,0,0,298.1,6.38
full,2026-09-30T02:03:32,T,T,90,core,numpy,numpy,,single,cpu,0,64,4,90,89,32,20240912,ok,,True,3.1829,7.1e-06,0.0054078,0.0054149,0.0052042,0.0050823,0.0057714,0.0049904,0.0066699,10,20,,,1,1,239.5,5.19
full,2026-09-30T02:03:37,T,T,90,core,numpy_lut,numpy_lut,,single,cpu,0,64,4,90,89,32,20240912,ok,,True,2.9975,7.1e-05,0.0055142,0.0055852,0.0048226,0.0046702,0.0049269,0.004246,0.0063085,10,50,,,1,1,239.8,6.58
full,2026-09-30T02:03:44,T,T,90,core,predict:lc1,predict,lc1,single,cpu,0,64,4,90,89,32,20240912,ok,,True,3.1301,0.19814,3.7571,3.9552,3.3834,3.2875,3.5001,3.1843,3.6113,10,1,320,0.001,1,1,630.1,45.58
full,2026-09-30T02:04:29,T,T,90,core,eager:lc1,eager,lc1,single,cpu,0,64,4,90,89,32,20240912,ok,,True,3.185,0.24047,2.6095,2.85,2.6284,2.5091,2.8913,2.489,3.3009,10,1,320,0.001,1,1,279.8,36.59
full,2026-09-30T02:05:06,T,T,90,core,compiled:lc1,compiled,lc1,single,cpu,0,64,4,90,89,32,20240912,ok,,True,3.1804,0.2121,0.3658,0.5779,0.066216,0.061066,0.077643,0.059598,0.082095,10,2,320,0.001,1,1,269.0,6.06
full,2026-09-30T02:05:12,T,T,90,core,xla:lc1,xla,lc1,single,cpu,0,64,4,90,89,32,20240912,ok,,True,3.1795,0.23666,0.44239,0.67905,0.054549,0.053512,0.055973,0.052233,0.062055,10,2,320,0.001,1,1,301.8,5.89
full,2026-09-30T02:05:18,T,T,90,core,while_loop:lc1,while_loop,lc1,single,cpu,0,64,4,90,89,32,20240912,ok,,True,3.0718,0.19597,0.485,0.68097,0.036905,0.035417,0.03806,0.033946,0.041366,10,5,320,0.001,1,1,271.4,6.68
full,2026-09-30T02:05:24,T,T,90,core,while_loop_xla:lc1,while_loop_xla,lc1,single,cpu,0,64,4,90,89,32,20240912,ok,,True,3.0167,0.20459,0.47369,0.67828,0.021726,0.021145,0.023787,0.02009,0.026724,10,5,320,0.001,1,1,305.9,5.71
full,2026-09-30T02:05:30,T,T,90,core,unrolled:lc1,unrolled,lc1,single,cpu,0,64,4,90,89,32,20240912,ok,,True,3.2606,12.549,24.517,37.067,0.042325,0.038433,0.045354,0.037005,0.051557,10,5,320,0.001,1,1,956.6,44.15
full,2026-09-30T02:06:14,T,T,90,core,predict:dense,predict,dense,single,cpu,0,64,4,90,89,32,20240912,ok,,True,3.0749,0.11083,3.6752,3.786,3.2425,3.1831,3.4146,3.1231,3.5755,10,1,16448,0.062,1,1,626.6,44.61
full,2026-09-30T02:06:59,T,T,90,core,eager:dense,eager,dense,single,cpu,0,64,4,90,89,32,20240912,ok,,True,3.0437,0.10219,0.40235,0.50454,0.40465,0.37901,0.43078,0.3374,0.45457,10,1,16448,0.062,1,1,260.8,8.73
full,2026-09-30T02:07:08,T,T,90,core,compiled:dense,compiled,dense,single,cpu,0,64,4,90,89,32,20240912,ok,,True,3.0322,0.10071,0.12202,0.22273,0.065716,0.05683,0.071111,0.051615,0.08156,10,2,16448,0.062,1,1,262.9,5.49
full,2026-09-30T02:07:13,T,T,90,core,xla:dense,xla,dense,single,cpu,0,64,4,90,89,32,20240912,ok,,True,3.2787,0.14091,0.21355,0.35446,0.053446,0.052326,0.055013,0.051724,0.068583,10,2,16448,0.062,1,1,287.5,5.65
full,2026-09-30T02:07:19,T,T,90,core,while_loop:dense,while_loop,dense,single,cpu,0,64,4,90,89,32,20240912,ok,,True,3.0435,0.1052,0.17202,0.27722,0.022633,0.022297,0.023359,0.020955,0.028139,10,10,16448,0.062,1,1,264.0,6.77
full,2026-09-30T02:07:26,T,T,90,core,while_loop_xla:dense,while_loop_xla,dense,single,cpu,0,64,4,90,89,32,20240912,ok,,True,3.3713,0.11115,0.22413,0.33528,0.020504,0.020034,0.022649,0.019939,0.026481,10,5,16448,0.062,1,1,291.8,5.71
full,2026-09-30T02:07:31,T,T,90,core,unrolled:dense,unrolled,dense,single,cpu,0,64,4,90,89,32,20240912,ok,,True,3.2399,2.2064,2.708,4.9144,0.020601,0.019487,0.021927,0.018757,0.024447,10,5,16448,0.062,1,1,330.6,10.09
full,2026-09-30T02:07:41,T,T,90,core,compiled:lc2,compiled,lc2,single,cpu,0,64,4,90,89,32,20240912,ok,,True,3.5576,0.14523,0.19398,0.33921,0.06075,0.058189,0.066995,0.056217,0.075197,10,2,16448,0.062,1,1,264.7,6.17
full,2026-09-30T02:07:48,T,T,90,core,xla:lc2,xla,lc2,single,cpu,0,64,4,90,89,32,20240912,ok,,True,3.0429,0.13533,0.19412,0.32945,0.076572,0.057804,0.086313,0.0542,0.097047,10,2,16448,0.062,1,1,290.7,5.84
full,2026-09-30T02:07:53,T,T,90,core,compiled:lc3,compiled,lc3,single,cpu,0,64,4,90,89,32,20240912,ok,,True,3.2632,0.14969,0.16711,0.31681,0.050633,0.04892,0.054492,0.047622,0.06666,10,2,320,0.001,1,1,264.5,5.54
full,2026-09-30T02:07:59,T,T,90,core,compiled:elem,compiled,elem,single,cpu,0,64,4,90,89,32,20240912,ok,,True,3.0313,0.11135,0.13709,0.24844,0.060037,0.059083,0.063377,0.054063,0.064907,10,5,320,0.001,1,1,264.0,7.48
full,2026-09-30T02:08:06,T,T,90,core,xla:elem,xla,elem,single,cpu,0,64,4,90,89,32,20240912,ok,,True,3.1054,0.11106,0.16554,0.2766,0.054542,0.051818,0.063644,0.050295,0.066701,10,2,320,0.001,1,1,287.8,5.47
full,2026-09-30T02:08:12,T,T,90,core,while_loop_xla:elem,while_loop_xla,elem,single,cpu,0,64,4,90,89,32,20240912,ok,,True,3.2019,0.12884,0.27652,0.40535,0.018322,0.017972,0.018592,0.017789,0.021187,10,5,320,0.001,1,1,290.2,5.44
full,2026-09-30T02:08:17,T,T,100,core,cellpylib,cellpylib,,default,cpu,0,64,4,100,99,32,20240912,ok,,True,4.0211,1.62e-05,4.3577,4.3577,4.2752,4.0445,4.4682,3.9966,4.7122,10,1,,,0,0,264.4,56.11
full,2026-09-30T02:09:13,T,T,100,core,numpy,numpy,,default,cpu,0,64,4,100,99,32,20240912,ok,,True,3.3324,7.4e-06,0.0062663,0.0062737,0.0062035,0.0058596,0.0065252,0.0055429,0.007928,10,20,,,0,0,242.1,5.51
full,2026-09-30T02:09:19,T,T,100,core,numpy_lut,numpy_lut,,default,cpu,0,64,4,100,99,32,20240912,ok,,True,3.0532,8.21e-05,0.0058945,0.0059766,0.0049457,0.0046331,0.0051166,0.0042571,0.0055272,10,50,,,0,0,241.5,6.54
full,2026-09-30T02:09:25,T,T,100,core,predict:lc1,predict,lc1,default,cpu,0,64,4,100,99,32,20240912,ok,,True,3.3518,0.19786,3.9826,4.1805,3.6946,3.6211,3.9038,3.6029,4.0167,10,1,320,0.001,0,0,674.7,50.21
full,2026-09-30T02:10:16,T,T,100,core,eager:lc1,eager,lc1,default,cpu,0,64,4,100,99,32,20240912,ok,,True,3.1856,0.2022,3.0295,3.2317,2.9096,2.8706,3.1116,2.7708,3.2436,10,1,320,0.001,0,0,287.1,40.12
full,2026-09-30T02:10:56,T,T,100,core,compiled:lc1,compiled,lc1,default,cpu,0,64,4,100,99,32,20240912,ok,,True,3.4859,0.21457,0.37022,0.5848,0.07784,0.075198,0.07995,0.072683,0.093706,10,1,320,0.001,0,0,274.1,5.73
full,2026-09-30T02:11:02,T,T,100,core,xla:lc1,xla,lc1,default,cpu,0,64,4,100,99,32,20240912,ok,,True,3.0958,0.29147,0.51837,0.80984,0.074383,0.072998,0.078651,0.070473,0.080591,10,2,320,0.001,0,0,307.5,6.4
full,2026-09-30T02:11:08,T,T,100,core,while_loop:lc1,while_loop,lc1,default,cpu,0,64,4,100,99,32,20240912,ok,,True,3.1559,0.2024,0.39445,0.59685,0.042788,0.041016,0.045475,0.040205,0.048356,10,5,320,0.001,0,0,277.7,7.01
full,2026-09-30T02:11:15,T,T,100,core,while_loop_xla:lc1,while_loop_xla,lc1,default,cpu,0,64,4,100,99,32,20240912,ok,,True,3.2998,0.19533,0.5194,0.71474,0.021928,0.021691,0.022697,0.021574,0.023744,10,5,320,0.001,0,0,311.5,6.03
full,2026-09-30T02:11:21,T,T,100,core,unrolled:lc1,unrolled,lc1,default,cpu,0,64,4,100,99,32,20240912,ok,,True,3.0382,13.358,28.094,41.452,0.04506,0.044205,0.045974,0.04368,0.04964,10,5,320,0.001,0,0,1040.9,48.59
full,2026-09-30T02:12:10,T,T,100,core,predict:dense,predict,dense,default,cpu,0,64,4,100,99,32,20240912,ok,,True,3.622,0.10659,4.0178,4.1244,3.7417,3.693,3.9139,3.5825,4.0668,10,1,16448,0.062,0,0,670.0,50.57
full,2026-09-30T02:13:00,T,T,100,core,eager:dense,eager,dense,default,cpu,0,64,4,100,99,32,20240912,ok,,True,3.0667,0.1028,0.43223,0.53503,0.45236,0.42185,0.46135,0.39479,0.48502,10,1,16448,0.062,0,0,267.4,9.13
full,2026-09-30T02:13:09,T,T,100,core,compiled:dense,compiled,dense,default,cpu,0,64,4,100,99,32,20240912,ok,,True,3.0593,0.10256,0.14589,0.24845,0.071208,0.069246,0.077225,0.068606,0.08525,10,2,16448,0.062,0,0,268.2,5.8
full,2026-09-30T02:13:15,T,T,100,core,xla:dense,xla,dense,default,cpu,0,64,4,100,99,32,20240912,ok,,True,3.2849,0.11054,0.58087,0.69141,0.061612,0.059371,0.063428,0.057936,0.066613,10,2,16448,0.062,0,0,295.2,6.21
full,2026-09-30T02:13:21,T,T,100,core,while_loop:dense,while_loop,dense,default,cpu,0,64,4,100,99,32,20240912,ok,,True,3.0777,0.10105,0.19085,0.2919,0.037179,0.034391,0.03961,0.033162,0.040594,10,5,16448,0.062,0,0,270.5,6.21
full,2026-09-30T02:13:28,T,T,100,core,while_loop_xla:dense,while_loop_xla,dense,default,cpu,0,64,4,100,99,32,20240912,ok,,True,3.1728,0.11927,0.24156,0.36083,0.022589,0.022391,0.022971,0.022317,0.026531,10,5,16448,0.062,0,0,298.1,5.62
full,2026-09-30T02:13:33,T,T,100,core,unrolled:dense,unrolled,dense,default,cpu,0,64,4,100,99,32,20240912,ok,,True,3.0305,2.6582,3.1497,5.8079,0.03318,0.032647,0.034355,0.031829,0.036073,10,5,16448,0.062,0,0,345.5,11.57
full,2026-09-30T02:13:45,T,T,100,core,compiled:lc2,compiled,lc2,default,cpu,0,64,4,100,99,32,20240912,ok,,True,3.1406,0.13199,0.20037,0.33236,0.080419,0.07631,0.083597,0.072725,0.097069,10,2,16448,0.062,0,0,270.2,6.16
full,2026-09-30T02:13:51,T,T,100,core,xla:lc2,xla,lc2,default,cpu,0,64,4,100,99,32,20240912,ok,,True,3.0869,0.10522,0.18346,0.28868,0.061773,0.060616,0.06479,0.058021,0.073166,10,2,16448,0.062,0,0,297.2,5.57
full,2026-09-30T02:13:56,T,T,100,core,compiled:lc3,compiled,lc3,default,cpu,0,64,4,100,99,32,20240912,ok,,True,3.3122,0.13755,0.1582,0.29576,0.065693,0.065105,0.067592,0.063525,0.07243,10,2,320,0.001,0,0,268.5,5.86
full,2026-09-30T02:14:02,T,T,100,core,compiled:elem,compiled,elem,default,cpu,0,64,4,100,99,32,20240912,ok,,True,3.0313,0.12687,0.1359,0.26277,0.059785,0.057175,0.063065,0.055202,0.070564,10,2,320,0.001,0,0,268.6,5.44
full,2026-09-30T02:14:08,T,T,100,core,xla:elem,xla,elem,default,cpu,0,64,4,100,99,32,20240912,ok,,True,3.334,0.1098,0.1598,0.2696,0.05875,0.056782,0.063567,0.05602,0.082799,10,2,320,0.001,0,0,294.8,5.78
full,2026-09-30T02:14:14,T,T,100,core,while_loop_xla:elem,while_loop_xla,elem,default,cpu,0,64,4,100,99,32,20240912,ok,,True,3.0942,0.11117,0.24884,0.36001,0.022575,0.022374,0.023595,0.022071,0.024756,10,5,320,0.001,0,0,298.0,5.48
full,2026-09-30T02:14:19,T,T,100,core,numpy,numpy,,single,cpu,0,64,4,100,99,32,20240912,ok,,True,3.1267,1.02e-05,0.0057875,0.0057977,0.0058921,0.0056853,0.0062094,0.0055269,0.0072442,10,20,,,1,1,240.2,5.25
full,2026-09-30T02:14:24,T,T,100,core,numpy_lut,numpy_lut,,single,cpu,0,64,4,100,99,32,20240912,ok,,True,3.3492,0.0001249,0.0075578,0.0076827,0.0055054,0.0050014,0.0062779,0.0046872,0.0075001,10,20,,,1,1,240.5,5.5
full,2026-09-30T02:14:30,T,T,100,core,predict:lc1,predict,lc1,single,cpu,0,64,4,100,99,32,20240912,ok,,True,3.1067,0.19824,4.2904,4.4886,3.7919,3.6188,3.8776,3.5117,4.7902,10,1,320,0.001,1,1,669.4,51.09
full,2026-09-30T02:15:21,T,T,100,core,eager:lc1,eager,lc1,single,cpu,0,64,4,100,99,32,20240912,ok,,True,3.1008,0.27112,2.7319,3.003,2.8531,2.7986,2.9433,2.7562,3.2089,10,1,320,0.001,1,1,283.0,39.02
full,2026-09-30T02:16:00,T,T,100,core,compiled:lc1,compiled,lc1,single,cpu,0,64,4,100,99,32,20240912,ok,,True,3.1443,0.20017,0.35344,0.55361,0.070845,0.068553,0.072923,0.066131,0.087514,10,2,320,0.001,1,1,269.0,6.22
full,2026-09-30T02:16:06,T,T,100,core,xla:lc1,xla,lc1,single,cpu,0,64,4,100,99,32,20240912,ok,,True,3.2053,0.24561,0.5457,0.79132,0.069227,0.063905,0.079847,0.059687,0.085118,10,2,320,0.001,1,1,302.5,6.44
full,2026-09-30T02:16:13,T,T,100,core,while_loop:lc1,while_loop,lc1,single,cpu,0,64,4,100,99,32,20240912,ok,,True,3.0484,0.19495,0.42185,0.6168,0.039279,0.036744,0.040276,0.035097,0.047431,10,5,320,0.001,1,1,272.6,6.67
full,2026-09-30T02:16:19,T,T,100,core,while_loop_xla:lc1,while_loop_xla,lc1,single,cpu,0,64,4,100,99,32,20240912,ok,,True,3.3053,0.20878,0.47872,0.6875,0.022552,0.022352,0.023337,0.022135,0.026627,10,5,320,0.001,1,1,306.7,6.1
full,2026-09-30T02:16:25,T,T,100,core,unrolled:lc1,unrolled,lc1,single,cpu,0,64,4,100,99,32,20240912,ok,,True,3.2115,13.627,27.715,41.342,0.054574,0.044893,0.060669,0.044139,0.067194,10,2,320,0.001,1,1,1030.8,47.22
full,2026-09-30T02:17:12,T,T,100,core,predict:dense,predict,dense,single,cpu,0,64,4,100,99,32,20240912,ok,,True,3.0481,0.10858,3.8381,3.9467,3.656,3.5684,3.7948,3.5505,3.9655,10,1,16448,0.062,1,1,667.8,48.94
full,2026-09-30T02:18:01,T,T,100,core,eager:dense,eager,dense,single,cpu,0,64,4,100,99,32,20240912,ok,,True,3.1507,0.11812,0.41192,0.53003,0.40183,0.38299,0.41749,0.37008,0.45991,10,1,16448,0.062,1,1,260.5,8.8
full,2026-09-30T02:18:10,T,T,100,core,compiled:dense,compiled,dense,single,cpu,0,64,4,100,99,32,20240912,ok,,True,3.3823,0.11676,0.17464,0.2914,0.061456,0.056836,0.069255,0.053882,0.073704,10,2,16448,0.062,1,1,263.6,5.92
full,2026-09-30T02:18:16,T,T,100,core,xla:dense,xla,dense,single,cpu,0,64,4,100,99,32,20240912,ok,,True,3.0398,0.10019,0.22175,0.32194,0.076862,0.076016,0.078556,0.074046,0.084824,10,2,16448,0.062,1,1,288.3,5.92
full,2026-09-30T02:18:22,T,T,100,core,while_loop:dense,while_loop,dense,single,cpu,0,64,4,100,99,32,20240912,ok,,True,3.0639,0.10355,0.15986,0.26341,0.023597,0.021246,0.025731,0.020114,0.028243,10,5,16448,0.062,1,1,265.0,5.43
full,2026-09-30T02:18:28,T,T,100,core,while_loop_xla:dense,while_loop_xla,dense,single,cpu,0,64,4,100,99,32,20240912,ok,,True,3.144,0.13735,0.29825,0.43559,0.026196,0.024849,0.028886,0.02417,0.031391,10,5,16448,0.062,1,1,291.2,5.82
full,2026-09-30T02:18:33,T,T,100,core,unrolled:dense,unrolled,dense,single,cpu,0,64,4,100,99,32,20240912,ok,,True,3.1766,2.2897,3.4039,5.6936,0.021384,0.020516,0.023496,0.020189,0.026766,10,5,16448,0.062,1,1,339.7,10.89
full,2026-09-30T02:18:44,T,T,100,core,compiled:lc2,compiled,lc2,single,cpu,0,64,4,100,99,32,20240912,ok,,True,3.0537,0.11047,0.1561,0.26657,0.067735,0.06278,0.072664,0.061214,0.080947,10,2,16448,0.062,1,1,264.4,5.64
full,2026-09-30T02:18:50,T,T,100,core,xla:lc2,xla,lc2,single,cpu,0,64,4,100,99,32,20240912,ok,,True,3.2852,0.11329,0.18903,0.30232,0.05941,0.058712,0.062074,0.05767,0.072046,10,2,16448,0.062,1,1,289.6,5.76
full,2026-09-30T02:18:56,T,T,100,core,compiled:lc3,compiled,lc3,single,cpu,0,64,4,100,99,32,20240912,ok,,True,3.0333,0.10748,0.1623,0.26978,0.0614,0.056197,0.064398,0.051876,0.071681,10,2,320,0.001,1,1,264.3,5.4
full,2026-09-30T02:19:01,T,T,100,core,compiled:elem,compiled,elem,single,cpu,0,64,4,100,99,32,20240912,ok,,True,3.2651,0.11029,0.1486,0.25889,0.05348,0.051849,0.056485,0.051265,0.067565,10,2,320,0.001,1,1,263.2,5.52
full,2026-09-30T02:19:07,T,T,100,core,xla:elem,xla,elem,single,cpu,0,64,4,100,99,32,20240912,ok,,True,3.0203,0.10778,0.20189,0.30967,0.076085,0.073694,0.079025,0.068904,0.085543,10,2,320,0.001,1,1,287.4,5.89
full,2026-09-30T02:19:12,T,T,100,core,while_loop_xla:elem,while_loop_xla,elem,single,cpu,0,64,4,100,99,32,20240912,ok,,True,3.1767,0.10726,0.19609,0.30334,0.020741,0.020032,0.021562,0.019876,0.022457,10,10,320,0.001,1,1,291.0,6.67
full,2026-09-30T02:19:19,T,T,200,extended,cellpylib,cellpylib,,default,cpu,,64,4,200,199,32,20240912,skipped_predicted,predicted warm 8.55 s x 10 > 60.0 s,,,,,,,,,,,,,,,,,,
full,2026-09-30T02:19:19,T,T,200,extended,numpy,numpy,,default,cpu,0,64,4,200,199,32,20240912,ok,,True,3.2706,1.02e-05,0.012922,0.012932,0.014101,0.012194,0.015186,0.01132,0.01912,10,10,,,0,0,244.0,5.61
full,2026-09-30T02:19:25,T,T,200,extended,numpy_lut,numpy_lut,,default,cpu,0,64,4,200,199,32,20240912,ok,,True,3.0292,7.27e-05,0.010469,0.010542,0.0093749,0.0090524,0.0099352,0.0088041,0.011781,10,10,,,0,0,242.0,4.88
full,2026-09-30T02:19:30,T,T,200,extended,predict:lc1,predict,lc1,default,cpu,,64,4,200,199,32,20240912,skipped_predicted,predicted warm 7.39 s x 10 > 60.0 s,,,,,,,,,,,,,,0.001,,,,
full,2026-09-30T02:19:30,T,T,200,extended,eager:lc1,eager,lc1,default,cpu,0,64,4,200,199,32,20240912,ok,,True,3.4609,0.23971,5.5028,5.7425,5.9231,5.7603,6.0273,5.5567,6.2357,10,1,320,0.001,0,0,315.7,74.9
full,2026-09-30T02:20:44,T,T,200,extended,compiled:lc1,compiled,lc1,default,cpu,0,64,4,200,199,32,20240912,ok,,True,3.204,0.19806,0.49087,0.68893,0.15643,0.15121,0.16006,0.14776,0.16908,10,1,320,0.001,0,0,278.0,6.35
full,2026-09-30T02:20:51,T,T,200,extended,xla:lc1,xla,lc1,default,cpu,0,64,4,200,199,32,20240912,ok,,True,3.4163,0.20417,0.48083,0.685,0.12391,0.12045,0.12759,0.11681,0.13691,10,1,320,0.001,0,0,313.1,6.17
full,2026-09-30T02:20:57,T,T,200,extended,while_loop:lc1,while_loop,lc1,default,cpu,0,64,4,200,199,32,20240912,ok,,True,3.0247,0.21957,0.45168,0.67125,0.11496,0.10892,0.11695,0.1026,0.12024,10,2,320,0.001,0,0,281.9,6.99
full,2026-09-30T02:21:04,T,T,200,extended,while_loop_xla:lc1,while_loop_xla,lc1,default,cpu,0,64,4,200,199,32,20240912,ok,,True,3.1054,0.20652,0.50823,0.71474,0.044849,0.043851,0.047796,0.043412,0.05697,10,2,320,0.001,0,0,317.5,5.65
full,2026-09-30T02:21:10,T,T,200,extended,unrolled:lc1,unrolled,lc1,default,cpu,0,64,4,200,199,32,20240912,ok,,True,3.212,26.853,57.286,84.139,0.086927,0.085036,0.08764,0.084847,0.093309,10,1,320,0.001,0,0,1398.8,91.26
full,2026-09-30T02:22:41,T,T,200,extended,predict:dense,predict,dense,default,cpu,,64,4,200,199,32,20240912,skipped_predicted,predicted warm 7.48 s x 10 > 60.0 s,,,,,,,,,,,,,,0.062,,,,
full,2026-09-30T02:22:41,T,T,200,extended,eager:dense,eager,dense,default,cpu,0,64,4,200,199,32,20240912,ok,,True,4.4955,0.12311,0.85158,0.97469,0.85634,0.83275,0.90276,0.79667,1.1659,10,1,16448,0.062,0,0,273.6,16.02
full,2026-09-30T02:22:57,T,T,200,extended,compiled:dense,compiled,dense,default,cpu,0,64,4,200,199,32,20240912,ok,,True,3.1058,0.12797,0.24132,0.36929,0.15175,0.1438,0.17708,0.13959,0.22005,10,1,16448,0.062,0,0,273.9,5.97
full,2026-09-30T02:23:03,T,T,200,extended,xla:dense,xla,dense,default,cpu,0,64,4,200,199,32,20240912,ok,,True,3.3992,0.11449,0.57492,0.68941,0.11944,0.11707,0.12824,0.11413,0.14304,10,1,16448,0.062,0,0,297.9,6.17
full,2026-09-30T02:23:09,T,T,200,extended,while_loop:dense,while_loop,dense,default,cpu,0,64,4,200,199,32,20240912,ok,,True,3.0754,0.11059,0.23827,0.34886,0.077139,0.075634,0.079642,0.073815,0.082082,10,2,16448,0.062,0,0,273.5,5.98
full,2026-09-30T02:23:15,T,T,200,extended,while_loop_xla:dense,while_loop_xla,dense,default,cpu,0,64,4,200,199,32,20240912,ok,,True,3.1353,0.11161,0.27136,0.38297,0.046641,0.045417,0.04987,0.044977,0.054646,10,2,16448,0.062,0,0,302.6,5.41
full,2026-09-30T02:23:20,T,T,200,extended,unrolled:dense,unrolled,dense,default,cpu,0,64,4,200,199,32,20240912,ok,,True,3.1335,4.793,6.5988,11.392,0.06627,0.064504,0.066599,0.062953,0.072147,10,2,16448,0.062,0,0,432.3,16.95
full,2026-09-30T02:23:37,T,T,200,extended,compiled:lc2,compiled,lc2,default,cpu,0,64,4,200,199,32,20240912,ok,,True,3.0218,0.11485,0.26074,0.37559,0.16092,0.15211,0.18934,0.14397,0.21477,10,1,16448,0.062,0,0,274.5,6.0
full,2026-09-30T02:23:43,T,T,200,extended,xla:lc2,xla,lc2,default,cpu,0,64,4,200,199,32,20240912,ok,,True,3.296,0.10923,0.24839,0.35761,0.12747,0.12292,0.12888,0.11742,0.15968,10,1,16448,0.062,0,0,298.8,5.78
full,2026-09-30T02:23:49,T,T,200,extended,compiled:lc3,compiled,lc3,default,cpu,0,64,4,200,199,32,20240912,ok,,True,3.0533,0.10785,0.21782,0.32567,0.15117,0.14318,0.15258,0.13712,0.15424,10,1,320,0.001,0,0,272.0,5.7
full,2026-09-30T02:23:55,T,T,200,extended,compiled:elem,compiled,elem,default,cpu,0,64,4,200,199,32,20240912,ok,,True,3.2105,0.12489,0.19544,0.32033,0.12541,0.11525,0.14186,0.11016,0.1593,10,1,320,0.001,0,0,272.2,5.67
full,2026-09-30T02:24:01,T,T,200,extended,xla:elem,xla,elem,default,cpu,0,64,4,200,199,32,20240912,ok,,True,3.1027,0.15137,0.29258,0.44395,0.14899,0.13901,0.15599,0.12829,0.159,10,1,320,0.001,0,0,298.0,5.87
full,2026-09-30T02:24:06,T,T,200,extended,while_loop_xla:elem,while_loop_xla,elem,default,cpu,0,64,4,200,199,32,20240912,ok,,True,3.0767,0.10881,0.23472,0.34353,0.043264,0.04111,0.044915,0.040205,0.052695,10,5,320,0.001,0,0,301.5,6.74
full,2026-09-30T02:24:13,T,T,200,extended,numpy,numpy,,single,cpu,0,64,4,200,199,32,20240912,ok,,True,3.206,8.2e-06,0.011472,0.01148,0.011998,0.011576,0.012894,0.011081,0.015285,10,10,,,1,1,242.5,5.36
full,2026-09-30T02:24:19,T,T,200,extended,numpy_lut,numpy_lut,,single,cpu,0,64,4,200,199,32,20240912,ok,,True,3.2205,9.68e-05,0.010304,0.0104,0.01011,0.0090358,0.010494,0.0089133,0.011461,10,20,,,1,1,241.6,6.26
full,2026-09-30T02:24:25,T,T,200,extended,predict:lc1,predict,lc1,single,cpu,,64,4,200,199,32,20240912,skipped_predicted,predicted warm 7.58 s x 10 > 60.0 s,,,,,,,,,,,,,,0.001,,,,
full,2026-09-30T02:24:25,T,T,200,extended,eager:lc1,eager,lc1,single,cpu,0,64,4,200,199,32,20240912,over_budget,one warm call 6.11 s x 10 > 60.0 s,True,3.504,0.20593,5.7352,5.9411,6.1073,6.1073,6.1073,6.1073,6.1073,1,1,320,0.001,1,1,269.1,16.23
full,2026-09-30T02:24:41,T,T,200,extended,compiled:lc1,compiled,lc1,single,cpu,0,64,4,200,199,32,20240912,ok,,True,3.57,0.23458,0.61377,0.84836,0.18562,0.17499,0.18939,0.15923,0.21777,10,1,320,0.001,1,1,272.4,7.22
full,2026-09-30T02:24:48,T,T,200,extended,xla:lc1,xla,lc1,single,cpu,0,64,4,200,199,32,20240912,ok,,True,3.4268,0.25744,0.57149,0.82893,0.17052,0.15739,0.174,0.14042,0.18891,10,1,320,0.001,1,1,305.3,6.78
full,2026-09-30T02:24:55,T,T,200,extended,while_loop:lc1,while_loop,lc1,single,cpu,0,64,4,200,199,32,20240912,ok,,True,4.2725,0.23707,0.48235,0.71942,0.089806,0.083857,0.099341,0.079586,0.10978,10,2,320,0.001,1,1,276.9,7.94
full,2026-09-30T02:25:03,T,T,200,extended,while_loop_xla:lc1,while_loop_xla,lc1,single,cpu,0,64,4,200,199,32,20240912,ok,,True,3.8376,0.28004,0.62672,0.90677,0.048323,0.046148,0.05019,0.045191,0.054291,10,5,320,0.001,1,1,311.3,8.38
full,2026-09-30T02:25:11,T,T,200,extended,unrolled:lc1,unrolled,lc1,single,cpu,0,64,4,200,199,32,20240912,ok,,True,3.1318,26.64,56.346,82.987,0.091301,0.086746,0.09402,0.084991,0.10627,10,2,320,0.001,1,1,1793.7,90.71
full,2026-09-30T02:26:42,T,T,200,extended,predict:dense,predict,dense,single,cpu,,64,4,200,199,32,20240912,skipped_predicted,predicted warm 7.31 s x 10 > 60.0 s,,,,,,,,,,,,,,0.062,,,,
full,2026-09-30T02:26:42,T,T,200,extended,eager:dense,eager,dense,single,cpu,0,64,4,200,199,32,20240912,ok,,True,3.7686,0.13081,0.94469,1.0755,0.82835,0.81015,0.85579,0.79119,0.90734,10,1,16448,0.062,1,1,268.6,14.8
full,2026-09-30T02:26:57,T,T,200,extended,compiled:dense,compiled,dense,single,cpu,0,64,4,200,199,32,20240912,ok,,True,3.2228,0.10744,0.19391,0.30135,0.1169,0.11449,0.12995,0.10498,0.13414,10,1,16448,0.062,1,1,266.5,5.57
full,2026-09-30T02:27:02,T,T,200,extended,xla:dense,xla,dense,single,cpu,0,64,4,200,199,32,20240912,ok,,True,3.3481,0.12448,0.70635,0.83083,0.15891,0.1485,0.16695,0.12622,0.18806,10,1,16448,0.062,1,1,291.8,6.63
full,2026-09-30T02:27:09,T,T,200,extended,while_loop:dense,while_loop,dense,single,cpu,0,64,4,200,199,32,20240912,ok,,True,3.1015,0.10984,0.19765,0.30749,0.044006,0.043428,0.046103,0.042412,0.057876,10,5,16448,0.062,1,1,269.1,6.83
full,2026-09-30T02:27:16,T,T,200,extended,while_loop_xla:dense,while_loop_xla,dense,single,cpu,0,64,4,200,199,32,20240912,ok,,True,3.2671,0.10619,0.25605,0.36223,0.047934,0.046789,0.050475,0.044585,0.056049,10,2,16448,0.062,1,1,295.9,5.51
full,2026-09-30T02:27:21,T,T,200,extended,unrolled:dense,unrolled,dense,single,cpu,0,64,4,200,199,32,20240912,ok,,True,3.0784,5.3605,6.2532,11.614,0.053024,0.050011,0.053822,0.048306,0.059468,10,2,16448,0.062,1,1,427.2,16.76
full,2026-09-30T02:27:38,T,T,200,extended,compiled:lc2,compiled,lc2,single,cpu,0,64,4,200,199,32,20240912,ok,,True,3.1212,0.10833,0.22109,0.32942,0.13178,0.13011,0.1388,0.12624,0.15347,10,1,16448,0.062,1,1,268.3,5.69
full,2026-09-30T02:27:44,T,T,200,extended,xla:lc2,xla,lc2,single,cpu,0,64,4,200,199,32,20240912,ok,,True,3.3048,0.12917,0.33327,0.46244,0.1543,0.14303,0.15993,0.12159,0.17022,10,1,16448,0.062,1,1,293.2,6.08
full,2026-09-30T02:27:50,T,T,200,extended,compiled:lc3,compiled,lc3,single,cpu,0,64,4,200,199,32,20240912,ok,,True,3.077,0.10534,0.20392,0.30926,0.11062,0.10731,0.11588,0.1052,0.12384,10,1,320,0.001,1,1,267.4,5.35
full,2026-09-30T02:27:55,T,T,200,extended,compiled:elem,compiled,elem,single,cpu,0,64,4,200,199,32,20240912,ok,,True,3.2863,0.12513,0.18395,0.30908,0.1235,0.11179,0.13657,0.10662,0.1462,10,1,320,0.001,1,1,265.5,5.64
full,2026-09-30T02:28:01,T,T,200,extended,xla:elem,xla,elem,single,cpu,0,64,4,200,199,32,20240912,ok,,True,3.0533,0.11268,0.2262,0.33889,0.12069,0.11665,0.13299,0.11255,0.15455,10,1,320,0.001,1,1,291.8,5.46
full,2026-09-30T02:28:06,T,T,200,extended,while_loop_xla:elem,while_loop_xla,elem,single,cpu,0,64,4,200,199,32,20240912,ok,,True,3.2795,0.11312,0.22716,0.34027,0.043123,0.042073,0.044378,0.041001,0.0508,10,5,320,0.001,1,1,295.6,6.93
full,2026-09-30T02:28:13,T,T,500,extended,cellpylib,cellpylib,,default,cpu,,64,4,500,499,32,20240912,skipped_predicted,predicted warm 21.4 s x 10 > 60.0 s,,,,,,,,,,,,,,,,,,
full,2026-09-30T02:28:13,T,T,500,extended,numpy,numpy,,default,cpu,0,64,4,500,499,32,20240912,ok,,True,3.1364,1.39e-05,0.049031,0.049045,0.039794,0.036731,0.043558,0.03172,0.047359,10,5,,,0,0,246.0,6.26
full,2026-09-30T02:28:20,T,T,500,extended,numpy_lut,numpy_lut,,default,cpu,0,64,4,500,499,32,20240912,ok,,True,3.1267,0.0001164,0.024711,0.024828,0.024341,0.022839,0.026027,0.021666,0.03261,10,5,,,0,0,244.9,5.32
full,2026-09-30T02:28:25,T,T,500,extended,predict:lc1,predict,lc1,default,cpu,,64,4,500,499,32,20240912,skipped_predicted,predicted warm 18.5 s x 10 > 60.0 s,,,,,,,,,,,,,,0.001,,,,
full,2026-09-30T02:28:25,T,T,500,extended,eager:lc1,eager,lc1,default,cpu,,64,4,500,499,32,20240912,skipped_predicted,predicted warm 14.8 s x 10 > 60.0 s,,,,,,,,,,,,,,0.001,,,,
full,2026-09-30T02:28:25,T,T,500,extended,compiled:lc1,compiled,lc1,default,cpu,0,64,4,500,499,32,20240912,ok,,True,3.2481,0.22945,0.73135,0.96081,0.39396,0.38622,0.41702,0.37252,0.43987,10,1,320,0.001,0,0,294.5,9.35
full,2026-09-30T02:28:34,T,T,500,extended,xla:lc1,xla,lc1,default,cpu,0,64,4,500,499,32,20240912,ok,,True,3.2323,0.22787,0.88919,1.1171,0.33383,0.30978,0.34202,0.29294,0.36693,10,1,320,0.001,0,0,326.7,8.74
full,2026-09-30T02:28:43,T,T,500,extended,while_loop:lc1,while_loop,lc1,default,cpu,0,64,4,500,499,32,20240912,ok,,True,3.1044,0.2946,0.67503,0.96963,0.27185,0.23535,0.285,0.21048,0.29587,10,1,320,0.001,0,0,293.7,7.67
full,2026-09-30T02:28:51,T,T,500,extended,while_loop_xla:lc1,while_loop_xla,lc1,default,cpu,0,64,4,500,499,32,20240912,ok,,True,3.059,0.21613,0.58988,0.80601,0.11367,0.11268,0.12231,0.1094,0.12841,10,1,320,0.001,0,0,326.2,5.85
full,2026-09-30T02:28:56,T,T,500,extended,unrolled:lc1,unrolled,lc1,default,cpu,,64,4,500,499,32,20240912,skipped_predicted,predicted cold 210 s > 120.0 s,,,,,,,,,,,,,,0.001,,,,
full,2026-09-30T02:28:56,T,T,500,extended,predict:dense,predict,dense,default,cpu,,64,4,500,499,32,20240912,skipped_predicted,predicted warm 18.7 s x 10 > 60.0 s,,,,,,,,,,,,,,0.062,,,,
full,2026-09-30T02:28:56,T,T,500,extended,eager:dense,eager,dense,default,cpu,0,64,4,500,499,32,20240912,ok,,True,3.3381,0.11644,2.162,2.2785,2.2059,2.1492,2.2954,2.0888,2.5683,10,1,16448,0.062,0,0,296.9,30.8
full,2026-09-30T02:29:27,T,T,500,extended,compiled:dense,compiled,dense,default,cpu,0,64,4,500,499,32,20240912,ok,,True,3.291,0.10918,0.4589,0.56808,0.36227,0.35968,0.36902,0.35612,0.41856,10,1,16448,0.062,0,0,289.1,8.67
full,2026-09-30T02:29:36,T,T,500,extended,xla:dense,xla,dense,default,cpu,0,64,4,500,499,32,20240912,ok,,True,3.3408,0.11586,0.45793,0.57379,0.31529,0.30644,0.33992,0.30046,0.35612,10,1,16448,0.062,0,0,315.2,8.18
full,2026-09-30T02:29:44,T,T,500,extended,while_loop:dense,while_loop,dense,default,cpu,0,64,4,500,499,32,20240912,ok,,True,3.1265,0.13138,0.40953,0.54091,0.19021,0.18873,0.19362,0.18234,0.19535,10,1,16448,0.062,0,0,286.4,6.51
full,2026-09-30T02:29:51,T,T,500,extended,while_loop_xla:dense,while_loop_xla,dense,default,cpu,0,64,4,500,499,32,20240912,ok,,True,3.0201,0.10252,0.34062,0.44314,0.12071,0.11797,0.12912,0.1124,0.14676,10,1,16448,0.062,0,0,312.6,5.55
full,2026-09-30T02:29:56,T,T,500,extended,unrolled:dense,unrolled,dense,default,cpu,0,64,4,500,499,32,20240912,ok,,True,3.345,11.703,16.485,28.188,0.18727,0.17999,0.19994,0.17486,0.23377,10,1,16448,0.062,0,0,692.2,34.9
full,2026-09-30T02:30:31,T,T,500,extended,compiled:lc2,compiled,lc2,default,cpu,0,64,4,500,499,32,20240912,ok,,True,3.2828,0.1096,0.53453,0.64413,0.4456,0.4282,0.45542,0.42018,0.46409,10,1,16448,0.062,0,0,290.5,9.52
full,2026-09-30T02:30:41,T,T,500,extended,xla:lc2,xla,lc2,default,cpu,0,64,4,500,499,32,20240912,ok,,True,3.3622,0.12446,0.5011,0.62556,0.36723,0.35385,0.3899,0.33687,0.41132,10,1,16448,0.062,0,0,316.7,8.77
full,2026-09-30T02:30:49,T,T,500,extended,compiled:lc3,compiled,lc3,default,cpu,0,64,4,500,499,32,20240912,ok,,True,3.6105,0.11384,0.44593,0.55976,0.38468,0.36181,0.38732,0.33315,0.40513,10,1,320,0.001,0,0,288.9,8.99
full,2026-09-30T02:30:58,T,T,500,extended,compiled:elem,compiled,elem,default,cpu,0,64,4,500,499,32,20240912,ok,,True,3.4833,0.13144,0.3861,0.51754,0.34611,0.30873,0.36704,0.29522,0.40062,10,1,320,0.001,0,0,287.9,8.53
full,2026-09-30T02:31:07,T,T,500,extended,xla:elem,xla,elem,default,cpu,0,64,4,500,499,32,20240912,ok,,True,3.468,0.14577,0.56478,0.71056,0.36437,0.34484,0.37425,0.3165,0.41158,10,1,320,0.001,0,0,314.5,8.94
full,2026-09-30T02:31:16,T,T,500,extended,while_loop_xla:elem,while_loop_xla,elem,default,cpu,0,64,4,500,499,32,20240912,ok,,True,3.2761,0.14114,0.45072,0.59186,0.13348,0.11075,0.13938,0.10752,0.1498,10,1,320,0.001,0,0,312.0,6.01
full,2026-09-30T02:31:22,T,T,500,extended,numpy,numpy,,single,cpu,0,64,4,500,499,32,20240912,ok,,True,3.3441,1.37e-05,0.032925,0.032939,0.030943,0.029465,0.032123,0.02916,0.033617,10,5,,,1,1,245.9,5.89
full,2026-09-30T02:31:28,T,T,500,extended,numpy_lut,numpy_lut,,single,cpu,0,64,4,500,499,32,20240912,ok,,True,3.5516,0.0001133,0.026956,0.027069,0.023309,0.0227,0.026589,0.022403,0.032601,10,5,,,1,1,245.0,5.74
full,2026-09-30T02:31:34,T,T,500,extended,predict:lc1,predict,lc1,single,cpu,,64,4,500,499,32,20240912,skipped_predicted,predicted warm 19 s x 10 > 60.0 s,,,,,,,,,,,,,,0.001,,,,
full,2026-09-30T02:31:34,T,T,500,extended,eager:lc1,eager,lc1,single,cpu,,64,4,500,499,32,20240912,skipped_after_failure,over_budget at T=200,,,,,,,,,,,,,,0.001,,,,
full,2026-09-30T02:31:34,T,T,500,extended,compiled:lc1,compiled,lc1,single,cpu,0,64,4,500,499,32,20240912,ok,,True,3.1844,0.21724,0.72475,0.94199,0.45811,0.42472,0.46971,0.35501,0.49971,10,1,320,0.001,1,1,289.3,9.9
full,2026-09-30T02:31:43,T,T,500,extended,xla:lc1,xla,lc1,single,cpu,0,64,4,500,499,32,20240912,ok,,True,3.2958,0.20541,0.89647,1.1019,0.40769,0.39262,0.41171,0.30084,0.43198,10,1,320,0.001,1,1,321.1,9.61
full,2026-09-30T02:31:53,T,T,500,extended,while_loop:lc1,while_loop,lc1,single,cpu,0,64,4,500,499,32,20240912,ok,,True,3.1499,0.20828,0.67766,0.88594,0.23485,0.22301,0.25266,0.20866,0.27344,10,1,320,0.001,1,1,287.3,7.33
full,2026-09-30T02:32:00,T,T,500,extended,while_loop_xla:lc1,while_loop_xla,lc1,single,cpu,0,64,4,500,499,32,20240912,ok,,True,3.6743,0.22665,0.59286,0.81951,0.13139,0.12137,0.14079,0.11499,0.15548,10,1,320,0.001,1,1,321.4,6.7
full,2026-09-30T02:32:07,T,T,500,extended,unrolled:lc1,unrolled,lc1,single,cpu,,64,4,500,499,32,20240912,skipped_predicted,predicted cold 207 s > 120.0 s,,,,,,,,,,,,,,0.001,,,,
full,2026-09-30T02:32:07,T,T,500,extended,predict:dense,predict,dense,single,cpu,,64,4,500,499,32,20240912,skipped_predicted,predicted warm 18.3 s x 10 > 60.0 s,,,,,,,,,,,,,,0.062,,,,
full,2026-09-30T02:32:07,T,T,500,extended,eager:dense,eager,dense,single,cpu,0,64,4,500,499,32,20240912,ok,,True,3.3729,0.1555,2.4278,2.5833,2.2758,2.0651,2.3709,2.0106,2.5946,10,1,16448,0.062,1,1,290.4,31.24
full,2026-09-30T02:32:38,T,T,500,extended,compiled:dense,compiled,dense,single,cpu,0,64,4,500,499,32,20240912,ok,,True,3.5825,0.11347,0.4061,0.51958,0.32746,0.29773,0.36608,0.27936,0.3885,10,1,16448,0.062,1,1,281.8,8.44
full,2026-09-30T02:32:47,T,T,500,extended,xla:dense,xla,dense,single,cpu,0,64,4,500,499,32,20240912,ok,,True,3.4732,0.12272,0.55875,0.68147,0.38027,0.34302,0.41171,0.31342,0.43378,10,1,16448,0.062,1,1,308.1,9.03
full,2026-09-30T02:32:56,T,T,500,extended,while_loop:dense,while_loop,dense,single,cpu,0,64,4,500,499,32,20240912,ok,,True,3.3958,0.14609,0.30219,0.44828,0.12629,0.1169,0.12832,0.11361,0.14545,10,1,16448,0.062,1,1,280.3,5.97
full,2026-09-30T02:33:02,T,T,500,extended,while_loop_xla:dense,while_loop_xla,dense,single,cpu,0,64,4,500,499,32,20240912,ok,,True,3.3718,0.10295,0.31102,0.41397,0.11831,0.11414,0.13478,0.11086,0.16326,10,1,16448,0.062,1,1,307.0,5.95
full,2026-09-30T02:33:08,T,T,500,extended,unrolled:dense,unrolled,dense,single,cpu,0,64,4,500,499,32,20240912,ok,,True,3.3451,12.725,17.879,30.605,0.12319,0.1168,0.12623,0.11348,0.16574,10,1,16448,0.062,1,1,688.0,36.43
full,2026-09-30T02:33:44,T,T,500,extended,compiled:lc2,compiled,lc2,single,cpu,0,64,4,500,499,32,20240912,ok,,True,3.2977,0.10417,0.4303,0.53447,0.4015,0.36525,0.41575,0.3246,0.44749,10,1,16448,0.062,1,1,284.0,8.79
full,2026-09-30T02:33:53,T,T,500,extended,xla:lc2,xla,lc2,single,cpu,0,64,4,500,499,32,20240912,ok,,True,3.3093,0.10129,0.46456,0.56586,0.40797,0.34459,0.41518,0.30319,0.43506,10,1,16448,0.062,1,1,309.9,8.76
full,2026-09-30T02:34:02,T,T,500,extended,compiled:lc3,compiled,lc3,single,cpu,0,64,4,500,499,32,20240912,ok,,True,3.419,0.10534,0.38522,0.49056,0.33301,0.29408,0.36656,0.26875,0.37922,10,1,320,0.001,1,1,282.9,8.26
full,2026-09-30T02:34:10,T,T,500,extended,compiled:elem,compiled,elem,single,cpu,0,64,4,500,499,32,20240912,ok,,True,3.5138,0.15086,0.44579,0.59665,0.28709,0.28043,0.30042,0.26831,0.38382,10,1,320,0.001,1,1,281.4,8.24
full,2026-09-30T02:34:18,T,T,500,extended,xla:elem,xla,elem,single,cpu,0,64,4,500,499,32,20240912,ok,,True,3.34,0.1494,0.65265,0.80205,0.30775,0.30179,0.32285,0.29417,0.41446,10,1,320,0.001,1,1,308.1,8.6
full,2026-09-30T02:34:27,T,T,500,extended,while_loop_xla:elem,while_loop_xla,elem,single,cpu,0,64,4,500,499,32,20240912,ok,,True,3.2959,0.1251,0.33966,0.46476,0.143,0.1355,0.15055,0.12272,0.16007,10,1,320,0.001,1,1,305.3,6.14
full,2026-09-30T02:34:33,T,T,1000,extended,cellpylib,cellpylib,,default,cpu,,64,4,1000,999,32,20240912,skipped_predicted,predicted warm 42.8 s x 10 > 60.0 s,,,,,,,,,,,,,,,,,,
full,2026-09-30T02:34:33,T,T,1000,extended,numpy,numpy,,default,cpu,0,64,4,1000,999,32,20240912,ok,,True,3.1833,1.36e-05,0.076395,0.076409,0.064453,0.062925,0.066608,0.056517,0.072188,10,2,,,0,0,251.9,5.61
full,2026-09-30T02:34:39,T,T,1000,extended,numpy_lut,numpy_lut,,default,cpu,0,64,4,1000,999,32,20240912,ok,,True,3.4671,0.0001132,0.05362,0.053733,0.052495,0.050682,0.054974,0.04852,0.067115,10,2,,,0,0,251.4,5.54
full,2026-09-30T02:34:44,T,T,1000,extended,predict:lc1,predict,lc1,default,cpu,,64,4,1000,999,32,20240912,skipped_predicted,predicted warm 36.9 s x 10 > 60.0 s,,,,,,,,,,,,,,0.001,,,,
full,2026-09-30T02:34:44,T,T,1000,extended,eager:lc1,eager,lc1,default,cpu,,64,4,1000,999,32,20240912,skipped_predicted,predicted warm 29.6 s x 10 > 60.0 s,,,,,,,,,,,,,,0.001,,,,
full,2026-09-30T02:34:44,T,T,1000,extended,compiled:lc1,compiled,lc1,default,cpu,0,64,4,1000,999,32,20240912,ok,,True,3.2758,0.21593,1.1144,1.3303,0.98549,0.87269,1.0499,0.78173,1.4455,10,1,320,0.001,0,0,317.1,16.11
full,2026-09-30T02:35:00,T,T,1000,extended,xla:lc1,xla,lc1,default,cpu,0,64,4,1000,999,32,20240912,ok,,True,3.6887,0.21703,1.2808,1.4978,0.72262,0.68509,0.83449,0.61157,0.88076,10,1,320,0.001,0,0,353.0,14.31
full,2026-09-30T02:35:14,T,T,1000,extended,while_loop:lc1,while_loop,lc1,default,cpu,0,64,4,1000,999,32,20240912,ok,,True,3.2361,0.20382,0.89331,1.0971,0.55067,0.53638,0.57172,0.48465,0.59002,10,1,320,0.001,0,0,304.4,11.28
full,2026-09-30T02:35:26,T,T,1000,extended,while_loop_xla:lc1,while_loop_xla,lc1,default,cpu,0,64,4,1000,999,32,20240912,ok,,True,3.178,0.23622,0.84435,1.0806,0.2718,0.26328,0.29536,0.23877,0.3218,10,1,320,0.001,0,0,340.6,8.12
full,2026-09-30T02:35:34,T,T,1000,extended,unrolled:lc1,unrolled,lc1,default,cpu,,64,4,1000,999,32,20240912,skipped_predicted,predicted cold 421 s > 120.0 s,,,,,,,,,,,,,,0.001,,,,
full,2026-09-30T02:35:34,T,T,1000,extended,predict:dense,predict,dense,default,cpu,,64,4,1000,999,32,20240912,skipped_predicted,predicted warm 37.4 s x 10 > 60.0 s,,,,,,,,,,,,,,0.062,,,,
full,2026-09-30T02:35:34,T,T,1000,extended,eager:dense,eager,dense,default,cpu,0,64,4,1000,999,32,20240912,ok,,True,3.2414,0.13448,4.7352,4.8697,4.7173,4.5539,4.8451,4.4512,4.9988,10,1,16448,0.062,0,0,330.7,60.61
full,2026-09-30T02:36:34,T,T,1000,extended,compiled:dense,compiled,dense,default,cpu,0,64,4,1000,999,32,20240912,ok,,True,3.1255,0.13019,1.0006,1.1307,0.8363,0.77337,0.85149,0.72594,0.95049,10,1,16448,0.062,0,0,311.4,14.18
full,2026-09-30T02:36:49,T,T,1000,extended,xla:dense,xla,dense,default,cpu,0,64,4,1000,999,32,20240912,ok,,True,3.2029,0.1432,1.0698,1.213,0.66527,0.63478,0.76243,0.62274,0.80897,10,1,16448,0.062,0,0,338.2,13.02
full,2026-09-30T02:37:02,T,T,1000,extended,while_loop:dense,while_loop,dense,default,cpu,0,64,4,1000,999,32,20240912,ok,,True,3.4884,0.1192,0.51125,0.63046,0.394,0.36092,0.39671,0.33673,0.41558,10,1,16448,0.062,0,0,302.4,9.07
full,2026-09-30T02:37:11,T,T,1000,extended,while_loop_xla:dense,while_loop_xla,dense,default,cpu,0,64,4,1000,999,32,20240912,ok,,True,3.592,0.11537,0.45973,0.57511,0.29872,0.26473,0.32453,0.22721,0.36249,10,1,16448,0.062,0,0,327.0,8.13
full,2026-09-30T02:37:19,T,T,1000,extended,unrolled:dense,unrolled,dense,default,cpu,0,64,4,1000,999,32,20240912,ok,,True,3.2531,27.162,37.34,64.502,0.36616,0.36221,0.37632,0.3507,0.39686,10,1,16448,0.062,0,0,1121.7,73.48
full,2026-09-30T02:38:32,T,T,1000,extended,compiled:lc2,compiled,lc2,default,cpu,0,64,4,1000,999,32,20240912,ok,,True,4.219,0.11365,0.89648,1.0101,0.77832,0.76757,0.84177,0.75221,0.89947,10,1,16448,0.062,0,0,313.0,14.86
full,2026-09-30T02:38:47,T,T,1000,extended,xla:lc2,xla,lc2,default,cpu,0,64,4,1000,999,32,20240912,ok,,True,3.0439,0.10634,1.2648,1.3711,0.81517,0.76591,0.86506,0.6823,0.90163,10,1,16448,0.062,0,0,339.9,13.9
full,2026-09-30T02:39:01,T,T,1000,extended,compiled:lc3,compiled,lc3,default,cpu,0,64,4,1000,999,32,20240912,ok,,True,3.5864,0.1825,1.0126,1.1951,0.81063,0.79663,0.85637,0.78078,0.98113,10,1,320,0.001,0,0,311.5,14.8
full,2026-09-30T02:39:16,T,T,1000,extended,compiled:elem,compiled,elem,default,cpu,0,64,4,1000,999,32,20240912,ok,,True,3.6135,0.15949,0.8771,1.0366,0.78545,0.75197,0.81868,0.73712,0.88385,10,1,320,0.001,0,0,311.4,14.2
full,2026-09-30T02:39:30,T,T,1000,extended,xla:elem,xla,elem,default,cpu,0,64,4,1000,999,32,20240912,ok,,True,3.7073,0.17821,1.0772,1.2554,0.76692,0.73127,0.78902,0.66613,0.82954,10,1,320,0.001,0,0,337.6,14.22
full,2026-09-30T02:39:44,T,T,1000,extended,while_loop_xla:elem,while_loop_xla,elem,default,cpu,0,64,4,1000,999,32,20240912,ok,,True,3.7223,0.14618,0.51675,0.66293,0.24921,0.24108,0.27084,0.2339,0.29406,10,1,320,0.001,0,0,326.6,8.09
full,2026-09-30T02:39:52,T,T,1000,extended,numpy,numpy,,single,cpu,0,64,4,1000,999,32,20240912,ok,,True,3.7253,2.89e-05,0.10503,0.10506,0.075808,0.068822,0.08353,0.067286,0.086087,10,1,,,1,1,248.2,5.58
full,2026-09-30T02:39:58,T,T,1000,extended,numpy_lut,numpy_lut,,single,cpu,0,64,4,1000,999,32,20240912,ok,,True,3.6606,0.0001178,0.073763,0.073881,0.059913,0.054154,0.06448,0.052435,0.077465,10,2,,,1,1,250.2,6.07
full,2026-09-30T02:40:04,T,T,1000,extended,predict:lc1,predict,lc1,single,cpu,,64,4,1000,999,32,20240912,skipped_predicted,predicted warm 37.9 s x 10 > 60.0 s,,,,,,,,,,,,,,0.001,,,,
full,2026-09-30T02:40:04,T,T,1000,extended,eager:lc1,eager,lc1,single,cpu,,64,4,1000,999,32,20240912,skipped_after_failure,over_budget at T=200,,,,,,,,,,,,,,0.001,,,,
full,2026-09-30T02:40:04,T,T,1000,extended,compiled:lc1,compiled,lc1,single,cpu,0,64,4,1000,999,32,20240912,ok,,True,3.8092,0.30237,1.3089,1.6112,0.95093,0.92197,0.95908,0.85252,0.9944,10,1,320,0.001,1,1,311.3,16.59
full,2026-09-30T02:40:21,T,T,1000,extended,xla:lc1,xla,lc1,single,cpu,0,64,4,1000,999,32,20240912,ok,,True,3.6464,0.25137,1.6059,1.8573,0.80725,0.78128,0.87701,0.69933,0.96758,10,1,320,0.001,1,1,343.6,15.5
full,2026-09-30T02:40:36,T,T,1000,extended,while_loop:lc1,while_loop,lc1,single,cpu,0,64,4,1000,999,32,20240912,ok,,True,3.5958,0.29175,0.94722,1.239,0.52196,0.42881,0.55148,0.39825,0.57997,10,1,320,0.001,1,1,302.9,11.09
full,2026-09-30T02:40:47,T,T,1000,extended,while_loop_xla:lc1,while_loop_xla,lc1,single,cpu,0,64,4,1000,999,32,20240912,ok,,True,3.6557,0.21381,0.85239,1.0662,0.32187,0.28238,0.33705,0.27441,0.36853,10,1,320,0.001,1,1,335.1,9.01
full,2026-09-30T02:40:56,T,T,1000,extended,unrolled:lc1,unrolled,lc1,single,cpu,,64,4,1000,999,32,20240912,skipped_predicted,predicted cold 415 s > 120.0 s,,,,,,,,,,,,,,0.001,,,,
full,2026-09-30T02:40:56,T,T,1000,extended,predict:dense,predict,dense,single,cpu,,64,4,1000,999,32,20240912,skipped_predicted,predicted warm 36.6 s x 10 > 60.0 s,,,,,,,,,,,,,,0.062,,,,
full,2026-09-30T02:40:56,T,T,1000,extended,eager:dense,eager,dense,single,cpu,0,64,4,1000,999,32,20240912,ok,,True,3.6764,0.12646,5.0462,5.1727,4.9234,4.6136,5.1007,4.4836,5.1875,10,1,16448,0.062,1,1,325.8,63.45
full,2026-09-30T02:42:00,T,T,1000,extended,compiled:dense,compiled,dense,single,cpu,0,64,4,1000,999,32,20240912,ok,,True,3.1844,0.10566,0.82994,0.9356,0.70632,0.63745,0.72681,0.57998,0.81148,10,1,16448,0.062,1,1,305.6,12.66
full,2026-09-30T02:42:12,T,T,1000,extended,xla:dense,xla,dense,single,cpu,0,64,4,1000,999,32,20240912,ok,,True,3.4174,0.12985,0.99031,1.1202,0.74356,0.66432,0.80478,0.62604,0.86091,10,1,16448,0.062,1,1,332.0,13.62
full,2026-09-30T02:42:26,T,T,1000,extended,while_loop:dense,while_loop,dense,single,cpu,0,64,4,1000,999,32,20240912,ok,,True,3.5422,0.11733,0.36634,0.48367,0.24881,0.23607,0.25963,0.20939,0.26883,10,1,16448,0.062,1,1,296.6,7.55
full,2026-09-30T02:42:34,T,T,1000,extended,while_loop_xla:dense,while_loop_xla,dense,single,cpu,0,64,4,1000,999,32,20240912,ok,,True,3.289,0.14661,0.59156,0.73817,0.24744,0.24169,0.25851,0.2283,0.27952,10,1,16448,0.062,1,1,319.2,7.61
full,2026-09-30T02:42:41,T,T,1000,extended,unrolled:dense,unrolled,dense,single,cpu,0,64,4,1000,999,32,20240912,ok,,True,3.2916,25.503,36.316,61.819,0.28486,0.25121,0.32787,0.24699,0.34436,10,1,16448,0.062,1,1,1121.2,69.96
full,2026-09-30T02:43:51,T,T,1000,extended,compiled:lc2,compiled,lc2,single,cpu,0,64,4,1000,999,32,20240912,ok,,True,3.4616,0.13128,0.78978,0.92106,0.75143,0.6983,0.82895,0.66339,0.92851,10,1,16448,0.062,1,1,307.8,13.78
full,2026-09-30T02:44:05,T,T,1000,extended,xla:lc2,xla,lc2,single,cpu,0,64,4,1000,999,32,20240912,ok,,True,3.5939,0.11966,0.95762,1.0773,0.80507,0.66289,0.82493,0.63975,0.8469,10,1,16448,0.062,1,1,333.4,13.88
full,2026-09-30T02:44:19,T,T,1000,extended,compiled:lc3,compiled,lc3,single,cpu,0,64,4,1000,999,32,20240912,ok,,True,3.3421,0.10729,0.7017,0.80899,0.6986,0.67263,0.7133,0.56874,0.79837,10,1,320,0.001,1,1,306.9,12.51
full,2026-09-30T02:44:31,T,T,1000,extended,compiled:elem,compiled,elem,single,cpu,0,64,4,1000,999,32,20240912,ok,,True,3.091,0.10853,0.66708,0.77562,0.62656,0.59997,0.70415,0.56776,0.74376,10,1,320,0.001,1,1,305.4,11.66
full,2026-09-30T02:44:43,T,T,1000,extended,xla:elem,xla,elem,single,cpu,0,64,4,1000,999,32,20240912,ok,,True,3.0498,0.10693,0.89658,1.0035,0.76789,0.63277,0.80401,0.62508,0.82763,10,1,320,0.001,1,1,331.1,12.88
full,2026-09-30T02:44:56,T,T,1000,extended,while_loop_xla:elem,while_loop_xla,elem,single,cpu,0,64,4,1000,999,32,20240912,ok,,True,4.4652,0.12597,0.42983,0.5558,0.22012,0.21232,0.24154,0.19839,0.27021,10,1,320,0.001,1,1,320.2,8.42
full,2026-09-30T02:45:04,N,N,32,core,cellpylib,cellpylib,,default,cpu,0,32,4,32,31,32,20240912,ok,,True,3.8996,1.21e-05,0.89323,0.89324,0.64504,0.63018,0.69713,0.6093,0.87751,10,1,,,0,0,262.3,13.08
full,2026-09-30T02:45:17,N,N,32,core,numpy,numpy,,default,cpu,0,32,4,32,31,32,20240912,ok,,True,3.331,7e-06,0.0016061,0.0016131,0.0022367,0.0020185,0.0023305,0.0017561,0.0028197,10,50,,,0,0,240.3,5.37
full,2026-09-30T02:45:23,N,N,32,core,numpy_lut,numpy_lut,,default,cpu,0,32,4,32,31,32,20240912,ok,,True,3.123,9.57e-05,0.0038247,0.0039204,0.0014557,0.0013745,0.001501,0.0012431,0.0018136,10,100,,,0,0,240.5,5.51
full,2026-09-30T02:45:28,N,N,32,core,predict:lc1,predict,lc1,default,cpu,0,32,4,32,31,32,20240912,ok,,True,3.4411,0.20307,1.4529,1.656,1.2808,1.1922,1.3173,1.1041,1.3766,10,1,192,0.0,0,0,395.8,19.71
full,2026-09-30T02:45:48,N,N,32,core,eager:lc1,eager,lc1,default,cpu,0,32,4,32,31,32,20240912,ok,,True,3.5107,0.15993,0.48517,0.6451,0.52987,0.48264,0.56054,0.47398,0.66518,10,1,192,0.0,0,0,263.5,10.87
full,2026-09-30T02:45:59,N,N,32,core,compiled:lc1,compiled,lc1,default,cpu,0,32,4,32,31,32,20240912,ok,,True,3.3792,0.15326,0.20111,0.35437,0.023934,0.023571,0.02517,0.022424,0.026861,10,5,192,0.0,0,0,266.2,5.91
full,2026-09-30T02:46:05,N,N,32,core,xla:lc1,xla,lc1,default,cpu,0,32,4,32,31,32,20240912,ok,,True,3.2606,0.21249,0.36584,0.57833,0.019747,0.018614,0.020142,0.017255,0.022966,10,5,192,0.0,0,0,298.0,5.7
full,2026-09-30T02:46:10,N,N,32,core,while_loop:lc1,while_loop,lc1,default,cpu,0,32,4,32,31,32,20240912,ok,,True,3.4038,0.17584,0.49856,0.6744,0.0082453,0.0079978,0.0093407,0.0078724,0.010053,10,10,192,0.0,0,0,269.3,5.85
full,2026-09-30T02:46:16,N,N,32,core,while_loop_xla:lc1,while_loop_xla,lc1,default,cpu,0,32,4,32,31,32,20240912,ok,,True,3.7976,0.20611,0.5273,0.73341,0.0045638,0.0043898,0.0049755,0.0042807,0.0053366,10,50,192,0.0,0,0,301.7,7.92
full,2026-09-30T02:46:24,N,N,32,core,unrolled:lc1,unrolled,lc1,default,cpu,0,32,4,32,31,32,20240912,ok,,True,3.196,2.9368,4.5012,7.4381,0.0089779,0.0086702,0.0090621,0.0081718,0.0094203,10,20,192,0.0,0,0,394.1,13.52
full,2026-09-30T02:46:38,N,N,32,core,predict:dense,predict,dense,default,cpu,0,32,4,32,31,32,20240912,ok,,True,3.5477,0.13408,1.4855,1.6195,1.139,1.1039,1.1961,1.0926,1.2958,10,1,4160,0.016,0,0,394.3,18.69
full,2026-09-30T02:46:56,N,N,32,core,eager:dense,eager,dense,default,cpu,0,32,4,32,31,32,20240912,ok,,True,3.3304,0.13922,0.19613,0.33535,0.14963,0.13922,0.18861,0.12355,0.20296,10,1,4160,0.016,0,0,259.5,6.13
full,2026-09-30T02:47:03,N,N,32,core,compiled:dense,compiled,dense,default,cpu,0,32,4,32,31,32,20240912,ok,,True,3.6344,0.13649,0.11287,0.24937,0.022586,0.021787,0.022854,0.020529,0.024871,10,10,4160,0.016,0,0,263.7,7.27
full,2026-09-30T02:47:10,N,N,32,core,xla:dense,xla,dense,default,cpu,0,32,4,32,31,32,20240912,ok,,True,8.7024,0.16678,0.20344,0.37022,0.020007,0.019614,0.02071,0.018205,0.022013,10,5,4160,0.016,0,0,289.4,11.36
full,2026-09-30T02:47:21,N,N,32,core,while_loop:dense,while_loop,dense,default,cpu,0,32,4,32,31,32,20240912,ok,,True,3.5317,0.15057,0.18947,0.34003,0.0074032,0.0072643,0.0077229,0.0072078,0.0079108,10,20,4160,0.016,0,0,266.9,6.37
full,2026-09-30T02:47:28,N,N,32,core,while_loop_xla:dense,while_loop_xla,dense,default,cpu,0,32,4,32,31,32,20240912,ok,,True,3.6199,0.1253,0.26134,0.38665,0.0044033,0.0042364,0.0045841,0.0040416,0.0047426,10,20,4160,0.016,0,0,293.8,5.8
full,2026-09-30T02:47:33,N,N,32,core,unrolled:dense,unrolled,dense,default,cpu,0,32,4,32,31,32,20240912,ok,,True,3.2043,0.85221,1.2093,2.0615,0.0073806,0.0073259,0.0075904,0.0068061,0.0082778,10,20,4160,0.016,0,0,283.9,7.77
full,2026-09-30T02:47:41,N,N,32,core,compiled:lc2,compiled,lc2,default,cpu,0,32,4,32,31,32,20240912,ok,,True,3.3731,0.11955,0.11104,0.23059,0.022379,0.020726,0.023839,0.019412,0.024987,10,10,4160,0.016,0,0,265.6,6.94
full,2026-09-30T02:47:48,N,N,32,core,xla:lc2,xla,lc2,default,cpu,0,32,4,32,31,32,20240912,ok,,True,3.5475,0.12772,0.17913,0.30684,0.017306,0.015955,0.018684,0.014944,0.020042,10,10,4160,0.016,0,0,291.3,6.65
full,2026-09-30T02:47:55,N,N,32,core,compiled:lc3,compiled,lc3,default,cpu,0,32,4,32,31,32,20240912,ok,,True,3.2736,0.13229,0.11225,0.24454,0.019519,0.01935,0.019707,0.016634,0.021543,10,10,192,0.0,0,0,264.6,6.47
full,2026-09-30T02:48:01,N,N,32,core,compiled:elem,compiled,elem,default,cpu,0,32,4,32,31,32,20240912,ok,,True,3.3196,0.13589,0.085968,0.22186,0.020025,0.019198,0.020617,0.015262,0.022471,10,10,192,0.0,0,0,263.5,6.55
full,2026-09-30T02:48:08,N,N,32,core,xla:elem,xla,elem,default,cpu,0,32,4,32,31,32,20240912,ok,,True,3.4042,0.15322,0.16346,0.31668,0.018675,0.016542,0.020112,0.014759,0.021925,10,5,192,0.0,0,0,290.2,5.54
full,2026-09-30T02:48:13,N,N,32,core,while_loop_xla:elem,while_loop_xla,elem,default,cpu,0,32,4,32,31,32,20240912,ok,,True,3.2914,0.13883,0.22354,0.36237,0.0039703,0.0038268,0.0041167,0.0035867,0.0044961,10,50,192,0.0,0,0,293.0,6.66
full,2026-09-30T02:48:20,N,N,32,core,numpy,numpy,,single,cpu,0,32,4,32,31,32,20240912,ok,,True,3.4523,8.4e-06,0.0016058,0.0016142,0.0019213,0.0017447,0.0020646,0.0015933,0.002093,10,100,,,1,1,239.3,6.41
full,2026-09-30T02:48:26,N,N,32,core,numpy_lut,numpy_lut,,single,cpu,0,32,4,32,31,32,20240912,ok,,True,3.1945,8.97e-05,0.0023407,0.0024304,0.0016059,0.00154,0.0017363,0.0012953,0.0017942,10,100,,,1,1,239.0,5.74
full,2026-09-30T02:48:32,N,N,32,core,predict:lc1,predict,lc1,single,cpu,0,32,4,32,31,32,20240912,ok,,True,3.2908,0.17692,1.4406,1.6175,1.3077,1.1914,1.3653,1.097,1.4399,10,1,192,0.0,1,1,392.0,19.63
full,2026-09-30T02:48:52,N,N,32,core,eager:lc1,eager,lc1,single,cpu,0,32,4,32,31,32,20240912,ok,,True,3.4577,0.15054,0.47186,0.62241,0.56182,0.54064,0.59871,0.4766,0.62813,10,1,192,0.0,1,1,258.4,10.92
full,2026-09-30T02:49:03,N,N,32,core,compiled:lc1,compiled,lc1,single,cpu,0,32,4,32,31,32,20240912,ok,,True,3.1826,0.15162,0.20494,0.35656,0.020432,0.019804,0.020941,0.017654,0.02233,10,10,192,0.0,1,1,261.2,6.63
full,2026-09-30T02:49:09,N,N,32,core,xla:lc1,xla,lc1,single,cpu,0,32,4,32,31,32,20240912,ok,,True,3.5536,0.17899,0.29649,0.47548,0.016153,0.015489,0.016879,0.014907,0.017849,10,10,192,0.0,1,1,291.3,6.65
full,2026-09-30T02:49:16,N,N,32,core,while_loop:lc1,while_loop,lc1,single,cpu,0,32,4,32,31,32,20240912,ok,,True,3.2973,0.16489,0.35513,0.52002,0.0083746,0.0075515,0.0092023,0.0072161,0.011265,10,20,192,0.0,1,1,263.8,6.56
full,2026-09-30T02:49:22,N,N,32,core,while_loop_xla:lc1,while_loop_xla,lc1,single,cpu,0,32,4,32,31,32,20240912,ok,,True,3.2154,0.19501,0.48249,0.6775,0.0046198,0.0040698,0.0050278,0.0037625,0.0055605,10,50,192,0.0,1,1,295.2,7.38
full,2026-09-30T02:49:30,N,N,32,core,unrolled:lc1,unrolled,lc1,single,cpu,0,32,4,32,31,32,20240912,ok,,True,3.5323,2.6012,4.6275,7.2286,0.0083387,0.008127,0.0085011,0.0069094,0.011292,10,10,192,0.0,1,1,387.1,12.64
full,2026-09-30T02:49:42,N,N,32,core,predict:dense,predict,dense,single,cpu,0,32,4,32,31,32,20240912,ok,,True,3.4303,0.11051,1.2401,1.3506,1.3248,1.2796,1.3756,1.0896,1.4201,10,1,4160,0.016,1,1,392.0,19.77
full,2026-09-30T02:50:02,N,N,32,core,eager:dense,eager,dense,single,cpu,0,32,4,32,31,32,20240912,ok,,True,3.4869,0.12505,0.14644,0.27148,0.12362,0.1143,0.14633,0.11267,0.16437,10,1,4160,0.016,1,1,255.0,5.93
full,2026-09-30T02:50:08,N,N,32,core,compiled:dense,compiled,dense,single,cpu,0,32,4,32,31,32,20240912,ok,,True,3.3452,0.1523,0.12898,0.28128,0.019532,0.018912,0.0201,0.018148,0.021216,10,5,4160,0.016,1,1,258.1,5.52
full,2026-09-30T02:50:14,N,N,32,core,xla:dense,xla,dense,single,cpu,0,32,4,32,31,32,20240912,ok,,True,3.1373,0.1245,0.16417,0.28867,0.020053,0.01983,0.021305,0.019346,0.022336,10,5,4160,0.016,1,1,283.8,5.38
full,2026-09-30T02:50:19,N,N,32,core,while_loop:dense,while_loop,dense,single,cpu,0,32,4,32,31,32,20240912,ok,,True,3.4373,0.13996,0.21533,0.35529,0.0046106,0.0044324,0.0054059,0.004112,0.0062784,10,20,4160,0.016,1,1,260.5,5.66
full,2026-09-30T02:50:25,N,N,32,core,while_loop_xla:dense,while_loop_xla,dense,single,cpu,0,32,4,32,31,32,20240912,ok,,True,3.2622,0.14688,0.21919,0.36607,0.0042176,0.003994,0.004388,0.0038485,0.0061311,10,50,4160,0.016,1,1,287.5,6.91
full,2026-09-30T02:50:32,N,N,32,core,unrolled:dense,unrolled,dense,single,cpu,0,32,4,32,31,32,20240912,ok,,True,3.3224,0.8712,1.2167,2.0879,0.0039442,0.0038812,0.0041749,0.0037218,0.0042401,10,50,4160,0.016,1,1,278.7,8.58
full,2026-09-30T02:50:40,N,N,32,core,compiled:lc2,compiled,lc2,single,cpu,0,32,4,32,31,32,20240912,ok,,True,3.6394,0.1053,0.11659,0.22189,0.020842,0.02045,0.022394,0.018406,0.022738,10,10,4160,0.016,1,1,259.6,6.99
full,2026-09-30T02:50:47,N,N,32,core,xla:lc2,xla,lc2,single,cpu,0,32,4,32,31,32,20240912,ok,,True,3.0297,0.11988,0.17467,0.29455,0.022046,0.01951,0.023715,0.017745,0.024874,10,5,4160,0.016,1,1,285.5,5.31
full,2026-09-30T02:50:53,N,N,32,core,compiled:lc3,compiled,lc3,single,cpu,0,32,4,32,31,32,20240912,ok,,True,3.1773,0.10792,0.093095,0.20102,0.014633,0.014281,0.015465,0.013737,0.015801,10,10,192,0.0,1,1,259.1,5.82
full,2026-09-30T02:50:58,N,N,32,core,compiled:elem,compiled,elem,single,cpu,0,32,4,32,31,32,20240912,ok,,True,3.1747,0.15799,0.096655,0.25465,0.016856,0.01657,0.017941,0.016122,0.018584,10,10,192,0.0,1,1,258.3,6.18
full,2026-09-30T02:51:05,N,N,32,core,xla:elem,xla,elem,single,cpu,0,32,4,32,31,32,20240912,ok,,True,3.0113,0.11676,0.11773,0.23449,0.014699,0.014423,0.01663,0.014339,0.019251,10,10,192,0.0,1,1,283.3,5.79
full,2026-09-30T02:51:10,N,N,32,core,while_loop_xla:elem,while_loop_xla,elem,single,cpu,0,32,4,32,31,32,20240912,ok,,True,3.4302,0.10648,0.17974,0.28621,0.0035758,0.0035421,0.0038139,0.0034806,0.0040829,10,50,192,0.0,1,1,287.5,6.57
full,2026-09-30T02:51:17,N,N,64,core,cellpylib,cellpylib,,default,cpu,0,64,4,32,31,32,20240912,ok,,True,3.8558,1.62e-05,1.7088,1.7088,1.407,1.2752,1.4274,1.2208,1.6584,10,1,,,0,0,262.6,21.72
full,2026-09-30T02:51:39,N,N,64,core,numpy,numpy,,default,cpu,0,64,4,32,31,32,20240912,ok,,True,3.4093,1.22e-05,0.0023726,0.0023848,0.0024117,0.0021966,0.0026124,0.0020927,0.0029929,10,50,,,0,0,240.5,5.61
full,2026-09-30T02:51:44,N,N,64,core,numpy_lut,numpy_lut,,default,cpu,0,64,4,32,31,32,20240912,ok,,True,3.2247,6.9e-05,0.0014971,0.0015661,0.0015528,0.0014963,0.0016311,0.0014425,0.0017651,10,100,,,0,0,240.7,5.83
full,2026-09-30T02:51:50,N,N,64,core,predict:lc1,predict,lc1,default,cpu,0,64,4,32,31,32,20240912,ok,,True,3.4851,0.25284,1.8114,2.0642,1.2786,1.2197,1.2937,1.1356,1.4508,10,1,320,0.001,0,0,401.2,20.28
full,2026-09-30T02:52:10,N,N,64,core,eager:lc1,eager,lc1,default,cpu,0,64,4,32,31,32,20240912,ok,,True,3.4389,0.26065,1.0957,1.3563,0.98267,0.91022,1.0782,0.87038,1.1175,10,1,320,0.001,0,0,269.7,16.28
full,2026-09-30T02:52:27,N,N,64,core,compiled:lc1,compiled,lc1,default,cpu,0,64,4,32,31,32,20240912,ok,,True,3.4319,0.21103,0.30208,0.51311,0.032631,0.025556,0.033384,0.024143,0.035391,10,5,320,0.001,0,0,271.4,6.4
full,2026-09-30T02:52:33,N,N,64,core,xla:lc1,xla,lc1,default,cpu,0,64,4,32,31,32,20240912,ok,,True,3.3216,0.25659,0.45238,0.70897,0.024436,0.023114,0.025971,0.019997,0.02823,10,5,320,0.001,0,0,305.4,6.19
full,2026-09-30T02:52:39,N,N,64,core,while_loop:lc1,while_loop,lc1,default,cpu,0,64,4,32,31,32,20240912,ok,,True,3.3452,0.28103,0.5564,0.83743,0.017466,0.016863,0.018203,0.014139,0.018593,10,10,320,0.001,0,0,273.9,6.92
full,2026-09-30T02:52:46,N,N,64,core,while_loop_xla:lc1,while_loop_xla,lc1,default,cpu,0,64,4,32,31,32,20240912,ok,,True,3.2255,0.21233,0.48251,0.69485,0.0078514,0.0076555,0.0087234,0.0073084,0.0096208,10,20,320,0.001,0,0,308.4,6.51
full,2026-09-30T02:52:53,N,N,64,core,unrolled:lc1,unrolled,lc1,default,cpu,0,64,4,32,31,32,20240912,ok,,True,3.4948,4.0401,8.0502,12.09,0.01343,0.012934,0.013742,0.012708,0.014474,10,10,320,0.001,0,0,502.1,18.01
full,2026-09-30T02:53:11,N,N,64,core,predict:dense,predict,dense,default,cpu,0,64,4,32,31,32,20240912,ok,,True,3.2872,0.11615,1.459,1.5752,1.1518,1.1033,1.2082,1.0598,1.2744,10,1,16448,0.062,0,0,395.7,18.34
full,2026-09-30T02:53:29,N,N,64,core,eager:dense,eager,dense,default,cpu,0,64,4,32,31,32,20240912,ok,,True,3.041,0.12542,0.16302,0.28844,0.13837,0.13686,0.14861,0.13283,0.15415,10,1,16448,0.062,0,0,260.1,5.54
full,2026-09-30T02:53:35,N,N,64,core,compiled:dense,compiled,dense,default,cpu,0,64,4,32,31,32,20240912,ok,,True,3.1755,0.10425,0.10503,0.20929,0.022277,0.021892,0.022647,0.021414,0.025344,10,5,16448,0.062,0,0,263.9,5.4
full,2026-09-30T02:53:40,N,N,64,core,xla:dense,xla,dense,default,cpu,0,64,4,32,31,32,20240912,ok,,True,3.4216,0.13833,0.19119,0.32953,0.024309,0.023262,0.026151,0.02197,0.028356,10,5,16448,0.062,0,0,290.8,5.93
full,2026-09-30T02:53:46,N,N,64,core,while_loop:dense,while_loop,dense,default,cpu,0,64,4,32,31,32,20240912,ok,,True,3.3317,0.1022,0.15124,0.25344,0.011642,0.010971,0.012137,0.010489,0.012439,10,10,16448,0.062,0,0,266.0,5.64
full,2026-09-30T02:53:51,N,N,64,core,while_loop_xla:dense,while_loop_xla,dense,default,cpu,0,64,4,32,31,32,20240912,ok,,True,3.5068,0.124,0.23933,0.36332,0.0091204,0.0088008,0.0092168,0.0076739,0.0094823,10,20,16448,0.062,0,0,293.9,6.73
full,2026-09-30T02:53:58,N,N,64,core,unrolled:dense,unrolled,dense,default,cpu,0,64,4,32,31,32,20240912,ok,,True,3.1667,1.0233,1.1482,2.1715,0.010873,0.01072,0.011128,0.010509,0.011779,10,10,16448,0.062,0,0,285.5,7.36
full,2026-09-30T02:54:06,N,N,64,core,compiled:lc2,compiled,lc2,default,cpu,0,64,4,32,31,32,20240912,ok,,True,3.3143,0.10292,0.10693,0.20984,0.026921,0.024725,0.027209,0.022388,0.029601,10,5,16448,0.062,0,0,265.9,5.83
full,2026-09-30T02:54:11,N,N,64,core,xla:lc2,xla,lc2,default,cpu,0,64,4,32,31,32,20240912,ok,,True,3.4077,0.15155,0.20028,0.35183,0.024887,0.022944,0.025629,0.020987,0.026648,10,5,16448,0.062,0,0,292.5,5.95
full,2026-09-30T02:54:17,N,N,64,core,compiled:lc3,compiled,lc3,default,cpu,0,64,4,32,31,32,20240912,ok,,True,3.1856,0.13437,0.13465,0.26902,0.021701,0.020801,0.023048,0.020478,0.024071,10,5,320,0.001,0,0,264.9,5.46
full,2026-09-30T02:54:23,N,N,64,core,compiled:elem,compiled,elem,default,cpu,0,64,4,32,31,32,20240912,ok,,True,3.589,0.11136,0.1052,0.21656,0.019364,0.018637,0.02249,0.018245,0.024444,10,10,320,0.001,0,0,263.5,6.94
full,2026-09-30T02:54:30,N,N,64,core,xla:elem,xla,elem,default,cpu,0,64,4,32,31,32,20240912,ok,,True,3.3974,0.14477,0.17373,0.3185,0.025981,0.025359,0.027136,0.024041,0.02833,10,5,320,0.001,0,0,290.2,5.95
full,2026-09-30T02:54:36,N,N,64,core,while_loop_xla:elem,while_loop_xla,elem,default,cpu,0,64,4,32,31,32,20240912,ok,,True,3.3001,0.13501,0.23149,0.3665,0.0066548,0.0065525,0.006879,0.0064452,0.0074457,10,20,320,0.001,0,0,293.9,6.0
full,2026-09-30T02:54:42,N,N,64,core,numpy,numpy,,single,cpu,0,64,4,32,31,32,20240912,ok,,True,3.4702,1.06e-05,0.0022141,0.0022247,0.0019974,0.0018972,0.0020943,0.0018304,0.0027404,10,50,,,1,1,238.9,5.37
full,2026-09-30T02:54:47,N,N,64,core,numpy_lut,numpy_lut,,single,cpu,0,64,4,32,31,32,20240912,ok,,True,3.293,7.04e-05,0.0014963,0.0015667,0.0014736,0.0014028,0.0017339,0.0013738,0.0021075,10,100,,,1,1,239.4,5.84
full,2026-09-30T02:54:53,N,N,64,core,predict:lc1,predict,lc1,single,cpu,0,64,4,32,31,32,20240912,ok,,True,3.5059,0.52687,2.1058,2.6327,1.3038,1.208,1.3853,1.1231,1.5342,10,1,320,0.001,1,1,397.0,21.14
full,2026-09-30T02:55:14,N,N,64,core,eager:lc1,eager,lc1,single,cpu,0,64,4,32,31,32,20240912,ok,,True,3.5841,0.22457,0.90268,1.1273,0.98995,0.91508,1.0443,0.85863,1.1451,10,1,320,0.001,1,1,263.8,16.22
full,2026-09-30T02:55:30,N,N,64,core,compiled:lc1,compiled,lc1,single,cpu,0,64,4,32,31,32,20240912,ok,,True,3.299,0.22581,0.36329,0.5891,0.030567,0.028996,0.032277,0.028493,0.033297,10,5,320,0.001,1,1,265.9,6.47
full,2026-09-30T02:55:37,N,N,64,core,xla:lc1,xla,lc1,single,cpu,0,64,4,32,31,32,20240912,ok,,True,3.2075,0.24763,0.44532,0.69295,0.024943,0.02049,0.026217,0.018813,0.029272,10,5,320,0.001,1,1,298.8,6.07
full,2026-09-30T02:55:43,N,N,64,core,while_loop:lc1,while_loop,lc1,single,cpu,0,64,4,32,31,32,20240912,ok,,True,3.5807,0.25789,0.46786,0.72575,0.011469,0.01126,0.011995,0.01089,0.015527,10,10,320,0.001,1,1,268.0,6.45
full,2026-09-30T02:55:49,N,N,64,core,while_loop_xla:lc1,while_loop_xla,lc1,single,cpu,0,64,4,32,31,32,20240912,ok,,True,3.1944,0.20884,0.46815,0.67698,0.010219,0.0098397,0.010433,0.0089995,0.010767,10,20,320,0.001,1,1,303.4,6.97
full,2026-09-30T02:55:56,N,N,64,core,unrolled:lc1,unrolled,lc1,single,cpu,0,64,4,32,31,32,20240912,ok,,True,3.2839,4.32,8.7424,13.062,0.014689,0.014052,0.016407,0.012676,0.018564,10,10,320,0.001,1,1,497.7,19.04
full,2026-09-30T02:56:15,N,N,64,core,predict:dense,predict,dense,single,cpu,0,64,4,32,31,32,20240912,ok,,True,3.6392,0.1142,1.3088,1.423,1.1859,1.1356,1.3562,1.0826,1.5611,10,1,16448,0.062,1,1,390.9,19.51
full,2026-09-30T02:56:35,N,N,64,core,eager:dense,eager,dense,single,cpu,0,64,4,32,31,32,20240912,ok,,True,3.4809,0.10861,0.14463,0.25324,0.12367,0.11732,0.13674,0.11384,0.15352,10,1,16448,0.062,1,1,255.8,5.88
full,2026-09-30T02:56:41,N,N,64,core,compiled:dense,compiled,dense,single,cpu,0,64,4,32,31,32,20240912,ok,,True,3.1621,0.10944,0.1091,0.21854,0.024479,0.023788,0.026509,0.021974,0.027024,10,5,16448,0.062,1,1,259.5,5.61
full,2026-09-30T02:56:46,N,N,64,core,xla:dense,xla,dense,single,cpu,0,64,4,32,31,32,20240912,ok,,True,3.3849,0.1307,0.16818,0.29888,0.024772,0.022224,0.026007,0.019061,0.029106,10,5,16448,0.062,1,1,284.8,5.88
full,2026-09-30T02:56:52,N,N,64,core,while_loop:dense,while_loop,dense,single,cpu,0,64,4,32,31,32,20240912,ok,,True,3.4491,0.13585,0.21548,0.35132,0.0076607,0.0075117,0.0080688,0.0070465,0.0094636,10,20,16448,0.062,1,1,261.8,6.35
full,2026-09-30T02:56:59,N,N,64,core,while_loop_xla:dense,while_loop_xla,dense,single,cpu,0,64,4,32,31,32,20240912,ok,,True,3.303,0.10338,0.22438,0.32776,0.0088437,0.0081643,0.010053,0.0074962,0.010775,10,20,16448,0.062,1,1,288.4,6.45
full,2026-09-30T02:57:05,N,N,64,core,unrolled:dense,unrolled,dense,single,cpu,0,64,4,32,31,32,20240912,ok,,True,3.5629,0.91767,1.0691,1.9868,0.0069722,0.0066786,0.0073262,0.0064214,0.0085786,10,20,16448,0.062,1,1,279.6,7.95
full,2026-09-30T02:57:13,N,N,64,core,compiled:lc2,compiled,lc2,single,cpu,0,64,4,32,31,32,20240912,ok,,True,3.4989,0.12253,0.14404,0.26658,0.02452,0.022304,0.025907,0.021356,0.026899,10,5,16448,0.062,1,1,260.5,5.92
full,2026-09-30T02:57:19,N,N,64,core,xla:lc2,xla,lc2,single,cpu,0,64,4,32,31,32,20240912,ok,,True,3.1573,0.11888,0.18958,0.30846,0.025145,0.024653,0.026089,0.021077,0.027015,10,5,16448,0.062,1,1,286.8,5.67
full,2026-09-30T02:57:25,N,N,64,core,compiled:lc3,compiled,lc3,single,cpu,0,64,4,32,31,32,20240912,ok,,True,3.5019,0.14106,0.11675,0.25781,0.019518,0.018752,0.020865,0.016989,0.022308,10,5,320,0.001,1,1,259.5,5.63
full,2026-09-30T02:57:30,N,N,64,core,compiled:elem,compiled,elem,single,cpu,0,64,4,32,31,32,20240912,ok,,True,3.213,0.14873,0.1156,0.26433,0.020089,0.019162,0.020795,0.017086,0.022097,10,10,320,0.001,1,1,259.3,6.54
full,2026-09-30T02:57:37,N,N,64,core,xla:elem,xla,elem,single,cpu,0,64,4,32,31,32,20240912,ok,,True,3.294,0.11547,0.14751,0.26299,0.02445,0.022449,0.024972,0.019235,0.025849,10,10,320,0.001,1,1,285.0,6.99
full,2026-09-30T02:57:44,N,N,64,core,while_loop_xla:elem,while_loop_xla,elem,single,cpu,0,64,4,32,31,32,20240912,ok,,True,3.5093,0.17736,0.25785,0.43521,0.0071014,0.0068207,0.0075533,0.0064201,0.0089426,10,20,320,0.001,1,1,288.8,6.41
full,2026-09-30T02:57:50,N,N,96,core,cellpylib,cellpylib,,default,cpu,0,96,4,32,31,32,20240912,ok,,True,3.796,1.12e-05,2.0503,2.0503,2.1449,1.9007,2.2708,1.8328,2.3375,10,1,,,0,0,263.5,29.67
full,2026-09-30T02:58:20,N,N,96,core,numpy,numpy,,default,cpu,0,96,4,32,31,32,20240912,ok,,True,3.3025,9.9e-06,0.002491,0.0025009,0.0024829,0.0022415,0.0027733,0.0022229,0.0030439,10,50,,,0,0,240.8,5.51
full,2026-09-30T02:58:25,N,N,96,core,numpy_lut,numpy_lut,,default,cpu,0,96,4,32,31,32,20240912,ok,,True,3.4607,0.0001223,0.0030495,0.0031718,0.0021736,0.001927,0.0022636,0.0017706,0.002661,10,50,,,0,0,240.5,5.47
full,2026-09-30T02:58:31,N,N,96,core,predict:lc1,predict,lc1,default,cpu,0,96,4,32,31,32,20240912,ok,,True,3.1314,0.31315,1.8874,2.2005,1.3528,1.2835,1.4522,1.122,1.7432,10,1,448,0.001,0,0,404.2,21.33
full,2026-09-30T02:58:52,N,N,96,core,eager:lc1,eager,lc1,default,cpu,0,96,4,32,31,32,20240912,ok,,True,3.7222,0.32395,1.6472,1.9711,1.3917,1.3094,1.4596,1.235,1.6115,10,1,448,0.001,0,0,273.3,22.01
full,2026-09-30T02:59:14,N,N,96,core,compiled:lc1,compiled,lc1,default,cpu,0,96,4,32,31,32,20240912,ok,,True,3.416,0.31285,0.48251,0.79536,0.031318,0.030336,0.035227,0.028183,0.036468,10,5,448,0.001,0,0,276.6,6.87
full,2026-09-30T02:59:21,N,N,96,core,xla:lc1,xla,lc1,default,cpu,0,96,4,32,31,32,20240912,ok,,True,3.2471,0.26738,0.51384,0.78122,0.030996,0.029564,0.032507,0.028775,0.034917,10,5,448,0.001,0,0,312.1,6.63
full,2026-09-30T02:59:28,N,N,96,core,while_loop:lc1,while_loop,lc1,default,cpu,0,96,4,32,31,32,20240912,ok,,True,3.4032,0.41497,0.89471,1.3097,0.020234,0.020055,0.021313,0.019765,0.022144,10,5,448,0.001,0,0,279.1,6.68
full,2026-09-30T02:59:34,N,N,96,core,while_loop_xla:lc1,while_loop_xla,lc1,default,cpu,0,96,4,32,31,32,20240912,ok,,True,3.6619,0.28242,0.82103,1.1034,0.013745,0.012113,0.014745,0.011751,0.016954,10,10,448,0.001,0,0,315.4,7.23
full,2026-09-30T02:59:41,N,N,96,core,unrolled:lc1,unrolled,lc1,default,cpu,0,96,4,32,31,32,20240912,ok,,True,3.3798,6.4479,12.859,19.307,0.017877,0.017456,0.018305,0.016979,0.018875,10,10,448,0.001,0,0,613.6,25.77
full,2026-09-30T03:00:07,N,N,96,core,predict:dense,predict,dense,default,cpu,0,96,4,32,31,32,20240912,ok,,True,3.5788,0.10253,1.5558,1.6583,1.2879,1.2141,1.3436,1.0739,1.5552,10,1,36928,0.141,0,0,397.9,20.38
full,2026-09-30T03:00:28,N,N,96,core,eager:dense,eager,dense,default,cpu,0,96,4,32,31,32,20240912,ok,,True,3.8198,0.13471,0.19245,0.32716,0.14389,0.13554,0.14927,0.13227,0.15949,10,1,36928,0.141,0,0,262.9,6.5
full,2026-09-30T03:00:34,N,N,96,core,compiled:dense,compiled,dense,default,cpu,0,96,4,32,31,32,20240912,ok,,True,3.4116,0.118,0.13099,0.24899,0.031284,0.030988,0.032097,0.030447,0.034107,10,5,36928,0.141,0,0,266.4,6.23
full,2026-09-30T03:00:40,N,N,96,core,xla:dense,xla,dense,default,cpu,0,96,4,32,31,32,20240912,ok,,True,3.2583,0.10418,0.14547,0.24965,0.032446,0.031248,0.03309,0.027749,0.034584,10,5,36928,0.141,0,0,293.1,6.15
full,2026-09-30T03:00:47,N,N,96,core,while_loop:dense,while_loop,dense,default,cpu,0,96,4,32,31,32,20240912,ok,,True,3.5086,0.15005,0.21269,0.36273,0.016012,0.015427,0.016343,0.014879,0.01744,10,10,36928,0.141,0,0,267.2,6.5
full,2026-09-30T03:00:53,N,N,96,core,while_loop_xla:dense,while_loop_xla,dense,default,cpu,0,96,4,32,31,32,20240912,ok,,True,3.3034,0.12115,0.20648,0.32763,0.0155,0.015088,0.016128,0.014879,0.017667,10,10,36928,0.141,0,0,295.3,6.22
full,2026-09-30T03:00:59,N,N,96,core,unrolled:dense,unrolled,dense,default,cpu,0,96,4,32,31,32,20240912,ok,,True,3.2826,0.87473,1.2046,2.0793,0.014829,0.014372,0.015043,0.01423,0.015654,10,10,36928,0.141,0,0,286.2,7.89
full,2026-09-30T03:01:07,N,N,96,core,compiled:lc2,compiled,lc2,default,cpu,0,96,4,32,31,32,20240912,ok,,True,3.5695,0.10433,0.11351,0.21784,0.028747,0.027928,0.032673,0.026759,0.034714,10,5,36928,0.141,0,0,269.0,6.29
full,2026-09-30T03:01:13,N,N,96,core,xla:lc2,xla,lc2,default,cpu,0,96,4,32,31,32,20240912,ok,,True,3.1357,0.10888,0.14881,0.25769,0.034457,0.033361,0.035183,0.031877,0.036239,10,5,36928,0.141,0,0,294.6,6.16
full,2026-09-30T03:01:20,N,N,96,core,compiled:lc3,compiled,lc3,default,cpu,0,96,4,32,31,32,20240912,ok,,True,3.3601,0.13578,0.1235,0.25928,0.025063,0.024209,0.026626,0.023642,0.028525,10,5,448,0.001,0,0,266.4,5.85
full,2026-09-30T03:01:25,N,N,96,core,compiled:elem,compiled,elem,default,cpu,0,96,4,32,31,32,20240912,ok,,True,3.4296,0.14741,0.11989,0.26729,0.024736,0.023277,0.025792,0.020745,0.026605,10,5,448,0.001,0,0,264.6,5.84
full,2026-09-30T03:01:31,N,N,96,core,xla:elem,xla,elem,default,cpu,0,96,4,32,31,32,20240912,ok,,True,3.2457,0.10939,0.12384,0.23323,0.026276,0.024045,0.027473,0.021934,0.028605,10,5,448,0.001,0,0,291.5,5.69
full,2026-09-30T03:01:37,N,N,96,core,while_loop_xla:elem,while_loop_xla,elem,default,cpu,0,96,4,32,31,32,20240912,ok,,True,3.5838,0.16739,0.28297,0.45036,0.011351,0.011091,0.011923,0.010991,0.013065,10,10,448,0.001,0,0,295.4,6.1
full,2026-09-30T03:01:43,N,N,96,core,numpy,numpy,,single,cpu,0,96,4,32,31,32,20240912,ok,,True,3.2195,9.1e-06,0.0024948,0.0025039,0.0027624,0.002419,0.0029062,0.0022682,0.0034809,10,50,,,1,1,239.7,5.47
full,2026-09-30T03:01:49,N,N,96,core,numpy_lut,numpy_lut,,single,cpu,0,96,4,32,31,32,20240912,ok,,True,3.4946,7.26e-05,0.0018045,0.0018771,0.0017423,0.0016784,0.0018329,0.0016439,0.0023171,10,100,,,1,1,239.6,6.31
full,2026-09-30T03:01:55,N,N,96,core,predict:lc1,predict,lc1,single,cpu,0,96,4,32,31,32,20240912,ok,,True,3.3971,0.3396,2.0692,2.4088,1.262,1.1902,1.4425,1.1246,1.6594,10,1,448,0.001,1,1,401.3,21.13
full,2026-09-30T03:02:16,N,N,96,core,eager:lc1,eager,lc1,single,cpu,0,96,4,32,31,32,20240912,ok,,True,8.3136,0.32562,1.3443,1.6699,1.4824,1.3895,1.6085,1.2254,1.7301,10,1,448,0.001,1,1,267.1,27.09
full,2026-09-30T03:02:43,N,N,96,core,compiled:lc1,compiled,lc1,single,cpu,0,96,4,32,31,32,20240912,ok,,True,3.8137,0.33878,0.58882,0.9276,0.036847,0.033992,0.037873,0.028515,0.039353,10,5,448,0.001,1,1,271.1,7.53
full,2026-09-30T03:02:51,N,N,96,core,xla:lc1,xla,lc1,single,cpu,0,96,4,32,31,32,20240912,ok,,True,3.5155,0.26315,0.51273,0.77588,0.026349,0.023009,0.030327,0.021707,0.031511,10,5,448,0.001,1,1,306.5,6.66
full,2026-09-30T03:02:57,N,N,96,core,while_loop:lc1,while_loop,lc1,single,cpu,0,96,4,32,31,32,20240912,ok,,True,3.4136,0.38916,0.77018,1.1593,0.017805,0.01727,0.01803,0.016837,0.018274,10,10,448,0.001,1,1,272.0,7.53
full,2026-09-30T03:03:05,N,N,96,core,while_loop_xla:lc1,while_loop_xla,lc1,single,cpu,0,96,4,32,31,32,20240912,ok,,True,3.3387,0.28938,0.7691,1.0585,0.014438,0.013233,0.015835,0.012119,0.016827,10,10,448,0.001,1,1,310.9,6.81
full,2026-09-30T03:03:12,N,N,96,core,unrolled:lc1,unrolled,lc1,single,cpu,0,96,4,32,31,32,20240912,ok,,True,3.147,6.7083,12.875,19.583,0.022752,0.021167,0.023132,0.020298,0.028119,10,5,448,0.001,1,1,609.4,25.09
full,2026-09-30T03:03:37,N,N,96,core,predict:dense,predict,dense,single,cpu,0,96,4,32,31,32,20240912,ok,,True,3.3518,0.15084,1.5631,1.7139,1.2881,1.2257,1.3178,1.1344,1.3558,10,1,36928,0.141,1,1,392.1,19.72
full,2026-09-30T03:03:56,N,N,96,core,eager:dense,eager,dense,single,cpu,0,96,4,32,31,32,20240912,ok,,True,3.3865,0.13137,0.17384,0.30521,0.13973,0.13688,0.1592,0.13594,0.19198,10,1,36928,0.141,1,1,257.2,6.06
full,2026-09-30T03:04:02,N,N,96,core,compiled:dense,compiled,dense,single,cpu,0,96,4,32,31,32,20240912,ok,,True,3.217,0.10436,0.09338,0.19774,0.026003,0.024521,0.026996,0.02191,0.027526,10,10,36928,0.141,1,1,260.1,7.07
full,2026-09-30T03:04:10,N,N,96,core,xla:dense,xla,dense,single,cpu,0,96,4,32,31,32,20240912,ok,,True,3.5154,0.11223,0.1386,0.25083,0.023174,0.022306,0.024434,0.022004,0.028145,10,5,36928,0.141,1,1,287.3,5.9
full,2026-09-30T03:04:15,N,N,96,core,while_loop:dense,while_loop,dense,single,cpu,0,96,4,32,31,32,20240912,ok,,True,3.3245,0.10419,0.14795,0.25213,0.011106,0.010897,0.011766,0.01051,0.012115,10,10,36928,0.141,1,1,261.9,5.59
full,2026-09-30T03:04:21,N,N,96,core,while_loop_xla:dense,while_loop_xla,dense,single,cpu,0,96,4,32,31,32,20240912,ok,,True,3.2027,0.10756,0.21945,0.32701,0.011159,0.011071,0.011467,0.010974,0.012381,10,10,36928,0.141,1,1,290.3,5.59
full,2026-09-30T03:04:27,N,N,96,core,unrolled:dense,unrolled,dense,single,cpu,0,96,4,32,31,32,20240912,ok,,True,3.1154,0.86576,1.1846,2.0504,0.0098353,0.0096293,0.01024,0.0093376,0.010678,10,10,36928,0.141,1,1,280.0,7.07
full,2026-09-30T03:04:34,N,N,96,core,compiled:lc2,compiled,lc2,single,cpu,0,96,4,32,31,32,20240912,ok,,True,3.0295,0.10422,0.10828,0.2125,0.024396,0.023868,0.026053,0.023617,0.027562,10,5,36928,0.141,1,1,262.2,5.38
full,2026-09-30T03:04:39,N,N,96,core,xla:lc2,xla,lc2,single,cpu,0,96,4,32,31,32,20240912,ok,,True,3.6445,0.14662,0.17451,0.32113,0.023544,0.022904,0.025873,0.022531,0.026893,10,5,36928,0.141,1,1,288.8,6.09
full,2026-09-30T03:04:45,N,N,96,core,compiled:lc3,compiled,lc3,single,cpu,0,96,4,32,31,32,20240912,ok,,True,3.1892,0.11781,0.12507,0.24287,0.026716,0.024295,0.027934,0.020284,0.029189,10,5,448,0.001,1,1,261.4,5.64
full,2026-09-30T03:04:51,N,N,96,core,compiled:elem,compiled,elem,single,cpu,0,96,4,32,31,32,20240912,ok,,True,3.3654,0.13666,0.10194,0.2386,0.025423,0.025028,0.02653,0.02331,0.027645,10,5,448,0.001,1,1,259.6,5.91
full,2026-09-30T03:04:57,N,N,96,core,xla:elem,xla,elem,single,cpu,0,96,4,32,31,32,20240912,ok,,True,3.8767,0.12806,0.14607,0.27413,0.027242,0.025853,0.028416,0.025244,0.030105,10,5,448,0.001,1,1,286.7,6.68
full,2026-09-30T03:05:03,N,N,96,core,while_loop_xla:elem,while_loop_xla,elem,single,cpu,0,96,4,32,31,32,20240912,ok,,True,3.4658,0.11052,0.20208,0.3126,0.011685,0.011493,0.012284,0.0099709,0.013741,10,10,448,0.001,1,1,288.9,5.91
full,2026-09-30T03:05:09,N,N,128,core,cellpylib,cellpylib,,default,cpu,0,128,4,32,31,32,20240912,ok,,True,4.527,1.21e-05,2.5025,2.5025,2.7955,2.7421,3.1494,2.6157,3.3657,10,1,,,0,0,262.9,39.74
full,2026-09-30T03:05:49,N,N,128,core,numpy,numpy,,default,cpu,0,128,4,32,31,32,20240912,ok,,True,3.5974,9.7e-06,0.0028819,0.0028916,0.0032184,0.003001,0.0036062,0.0028802,0.0049896,10,50,,,0,0,241.3,6.29
full,2026-09-30T03:05:55,N,N,128,core,numpy_lut,numpy_lut,,default,cpu,0,128,4,32,31,32,20240912,ok,,True,3.2373,7.25e-05,0.0019792,0.0020517,0.0023243,0.0022086,0.0026085,0.0019927,0.0028637,10,100,,,0,0,240.9,6.77
full,2026-09-30T03:06:02,N,N,128,core,predict:lc1,predict,lc1,default,cpu,0,128,4,32,31,32,20240912,ok,,True,3.403,0.40612,1.7934,2.1995,1.3494,1.3186,1.3809,1.1063,1.4948,10,1,576,0.002,0,0,407.5,20.73
full,2026-09-30T03:06:23,N,N,128,core,eager:lc1,eager,lc1,default,cpu,0,128,4,32,31,32,20240912,ok,,True,3.419,0.3044,1.8089,2.1133,1.8211,1.721,1.8688,1.6234,2.1723,10,1,576,0.002,0,0,278.9,26.54
full,2026-09-30T03:06:49,N,N,128,core,compiled:lc1,compiled,lc1,default,cpu,0,128,4,32,31,32,20240912,ok,,True,3.4552,0.37673,0.71715,1.0939,0.043041,0.037231,0.045871,0.033949,0.047644,10,5,576,0.002,0,0,281.1,7.72
full,2026-09-30T03:06:57,N,N,128,core,xla:lc1,xla,lc1,default,cpu,0,128,4,32,31,32,20240912,ok,,True,3.1377,0.39947,0.85917,1.2586,0.030909,0.030265,0.0319,0.028777,0.032194,10,5,576,0.002,0,0,321.0,6.89
full,2026-09-30T03:07:04,N,N,128,core,while_loop:lc1,while_loop,lc1,default,cpu,0,128,4,32,31,32,20240912,ok,,True,3.4072,0.31006,0.6613,0.97136,0.028534,0.026921,0.030557,0.023452,0.032001,10,5,576,0.002,0,0,281.0,6.73
full,2026-09-30T03:07:11,N,N,128,core,while_loop_xla:lc1,while_loop_xla,lc1,default,cpu,0,128,4,32,31,32,20240912,ok,,True,3.4769,0.36038,0.93495,1.2953,0.012555,0.012321,0.013475,0.012285,0.014061,10,10,576,0.002,0,0,327.0,7.02
full,2026-09-30T03:07:18,N,N,128,core,unrolled:lc1,unrolled,lc1,default,cpu,0,128,4,32,31,32,20240912,ok,,True,3.4523,9.1648,17.373,26.538,0.024193,0.023466,0.024589,0.022686,0.025268,10,5,576,0.002,0,0,729.3,32.44
full,2026-09-30T03:07:50,N,N,128,core,predict:dense,predict,dense,default,cpu,0,128,4,32,31,32,20240912,ok,,True,3.6311,0.19572,1.6055,1.8012,1.1914,1.1401,1.309,1.096,1.5496,10,1,65600,0.25,0,0,399.5,19.78
full,2026-09-30T03:08:10,N,N,128,core,eager:dense,eager,dense,default,cpu,0,128,4,32,31,32,20240912,ok,,True,3.2315,0.14019,0.18202,0.3222,0.15195,0.14948,0.16228,0.14812,0.16733,10,1,65600,0.25,0,0,265.1,5.94
full,2026-09-30T03:08:16,N,N,128,core,compiled:dense,compiled,dense,default,cpu,0,128,4,32,31,32,20240912,ok,,True,3.0472,0.10798,0.11885,0.22684,0.034117,0.032814,0.035032,0.031507,0.039924,10,5,65600,0.25,0,0,267.5,5.97
full,2026-09-30T03:08:22,N,N,128,core,xla:dense,xla,dense,default,cpu,0,128,4,32,31,32,20240912,ok,,True,3.2524,0.10468,0.18246,0.28714,0.029836,0.029479,0.031007,0.028884,0.031587,10,5,65600,0.25,0,0,295.8,6.0
full,2026-09-30T03:08:28,N,N,128,core,while_loop:dense,while_loop,dense,default,cpu,0,128,4,32,31,32,20240912,ok,,True,3.0512,0.10457,0.16791,0.27247,0.022204,0.021758,0.022619,0.019919,0.023138,10,10,65600,0.25,0,0,269.5,6.56
full,2026-09-30T03:08:34,N,N,128,core,while_loop_xla:dense,while_loop_xla,dense,default,cpu,0,128,4,32,31,32,20240912,ok,,True,3.1459,0.10037,0.20943,0.3098,0.017255,0.016918,0.017496,0.016357,0.018601,10,10,65600,0.25,0,0,296.9,6.23
full,2026-09-30T03:08:41,N,N,128,core,unrolled:dense,unrolled,dense,default,cpu,0,128,4,32,31,32,20240912,ok,,True,3.2478,0.86949,1.0526,1.9221,0.018715,0.018454,0.019085,0.017928,0.019732,10,5,65600,0.25,0,0,287.3,6.99
full,2026-09-30T03:08:48,N,N,128,core,compiled:lc2,compiled,lc2,default,cpu,0,128,4,32,31,32,20240912,ok,,True,3.0691,0.11243,0.12273,0.23516,0.032009,0.030647,0.034388,0.03027,0.039787,10,5,65600,0.25,0,0,269.2,5.9
full,2026-09-30T03:08:54,N,N,128,core,xla:lc2,xla,lc2,default,cpu,0,128,4,32,31,32,20240912,ok,,True,3.1672,0.12396,0.20971,0.33367,0.030597,0.030101,0.03175,0.029655,0.03252,10,5,65600,0.25,0,0,295.6,6.01
full,2026-09-30T03:09:00,N,N,128,core,compiled:lc3,compiled,lc3,default,cpu,0,128,4,32,31,32,20240912,ok,,True,3.0648,0.13812,0.14153,0.27964,0.030327,0.030124,0.031811,0.029804,0.033878,10,5,576,0.002,0,0,267.4,5.9
full,2026-09-30T03:09:05,N,N,128,core,compiled:elem,compiled,elem,default,cpu,0,128,4,32,31,32,20240912,ok,,True,3.0884,0.11267,0.095386,0.20805,0.025645,0.023663,0.026261,0.022722,0.028168,10,5,576,0.002,0,0,267.1,5.46
full,2026-09-30T03:09:11,N,N,128,core,xla:elem,xla,elem,default,cpu,0,128,4,32,31,32,20240912,ok,,True,3.268,0.13317,0.16328,0.29646,0.023838,0.022618,0.026003,0.021814,0.02937,10,5,576,0.002,0,0,293.9,5.75
full,2026-09-30T03:09:17,N,N,128,core,while_loop_xla:elem,while_loop_xla,elem,default,cpu,0,128,4,32,31,32,20240912,ok,,True,2.9973,0.1308,0.22592,0.35671,0.011334,0.011143,0.011658,0.010773,0.011848,10,10,576,0.002,0,0,296.6,5.38
full,2026-09-30T03:09:22,N,N,128,core,numpy,numpy,,single,cpu,0,128,4,32,31,32,20240912,ok,,True,3.3932,8.7e-06,0.0026519,0.0026606,0.0024581,0.0024179,0.0025153,0.0023832,0.0036428,10,50,,,1,1,239.0,5.64
full,2026-09-30T03:09:28,N,N,128,core,numpy_lut,numpy_lut,,single,cpu,0,128,4,32,31,32,20240912,ok,,True,3.0747,6.87e-05,0.0019359,0.0020046,0.0020721,0.0020635,0.0021515,0.0018692,0.0024564,10,100,,,1,1,240.1,6.24
full,2026-09-30T03:09:34,N,N,128,core,predict:lc1,predict,lc1,single,cpu,0,128,4,32,31,32,20240912,ok,,True,3.2079,0.29166,1.7784,2.0701,1.1801,1.1007,1.2363,1.0677,1.3401,10,1,576,0.002,1,1,401.9,19.01
full,2026-09-30T03:09:53,N,N,128,core,eager:lc1,eager,lc1,single,cpu,0,128,4,32,31,32,20240912,ok,,True,3.5792,0.2997,1.6446,1.9443,1.724,1.6853,1.8539,1.5976,2.1195,10,1,576,0.002,1,1,273.0,25.66
full,2026-09-30T03:10:19,N,N,128,core,compiled:lc1,compiled,lc1,single,cpu,0,128,4,32,31,32,20240912,ok,,True,3.0286,0.34925,0.61738,0.96662,0.04013,0.038824,0.042868,0.037945,0.044645,10,5,576,0.002,1,1,276.6,6.99
full,2026-09-30T03:10:26,N,N,128,core,xla:lc1,xla,lc1,single,cpu,0,128,4,32,31,32,20240912,ok,,True,3.1664,0.32163,0.66021,0.98184,0.029388,0.027143,0.0333,0.025106,0.034747,10,5,576,0.002,1,1,315.3,6.57
full,2026-09-30T03:10:32,N,N,128,core,while_loop:lc1,while_loop,lc1,single,cpu,0,128,4,32,31,32,20240912,ok,,True,3.3341,0.36033,0.73658,1.0969,0.023147,0.021713,0.024986,0.021095,0.025836,10,5,576,0.002,1,1,276.1,6.58
full,2026-09-30T03:10:39,N,N,128,core,while_loop_xla:lc1,while_loop_xla,lc1,single,cpu,0,128,4,32,31,32,20240912,ok,,True,3.0495,0.31763,0.78721,1.1048,0.016804,0.015895,0.01735,0.015168,0.017838,10,10,576,0.002,1,1,319.6,6.78
full,2026-09-30T03:10:46,N,N,128,core,unrolled:lc1,unrolled,lc1,single,cpu,0,128,4,32,31,32,20240912,ok,,True,3.1882,7.9328,15.583,23.516,0.026726,0.025631,0.028856,0.024722,0.03418,10,5,576,0.002,1,1,724.4,29.42
full,2026-09-30T03:11:15,N,N,128,core,predict:dense,predict,dense,single,cpu,0,128,4,32,31,32,20240912,ok,,True,3.2817,0.10853,1.3,1.4086,1.1326,1.1148,1.2332,1.0655,1.2747,10,1,65600,0.25,1,1,392.8,18.17
full,2026-09-30T03:11:33,N,N,128,core,eager:dense,eager,dense,single,cpu,0,128,4,32,31,32,20240912,ok,,True,3.3178,0.13527,0.23144,0.36671,0.1228,0.11995,0.13023,0.11817,0.16418,10,1,65600,0.25,1,1,257.6,5.79
full,2026-09-30T03:11:39,N,N,128,core,compiled:dense,compiled,dense,single,cpu,0,128,4,32,31,32,20240912,ok,,True,3.1667,0.10336,0.098805,0.20216,0.026291,0.024951,0.027562,0.02418,0.030763,10,5,65600,0.25,1,1,261.3,5.59
full,2026-09-30T03:11:44,N,N,128,core,xla:dense,xla,dense,single,cpu,0,128,4,32,31,32,20240912,ok,,True,3.3391,0.1477,0.16553,0.31323,0.02845,0.026495,0.029954,0.025746,0.030228,10,5,65600,0.25,1,1,287.4,5.98
full,2026-09-30T03:11:50,N,N,128,core,while_loop:dense,while_loop,dense,single,cpu,0,128,4,32,31,32,20240912,ok,,True,3.3993,0.1382,0.22173,0.35993,0.016139,0.015725,0.017744,0.015632,0.019105,10,10,65600,0.25,1,1,262.9,6.5
full,2026-09-30T03:11:57,N,N,128,core,while_loop_xla:dense,while_loop_xla,dense,single,cpu,0,128,4,32,31,32,20240912,ok,,True,3.4994,0.12537,0.23641,0.36178,0.015637,0.014971,0.016211,0.014593,0.016982,10,10,65600,0.25,1,1,290.4,6.46
full,2026-09-30T03:12:03,N,N,128,core,unrolled:dense,unrolled,dense,single,cpu,0,128,4,32,31,32,20240912,ok,,True,3.2783,1.0336,1.0981,2.1318,0.013858,0.013445,0.01444,0.012671,0.015433,10,10,65600,0.25,1,1,281.9,7.76
full,2026-09-30T03:12:11,N,N,128,core,compiled:lc2,compiled,lc2,single,cpu,0,128,4,32,31,32,20240912,ok,,True,3.0889,0.12045,0.14694,0.26738,0.03232,0.030627,0.033455,0.030159,0.035595,10,5,65600,0.25,1,1,264.0,5.97
full,2026-09-30T03:12:17,N,N,128,core,xla:lc2,xla,lc2,single,cpu,0,128,4,32,31,32,20240912,ok,,True,3.0544,0.11393,0.17175,0.28567,0.027264,0.027013,0.028049,0.026054,0.029545,10,5,65600,0.25,1,1,289.6,5.63
full,2026-09-30T03:12:23,N,N,128,core,compiled:lc3,compiled,lc3,single,cpu,0,128,4,32,31,32,20240912,ok,,True,3.2536,0.13063,0.12325,0.25388,0.030946,0.029021,0.031423,0.028326,0.032732,10,5,576,0.002,1,1,261.3,5.96
full,2026-09-30T03:12:29,N,N,128,core,compiled:elem,compiled,elem,single,cpu,0,128,4,32,31,32,20240912,ok,,True,3.095,0.10962,0.08885,0.19847,0.022792,0.022213,0.024215,0.02116,0.027189,10,5,576,0.002,1,1,261.4,5.37
full,2026-09-30T03:12:34,N,N,128,core,xla:elem,xla,elem,single,cpu,0,128,4,32,31,32,20240912,ok,,True,3.3551,0.14115,0.16854,0.30968,0.02443,0.023844,0.025097,0.023641,0.027576,10,5,576,0.002,1,1,285.8,5.85
full,2026-09-30T03:12:40,N,N,128,core,while_loop_xla:elem,while_loop_xla,elem,single,cpu,0,128,4,32,31,32,20240912,ok,,True,3.073,0.10897,0.19013,0.29909,0.013858,0.013345,0.014483,0.012728,0.015875,10,10,576,0.002,1,1,289.7,5.75
full,2026-09-30T03:12:46,N,N,160,core,cellpylib,cellpylib,,default,cpu,0,160,4,32,31,32,20240912,ok,,True,3.6284,7.1e-06,3.0471,3.0471,3.2209,3.0693,3.3591,3.0035,3.8882,10,1,,,0,0,264.2,43.62
full,2026-09-30T03:13:29,N,N,160,core,numpy,numpy,,default,cpu,0,160,4,32,31,32,20240912,ok,,True,3.0203,8.1e-06,0.0027624,0.0027705,0.0026527,0.0026211,0.0027822,0.0025993,0.0030178,10,50,,,0,0,241.3,5.29
full,2026-09-30T03:13:35,N,N,160,core,numpy_lut,numpy_lut,,default,cpu,0,160,4,32,31,32,20240912,ok,,True,3.2749,7e-05,0.0021874,0.0022574,0.0022787,0.0022006,0.0024305,0.0020239,0.0033185,10,50,,,0,0,240.7,5.32
full,2026-09-30T03:13:40,N,N,160,core,predict:lc1,predict,lc1,default,cpu,0,160,4,32,31,32,20240912,ok,,True,2.9959,0.41249,1.8765,2.289,1.1938,1.1376,1.2476,1.0933,1.3943,10,1,704,0.002,0,0,413.8,19.42
full,2026-09-30T03:13:59,N,N,160,core,eager:lc1,eager,lc1,default,cpu,0,160,4,32,31,32,20240912,ok,,True,3.0514,0.35759,2.0299,2.3875,2.2038,2.1419,2.3008,1.9894,2.3479,10,1,704,0.002,0,0,283.4,30.47
full,2026-09-30T03:14:30,N,N,160,core,compiled:lc1,compiled,lc1,default,cpu,0,160,4,32,31,32,20240912,ok,,True,3.1182,0.37556,0.73843,1.114,0.034176,0.033638,0.044976,0.032805,0.05476,10,5,704,0.002,0,0,283.3,7.27
full,2026-09-30T03:14:37,N,N,160,core,xla:lc1,xla,lc1,default,cpu,0,160,4,32,31,32,20240912,ok,,True,3.3233,0.52531,0.87245,1.3978,0.027895,0.027269,0.029162,0.025981,0.030405,10,5,704,0.002,0,0,326.0,7.08
full,2026-09-30T03:14:44,N,N,160,core,while_loop:lc1,while_loop,lc1,default,cpu,0,160,4,32,31,32,20240912,ok,,True,3.3811,0.40773,0.86617,1.2739,0.026263,0.025454,0.028724,0.024962,0.029207,10,5,704,0.002,0,0,287.9,6.91
full,2026-09-30T03:14:51,N,N,160,core,while_loop_xla:lc1,while_loop_xla,lc1,default,cpu,0,160,4,32,31,32,20240912,ok,,True,3.0423,0.35434,0.96486,1.3192,0.021883,0.018981,0.023949,0.016845,0.032947,10,10,704,0.002,0,0,332.6,7.58
full,2026-09-30T03:14:59,N,N,160,core,unrolled:lc1,unrolled,lc1,default,cpu,0,160,4,32,31,32,20240912,ok,,True,3.1808,9.9574,20.373,30.33,0.024258,0.023715,0.024888,0.02284,0.026298,10,5,704,0.002,0,0,840.8,36.14
full,2026-09-30T03:15:35,N,N,160,core,predict:dense,predict,dense,default,cpu,0,160,4,32,31,32,20240912,ok,,True,3.2988,0.12653,1.5781,1.7047,1.1486,1.1292,1.2173,1.1059,1.3516,10,1,102464,0.391,0,0,400.6,18.85
full,2026-09-30T03:15:54,N,N,160,core,eager:dense,eager,dense,default,cpu,0,160,4,32,31,32,20240912,ok,,True,3.0222,0.13578,0.22811,0.36389,0.17087,0.16874,0.17645,0.16031,0.18995,10,1,102464,0.391,0,0,264.4,5.97
full,2026-09-30T03:16:00,N,N,160,core,compiled:dense,compiled,dense,default,cpu,0,160,4,32,31,32,20240912,ok,,True,3.127,0.10122,0.11069,0.21191,0.032533,0.03196,0.033124,0.030499,0.035741,10,5,102464,0.391,0,0,270.0,5.98
full,2026-09-30T03:16:06,N,N,160,core,xla:dense,xla,dense,default,cpu,0,160,4,32,31,32,20240912,ok,,True,3.4128,0.12712,0.17304,0.30015,0.038264,0.035907,0.040607,0.034687,0.046075,10,5,102464,0.391,0,0,295.3,6.7
full,2026-09-30T03:16:12,N,N,160,core,while_loop:dense,while_loop,dense,default,cpu,0,160,4,32,31,32,20240912,ok,,True,3.288,0.13688,0.18683,0.32371,0.022238,0.021232,0.023385,0.020339,0.024174,10,5,102464,0.391,0,0,270.2,5.67
full,2026-09-30T03:16:18,N,N,160,core,while_loop_xla:dense,while_loop_xla,dense,default,cpu,0,160,4,32,31,32,20240912,ok,,True,3.2695,0.10658,0.24144,0.34802,0.02174,0.021401,0.022056,0.020707,0.022853,10,5,102464,0.391,0,0,298.5,5.61
full,2026-09-30T03:16:24,N,N,160,core,unrolled:dense,unrolled,dense,default,cpu,0,160,4,32,31,32,20240912,ok,,True,3.0933,0.85513,1.2389,2.094,0.022912,0.022435,0.023033,0.021717,0.02379,10,5,102464,0.391,0,0,287.3,7.26
full,2026-09-30T03:16:31,N,N,160,core,compiled:lc2,compiled,lc2,default,cpu,0,160,4,32,31,32,20240912,ok,,True,3.0534,0.11111,0.14059,0.2517,0.029343,0.028769,0.029809,0.028546,0.032894,10,5,102464,0.391,0,0,272.5,5.75
full,2026-09-30T03:16:37,N,N,160,core,xla:lc2,xla,lc2,default,cpu,0,160,4,32,31,32,20240912,ok,,True,3.3064,0.10579,0.17436,0.28015,0.036145,0.035419,0.036513,0.034164,0.038565,10,5,102464,0.391,0,0,298.3,6.38
full,2026-09-30T03:16:43,N,N,160,core,compiled:lc3,compiled,lc3,default,cpu,0,160,4,32,31,32,20240912,ok,,True,3.1063,0.16219,0.12975,0.29194,0.031839,0.030375,0.032608,0.029316,0.035103,10,5,704,0.002,0,0,268.3,5.93
full,2026-09-30T03:16:49,N,N,160,core,compiled:elem,compiled,elem,default,cpu,0,160,4,32,31,32,20240912,ok,,True,3.4852,0.14816,0.10594,0.2541,0.023483,0.02291,0.024178,0.022448,0.02496,10,5,704,0.002,0,0,265.9,5.82
full,2026-09-30T03:16:55,N,N,160,core,xla:elem,xla,elem,default,cpu,0,160,4,32,31,32,20240912,ok,,True,3.1524,0.1407,0.15896,0.29966,0.028873,0.02855,0.029412,0.027775,0.030751,10,5,704,0.002,0,0,293.7,5.9
full,2026-09-30T03:17:01,N,N,160,core,while_loop_xla:elem,while_loop_xla,elem,default,cpu,0,160,4,32,31,32,20240912,ok,,True,3.1524,0.11184,0.1985,0.31034,0.014456,0.014133,0.014955,0.01399,0.015717,10,10,704,0.002,0,0,297.0,5.87
full,2026-09-30T03:17:07,N,N,160,core,numpy,numpy,,single,cpu,0,160,4,32,31,32,20240912,ok,,True,3.3292,9.7e-06,0.004683,0.0046927,0.0027251,0.0026861,0.0028481,0.002626,0.0030363,10,50,,,1,1,240.3,5.74
full,2026-09-30T03:17:12,N,N,160,core,numpy_lut,numpy_lut,,single,cpu,0,160,4,32,31,32,20240912,ok,,True,3.0254,7.33e-05,0.0030163,0.0030896,0.0022698,0.0021843,0.0024401,0.0020392,0.0025068,10,50,,,1,1,240.2,5.01
full,2026-09-30T03:17:17,N,N,160,core,predict:lc1,predict,lc1,single,cpu,0,160,4,32,31,32,20240912,ok,,True,8.1516,0.39002,1.9857,2.3757,1.1948,1.1186,1.2709,1.0903,1.3995,10,1,704,0.002,1,1,407.2,24.64
full,2026-09-30T03:17:42,N,N,160,core,eager:lc1,eager,lc1,single,cpu,0,160,4,32,31,32,20240912,ok,,True,3.1548,0.35956,2.0014,2.3609,2.1165,2.0491,2.1851,2.0249,2.3973,10,1,704,0.002,1,1,278.2,30.21
full,2026-09-30T03:18:12,N,N,160,core,compiled:lc1,compiled,lc1,single,cpu,0,160,4,32,31,32,20240912,ok,,True,3.1614,0.41092,0.74272,1.1536,0.040524,0.039247,0.045843,0.037265,0.050838,10,5,704,0.002,1,1,277.3,7.43
full,2026-09-30T03:18:20,N,N,160,core,xla:lc1,xla,lc1,single,cpu,0,160,4,32,31,32,20240912,ok,,True,3.3344,0.3559,0.80463,1.1605,0.031585,0.029523,0.03336,0.028876,0.041449,10,5,704,0.002,1,1,320.6,7.12
full,2026-09-30T03:18:27,N,N,160,core,while_loop:lc1,while_loop,lc1,single,cpu,0,160,4,32,31,32,20240912,ok,,True,3.2068,0.43406,0.98624,1.4203,0.027437,0.026608,0.028525,0.025663,0.029908,10,5,704,0.002,1,1,281.0,6.94
full,2026-09-30T03:18:34,N,N,160,core,while_loop_xla:lc1,while_loop_xla,lc1,single,cpu,0,160,4,32,31,32,20240912,ok,,True,3.0132,0.37038,1.0222,1.3925,0.021583,0.0212,0.02179,0.020363,0.022526,10,10,704,0.002,1,1,327.0,7.57
full,2026-09-30T03:18:41,N,N,160,core,unrolled:lc1,unrolled,lc1,single,cpu,0,160,4,32,31,32,20240912,ok,,True,3.156,9.5585,20.487,30.045,0.031172,0.030847,0.032662,0.030142,0.03586,10,5,704,0.002,1,1,831.8,36.27
full,2026-09-30T03:19:17,N,N,160,core,predict:dense,predict,dense,single,cpu,0,160,4,32,31,32,20240912,ok,,True,3.1992,0.133,1.4199,1.5529,1.1545,1.1271,1.1802,1.1035,1.3735,10,1,102464,0.391,1,1,394.6,18.55
full,2026-09-30T03:19:36,N,N,160,core,eager:dense,eager,dense,single,cpu,0,160,4,32,31,32,20240912,ok,,True,3.0499,0.12163,0.17184,0.29347,0.15546,0.15391,0.15886,0.14603,0.1715,10,1,102464,0.391,1,1,258.6,5.78
full,2026-09-30T03:19:42,N,N,160,core,compiled:dense,compiled,dense,single,cpu,0,160,4,32,31,32,20240912,ok,,True,3.6148,0.14414,0.14648,0.29062,0.033824,0.031975,0.035714,0.027961,0.036551,10,5,102464,0.391,1,1,262.5,6.57
full,2026-09-30T03:19:48,N,N,160,core,xla:dense,xla,dense,single,cpu,0,160,4,32,31,32,20240912,ok,,True,3.9112,0.11649,0.17742,0.29391,0.035799,0.034199,0.039942,0.030563,0.043534,10,5,102464,0.391,1,1,288.1,7.11
full,2026-09-30T03:19:55,N,N,160,core,while_loop:dense,while_loop,dense,single,cpu,0,160,4,32,31,32,20240912,ok,,True,3.1043,0.10724,0.1708,0.27803,0.018651,0.018031,0.019796,0.017684,0.020299,10,10,102464,0.391,1,1,264.4,6.23
full,2026-09-30T03:20:02,N,N,160,core,while_loop_xla:dense,while_loop_xla,dense,single,cpu,0,160,4,32,31,32,20240912,ok,,True,3.1367,0.11372,0.23241,0.34613,0.020467,0.019806,0.021655,0.019029,0.024147,10,10,102464,0.391,1,1,291.5,6.67
full,2026-09-30T03:20:08,N,N,160,core,unrolled:dense,unrolled,dense,single,cpu,0,160,4,32,31,32,20240912,ok,,True,3.3657,0.79703,0.97045,1.7675,0.01596,0.015771,0.016787,0.015469,0.022191,10,10,102464,0.391,1,1,281.4,7.9
full,2026-09-30T03:20:16,N,N,160,core,compiled:lc2,compiled,lc2,single,cpu,0,160,4,32,31,32,20240912,ok,,True,3.0994,0.11592,0.13549,0.25141,0.038072,0.036855,0.042545,0.036485,0.052631,10,5,102464,0.391,1,1,264.9,6.43
full,2026-09-30T03:20:23,N,N,160,core,xla:lc2,xla,lc2,single,cpu,0,160,4,32,31,32,20240912,ok,,True,3.1832,0.11213,0.1657,0.27783,0.032099,0.03142,0.034247,0.030719,0.037942,10,5,102464,0.391,1,1,290.7,6.09
full,2026-09-30T03:20:29,N,N,160,core,compiled:lc3,compiled,lc3,single,cpu,0,160,4,32,31,32,20240912,ok,,True,3.4177,0.11277,0.10368,0.21645,0.027216,0.025557,0.028772,0.023734,0.033445,10,5,704,0.002,1,1,263.8,5.91
full,2026-09-30T03:20:35,N,N,160,core,compiled:elem,compiled,elem,single,cpu,0,160,4,32,31,32,20240912,ok,,True,3.0344,0.19353,0.12425,0.31778,0.030391,0.029176,0.034056,0.028515,0.036182,10,5,704,0.002,1,1,260.7,5.95
full,2026-09-30T03:20:41,N,N,160,core,xla:elem,xla,elem,single,cpu,0,160,4,32,31,32,20240912,ok,,True,3.5694,0.11149,0.14298,0.25447,0.028289,0.02753,0.030662,0.027239,0.034051,10,5,704,0.002,1,1,287.5,6.27
full,2026-09-30T03:20:47,N,N,160,core,while_loop_xla:elem,while_loop_xla,elem,single,cpu,0,160,4,32,31,32,20240912,ok,,True,3.1329,0.11954,0.24444,0.36398,0.018478,0.017929,0.020232,0.017159,0.022292,10,10,704,0.002,1,1,291.1,6.45
full,2026-09-30T03:20:53,N,N,192,core,cellpylib,cellpylib,,default,cpu,0,192,4,32,31,32,20240912,ok,,True,4.0261,1.25e-05,4.2319,4.2319,3.8217,3.6954,4.1947,3.6623,4.3902,10,1,,,0,0,263.6,52.36
full,2026-09-30T03:21:46,N,N,192,core,numpy,numpy,,default,cpu,0,192,4,32,31,32,20240912,ok,,True,3.0771,7.6e-06,0.0031695,0.0031771,0.0032929,0.003053,0.0034269,0.0028421,0.0040972,10,50,,,0,0,241.3,5.62
full,2026-09-30T03:21:51,N,N,192,core,numpy_lut,numpy_lut,,default,cpu,0,192,4,32,31,32,20240912,ok,,True,3.2496,8.24e-05,0.0034457,0.0035281,0.0023382,0.0022496,0.0023999,0.0022332,0.0027719,10,50,,,0,0,240.7,5.31
full,2026-09-30T03:21:57,N,N,192,core,predict:lc1,predict,lc1,default,cpu,0,192,4,32,31,32,20240912,ok,,True,3.1074,0.39975,2.2835,2.6833,1.1707,1.1111,1.2027,1.0823,1.3513,10,1,832,0.003,0,0,413.7,19.76
full,2026-09-30T03:22:16,N,N,192,core,eager:lc1,eager,lc1,default,cpu,0,192,4,32,31,32,20240912,ok,,True,3.2758,0.40745,2.8682,3.2756,2.5795,2.5091,2.6744,2.4496,2.973,10,1,832,0.003,0,0,288.4,36.16
full,2026-09-30T03:22:53,N,N,192,core,compiled:lc1,compiled,lc1,default,cpu,0,192,4,32,31,32,20240912,ok,,True,3.498,0.49217,0.79538,1.2875,0.040097,0.038238,0.041792,0.037181,0.045765,10,5,832,0.003,0,0,286.9,7.84
full,2026-09-30T03:23:00,N,N,192,core,xla:lc1,xla,lc1,default,cpu,0,192,4,32,31,32,20240912,ok,,True,3.2784,0.49861,1.0085,1.5071,0.02789,0.026011,0.028804,0.025637,0.032764,10,5,832,0.003,0,0,333.3,7.11
full,2026-09-30T03:23:08,N,N,192,core,while_loop:lc1,while_loop,lc1,default,cpu,0,192,4,32,31,32,20240912,ok,,True,3.0444,0.44233,1.06,1.5024,0.040589,0.039712,0.041012,0.037184,0.041105,10,5,832,0.003,0,0,289.7,7.5
full,2026-09-30T03:23:15,N,N,192,core,while_loop_xla:lc1,while_loop_xla,lc1,default,cpu,0,192,4,32,31,32,20240912,ok,,True,3.0785,0.41272,1.092,1.5048,0.01519,0.01476,0.015661,0.01451,0.016307,10,10,832,0.003,0,0,340.2,7.12
full,2026-09-30T03:23:22,N,N,192,core,unrolled:lc1,unrolled,lc1,default,cpu,0,192,4,32,31,32,20240912,ok,,True,3.337,11.245,24.614,35.859,0.030774,0.02975,0.031255,0.028959,0.032831,10,5,832,0.003,0,0,940.4,42.37
full,2026-09-30T03:24:05,N,N,192,core,predict:dense,predict,dense,default,cpu,0,192,4,32,31,32,20240912,ok,,True,3.0652,0.12242,1.3837,1.5061,1.2129,1.1511,1.2834,1.0706,1.3542,10,1,147520,0.562,0,0,399.3,18.63
full,2026-09-30T03:24:23,N,N,192,core,eager:dense,eager,dense,default,cpu,0,192,4,32,31,32,20240912,ok,,True,3.2248,0.10347,0.20318,0.30664,0.1454,0.14453,0.1628,0.14294,0.1696,10,1,147520,0.562,0,0,264.8,5.9
full,2026-09-30T03:24:29,N,N,192,core,compiled:dense,compiled,dense,default,cpu,0,192,4,32,31,32,20240912,ok,,True,3.0705,0.11822,0.1429,0.26112,0.038472,0.037875,0.040996,0.037338,0.046941,10,5,147520,0.562,0,0,269.1,6.36
full,2026-09-30T03:24:35,N,N,192,core,xla:dense,xla,dense,default,cpu,0,192,4,32,31,32,20240912,ok,,True,3.0784,0.113,0.19135,0.30434,0.034093,0.033797,0.03472,0.033517,0.035751,10,5,147520,0.562,0,0,295.5,6.14
full,2026-09-30T03:24:42,N,N,192,core,while_loop:dense,while_loop,dense,default,cpu,0,192,4,32,31,32,20240912,ok,,True,3.3248,0.12071,0.21533,0.33604,0.023814,0.023145,0.024711,0.023066,0.025736,10,5,147520,0.562,0,0,269.7,5.78
full,2026-09-30T03:24:47,N,N,192,core,while_loop_xla:dense,while_loop_xla,dense,default,cpu,0,192,4,32,31,32,20240912,ok,,True,3.0513,0.10342,0.22069,0.32411,0.02089,0.020543,0.021669,0.020015,0.023173,10,5,147520,0.562,0,0,300.5,5.35
full,2026-09-30T03:24:53,N,N,192,core,unrolled:dense,unrolled,dense,default,cpu,0,192,4,32,31,32,20240912,ok,,True,3.1556,1.3983,1.1308,2.5291,0.023156,0.022932,0.023587,0.022786,0.025349,10,5,147520,0.562,0,0,288.5,7.79
full,2026-09-30T03:25:01,N,N,192,core,compiled:lc2,compiled,lc2,default,cpu,0,192,4,32,31,32,20240912,ok,,True,3.4054,0.13021,0.14337,0.27359,0.039353,0.037195,0.042217,0.034225,0.043111,10,5,147520,0.562,0,0,273.0,6.68
full,2026-09-30T03:25:07,N,N,192,core,xla:lc2,xla,lc2,default,cpu,0,192,4,32,31,32,20240912,ok,,True,3.1392,0.12266,0.19934,0.322,0.037487,0.036886,0.037711,0.036039,0.039487,10,5,147520,0.562,0,0,299.5,6.31
full,2026-09-30T03:25:13,N,N,192,core,compiled:lc3,compiled,lc3,default,cpu,0,192,4,32,31,32,20240912,ok,,True,3.2361,0.13053,0.11341,0.24394,0.027634,0.026276,0.028086,0.025945,0.030939,10,5,832,0.003,0,0,267.2,5.79
full,2026-09-30T03:25:19,N,N,192,core,compiled:elem,compiled,elem,default,cpu,0,192,4,32,31,32,20240912,ok,,True,3.0258,0.11461,0.10749,0.2221,0.030421,0.029659,0.031028,0.028185,0.033181,10,5,832,0.003,0,0,267.6,5.7
full,2026-09-30T03:25:25,N,N,192,core,xla:elem,xla,elem,default,cpu,0,192,4,32,31,32,20240912,ok,,True,3.198,0.10956,0.13317,0.24274,0.025448,0.025267,0.026763,0.024516,0.027967,10,5,832,0.003,0,0,293.9,5.66
full,2026-09-30T03:25:31,N,N,192,core,while_loop_xla:elem,while_loop_xla,elem,default,cpu,0,192,4,32,31,32,20240912,ok,,True,3.1552,0.13066,0.26501,0.39567,0.014105,0.013938,0.014311,0.013179,0.014794,10,10,832,0.003,0,0,300.0,5.93
full,2026-09-30T03:25:37,N,N,192,core,numpy,numpy,,single,cpu,0,192,4,32,31,32,20240912,ok,,True,3.0568,7.5e-06,0.0030573,0.0030648,0.003252,0.0030574,0.0033483,0.0029233,0.0034501,10,50,,,1,1,240.2,5.63
full,2026-09-30T03:25:42,N,N,192,core,numpy_lut,numpy_lut,,single,cpu,0,192,4,32,31,32,20240912,ok,,True,3.2711,0.0001117,0.0038122,0.0039239,0.0024256,0.0023674,0.0025879,0.0023539,0.0026464,10,50,,,1,1,240.2,5.41
full,2026-09-30T03:25:48,N,N,192,core,predict:lc1,predict,lc1,single,cpu,0,192,4,32,31,32,20240912,ok,,True,3.0623,0.43434,2.0112,2.4455,1.1682,1.1463,1.3019,1.0847,1.3956,10,1,832,0.003,1,1,409.4,19.77
full,2026-09-30T03:26:07,N,N,192,core,eager:lc1,eager,lc1,single,cpu,0,192,4,32,31,32,20240912,ok,,True,3.0379,0.43227,2.4906,2.9229,2.4606,2.4574,2.6448,2.4025,2.8435,10,1,832,0.003,1,1,282.1,34.82
full,2026-09-30T03:26:42,N,N,192,core,compiled:lc1,compiled,lc1,single,cpu,0,192,4,32,31,32,20240912,ok,,True,3.3062,0.54443,0.9783,1.5227,0.053846,0.046935,0.054769,0.041407,0.065744,10,2,832,0.003,1,1,281.2,6.81
full,2026-09-30T03:26:49,N,N,192,core,xla:lc1,xla,lc1,single,cpu,0,192,4,32,31,32,20240912,ok,,True,3.0582,0.44582,0.94411,1.3899,0.044751,0.041696,0.045747,0.039738,0.048468,10,5,832,0.003,1,1,328.7,7.68
full,2026-09-30T03:26:57,N,N,192,core,while_loop:lc1,while_loop,lc1,single,cpu,0,192,4,32,31,32,20240912,ok,,True,3.1496,0.41534,0.9789,1.3942,0.031789,0.031051,0.033096,0.030954,0.038814,10,5,832,0.003,1,1,285.9,7.19
full,2026-09-30T03:27:04,N,N,192,core,while_loop_xla:lc1,while_loop_xla,lc1,single,cpu,0,192,4,32,31,32,20240912,ok,,True,3.3259,0.41906,1.1031,1.5222,0.022293,0.021148,0.024467,0.020717,0.025964,10,5,832,0.003,1,1,334.2,6.87
full,2026-09-30T03:27:11,N,N,192,core,unrolled:lc1,unrolled,lc1,single,cpu,0,192,4,32,31,32,20240912,ok,,True,2.9893,11.612,24.085,35.697,0.038177,0.037352,0.042302,0.036614,0.048998,10,2,832,0.003,1,1,936.5,40.97
full,2026-09-30T03:27:52,N,N,192,core,predict:dense,predict,dense,single,cpu,0,192,4,32,31,32,20240912,ok,,True,3.1479,0.14587,1.4993,1.6452,1.1692,1.1252,1.2176,1.0592,1.2834,10,1,147520,0.562,1,1,396.0,18.43
full,2026-09-30T03:28:10,N,N,192,core,eager:dense,eager,dense,single,cpu,0,192,4,32,31,32,20240912,ok,,True,3.0374,0.12229,0.17725,0.29954,0.1499,0.13996,0.15117,0.13182,0.17994,10,1,147520,0.562,1,1,260.2,5.66
full,2026-09-30T03:28:16,N,N,192,core,compiled:dense,compiled,dense,single,cpu,0,192,4,32,31,32,20240912,ok,,True,3.2283,0.10583,0.10123,0.20706,0.032717,0.031404,0.035844,0.0302,0.039379,10,5,147520,0.562,1,1,264.0,6.12
full,2026-09-30T03:28:22,N,N,192,core,xla:dense,xla,dense,single,cpu,0,192,4,32,31,32,20240912,ok,,True,3.205,0.14774,0.20486,0.3526,0.043913,0.041935,0.045309,0.036055,0.049105,10,5,147520,0.562,1,1,288.5,6.81
full,2026-09-30T03:28:29,N,N,192,core,while_loop:dense,while_loop,dense,single,cpu,0,192,4,32,31,32,20240912,ok,,True,3.0482,0.11299,0.15762,0.27061,0.020429,0.019171,0.020829,0.018341,0.022807,10,10,147520,0.562,1,1,264.3,6.35
full,2026-09-30T03:28:35,N,N,192,core,while_loop_xla:dense,while_loop_xla,dense,single,cpu,0,192,4,32,31,32,20240912,ok,,True,3.3291,0.12418,0.22134,0.34552,0.024136,0.022836,0.024776,0.022538,0.026813,10,5,147520,0.562,1,1,293.8,5.77
full,2026-09-30T03:28:41,N,N,192,core,unrolled:dense,unrolled,dense,single,cpu,0,192,4,32,31,32,20240912,ok,,True,3.0514,0.83793,1.0875,1.9254,0.022034,0.021594,0.023563,0.020523,0.025166,10,5,147520,0.562,1,1,283.0,7.02
full,2026-09-30T03:28:48,N,N,192,core,compiled:lc2,compiled,lc2,single,cpu,0,192,4,32,31,32,20240912,ok,,True,3.0131,0.11678,0.13347,0.25025,0.039984,0.038764,0.041297,0.037042,0.048457,10,5,147520,0.562,1,1,266.7,6.31
full,2026-09-30T03:28:54,N,N,192,core,xla:lc2,xla,lc2,single,cpu,0,192,4,32,31,32,20240912,ok,,True,3.2999,0.15197,0.20482,0.35679,0.036943,0.035222,0.03865,0.034791,0.040806,10,5,147520,0.562,1,1,291.4,6.55
full,2026-09-30T03:29:01,N,N,192,core,compiled:lc3,compiled,lc3,single,cpu,0,192,4,32,31,32,20240912,ok,,True,3.0038,0.13229,0.10998,0.24227,0.034456,0.031257,0.037348,0.027165,0.037661,10,5,832,0.003,1,1,262.9,5.91
full,2026-09-30T03:29:07,N,N,192,core,compiled:elem,compiled,elem,single,cpu,0,192,4,32,31,32,20240912,ok,,True,3.1604,0.10723,0.092343,0.19958,0.028724,0.027759,0.029621,0.026941,0.03484,10,5,832,0.003,1,1,261.9,5.78
full,2026-09-30T03:29:12,N,N,192,core,xla:elem,xla,elem,single,cpu,0,192,4,32,31,32,20240912,ok,,True,3.1037,0.12653,0.15618,0.28271,0.039739,0.035073,0.0408,0.031775,0.04445,10,5,832,0.003,1,1,287.4,6.3
full,2026-09-30T03:29:19,N,N,192,core,while_loop_xla:elem,while_loop_xla,elem,single,cpu,0,192,4,32,31,32,20240912,ok,,True,3.0221,0.11381,0.22879,0.3426,0.020461,0.019639,0.020928,0.01856,0.022947,10,10,832,0.003,1,1,292.8,6.42
full,2026-09-30T03:29:25,N,N,224,core,cellpylib,cellpylib,,default,cpu,0,224,4,32,31,32,20240912,ok,,True,4.0359,7.4e-06,4.2548,4.2548,4.362,4.2839,4.7115,4.2525,4.9753,10,1,,,0,0,264.3,58.6
full,2026-09-30T03:30:24,N,N,224,core,numpy,numpy,,default,cpu,0,224,4,32,31,32,20240912,ok,,True,3.144,8.9e-06,0.0037031,0.003712,0.0051111,0.0046265,0.0054,0.0041638,0.0056072,10,20,,,0,0,241.6,5.0
full,2026-09-30T03:30:29,N,N,224,core,numpy_lut,numpy_lut,,default,cpu,0,224,4,32,31,32,20240912,ok,,True,3.0862,7.4e-05,0.0026171,0.0026911,0.0024697,0.0024413,0.0024938,0.0024213,0.0027707,10,50,,,0,0,241.4,5.26
full,2026-09-30T03:30:34,N,N,224,core,predict:lc1,predict,lc1,default,cpu,0,224,4,32,31,32,20240912,ok,,True,3.1684,0.55706,2.351,2.9081,1.1538,1.1179,1.2531,1.094,1.3809,10,1,960,0.003,0,0,418.1,19.95
full,2026-09-30T03:30:54,N,N,224,core,eager:lc1,eager,lc1,default,cpu,0,224,4,32,31,32,20240912,ok,,True,3.1506,0.53008,3.0015,3.5316,2.9613,2.8711,3.0656,2.8271,3.3033,10,1,960,0.003,0,0,292.4,40.03
full,2026-09-30T03:31:34,N,N,224,core,compiled:lc1,compiled,lc1,default,cpu,0,224,4,32,31,32,20240912,ok,,True,3.1602,0.55887,1.027,1.5859,0.062771,0.058595,0.065718,0.056624,0.070291,10,2,960,0.003,0,0,292.3,6.87
full,2026-09-30T03:31:41,N,N,224,core,xla:lc1,xla,lc1,default,cpu,0,224,4,32,31,32,20240912,ok,,True,3.104,0.48222,1.0574,1.5396,0.03251,0.031572,0.035466,0.031096,0.036749,10,5,960,0.003,0,0,341.9,7.31
full,2026-09-30T03:31:48,N,N,224,core,while_loop:lc1,while_loop,lc1,default,cpu,0,224,4,32,31,32,20240912,ok,,True,3.1695,0.44298,1.126,1.569,0.034135,0.033569,0.035874,0.033212,0.04585,10,5,960,0.003,0,0,294.0,7.57
full,2026-09-30T03:31:56,N,N,224,core,while_loop_xla:lc1,while_loop_xla,lc1,default,cpu,0,224,4,32,31,32,20240912,ok,,True,3.2424,0.61364,1.2006,1.8142,0.017607,0.017159,0.018837,0.016753,0.019794,10,10,960,0.003,0,0,348.1,7.97
full,2026-09-30T03:32:04,N,N,224,core,unrolled:lc1,unrolled,lc1,default,cpu,0,224,4,32,31,32,20240912,ok,,True,3.1472,13.652,28.634,42.286,0.031656,0.030646,0.033304,0.030283,0.033969,10,5,960,0.003,0,0,1059.6,48.76
full,2026-09-30T03:32:52,N,N,224,core,predict:dense,predict,dense,default,cpu,0,224,4,32,31,32,20240912,ok,,True,3.052,0.10522,1.3216,1.4268,1.2128,1.1067,1.3013,1.0845,1.3438,10,1,200768,0.766,0,0,401.5,18.69
full,2026-09-30T03:33:11,N,N,224,core,eager:dense,eager,dense,default,cpu,0,224,4,32,31,32,20240912,ok,,True,3.0978,0.1058,0.20723,0.31303,0.18445,0.15816,0.19853,0.14597,0.2404,10,1,200768,0.766,0,0,265.3,6.09
full,2026-09-30T03:33:17,N,N,224,core,compiled:dense,compiled,dense,default,cpu,0,224,4,32,31,32,20240912,ok,,True,3.4529,0.11919,0.12088,0.24007,0.037953,0.037515,0.038713,0.036961,0.041209,10,5,200768,0.766,0,0,269.9,6.6
full,2026-09-30T03:33:24,N,N,224,core,xla:dense,xla,dense,default,cpu,0,224,4,32,31,32,20240912,ok,,True,3.1098,0.10734,0.17015,0.2775,0.04066,0.040108,0.044292,0.03939,0.0476,10,5,200768,0.766,0,0,296.8,6.51
full,2026-09-30T03:33:30,N,N,224,core,while_loop:dense,while_loop,dense,default,cpu,0,224,4,32,31,32,20240912,ok,,True,3.0544,0.11981,0.21469,0.3345,0.025901,0.025703,0.026059,0.025651,0.026529,10,5,200768,0.766,0,0,272.2,5.6
full,2026-09-30T03:33:36,N,N,224,core,while_loop_xla:dense,while_loop_xla,dense,default,cpu,0,224,4,32,31,32,20240912,ok,,True,3.2064,0.1191,0.25439,0.37349,0.026093,0.025601,0.026295,0.025452,0.027737,10,5,200768,0.766,0,0,299.8,5.79
full,2026-09-30T03:33:42,N,N,224,core,unrolled:dense,unrolled,dense,default,cpu,0,224,4,32,31,32,20240912,ok,,True,3.1022,0.72656,1.0194,1.746,0.028698,0.028246,0.029849,0.026768,0.030123,10,5,200768,0.766,0,0,290.5,7.27
full,2026-09-30T03:33:49,N,N,224,core,compiled:lc2,compiled,lc2,default,cpu,0,224,4,32,31,32,20240912,ok,,True,3.263,0.10779,0.13067,0.23846,0.035436,0.034938,0.036032,0.034469,0.040775,10,5,200768,0.766,0,0,274.9,6.31
full,2026-09-30T03:33:55,N,N,224,core,xla:lc2,xla,lc2,default,cpu,0,224,4,32,31,32,20240912,ok,,True,3.1241,0.12195,0.20114,0.32308,0.053986,0.05116,0.055595,0.049846,0.060607,10,2,200768,0.766,0,0,300.9,5.45
full,2026-09-30T03:34:01,N,N,224,core,compiled:lc3,compiled,lc3,default,cpu,0,224,4,32,31,32,20240912,ok,,True,3.0649,0.15078,0.12066,0.27144,0.029765,0.028841,0.031724,0.028465,0.034388,10,5,960,0.003,0,0,269.2,5.81
full,2026-09-30T03:34:07,N,N,224,core,compiled:elem,compiled,elem,default,cpu,0,224,4,32,31,32,20240912,ok,,True,3.2756,0.13299,0.11781,0.25081,0.032621,0.026884,0.033952,0.026185,0.035633,10,5,960,0.003,0,0,268.6,6.03
full,2026-09-30T03:34:13,N,N,224,core,xla:elem,xla,elem,default,cpu,0,224,4,32,31,32,20240912,ok,,True,3.0836,0.1091,0.12372,0.23282,0.02573,0.025285,0.026742,0.024365,0.031904,10,5,960,0.003,0,0,295.5,5.53
full,2026-09-30T03:34:18,N,N,224,core,while_loop_xla:elem,while_loop_xla,elem,default,cpu,0,224,4,32,31,32,20240912,ok,,True,3.3667,0.11822,0.2057,0.32392,0.015019,0.014281,0.016025,0.014155,0.016767,10,10,960,0.003,0,0,297.8,6.17
full,2026-09-30T03:34:24,N,N,224,core,numpy,numpy,,single,cpu,0,224,4,32,31,32,20240912,ok,,True,3.0374,9.1e-06,0.0037273,0.0037364,0.0042668,0.0037352,0.0043962,0.0034788,0.0048036,10,50,,,1,1,240.6,6.11
full,2026-09-30T03:34:30,N,N,224,core,numpy_lut,numpy_lut,,single,cpu,0,224,4,32,31,32,20240912,ok,,True,3.2215,8.88e-05,0.0027603,0.0028491,0.002745,0.0026502,0.0028939,0.0025193,0.003025,10,50,,,1,1,240.4,5.54
full,2026-09-30T03:34:36,N,N,224,core,predict:lc1,predict,lc1,single,cpu,0,224,4,32,31,32,20240912,ok,,True,3.4667,0.54643,2.5606,3.1071,1.318,1.233,1.3538,1.0862,1.7545,10,1,960,0.003,1,1,416.3,22.03
full,2026-09-30T03:34:58,N,N,224,core,eager:lc1,eager,lc1,single,cpu,0,224,4,32,31,32,20240912,ok,,True,3.5323,0.51119,2.9849,3.4961,2.9208,2.827,3.1034,2.7729,3.2752,10,1,960,0.003,1,1,286.7,40.27
full,2026-09-30T03:35:38,N,N,224,core,compiled:lc1,compiled,lc1,single,cpu,0,224,4,32,31,32,20240912,ok,,True,3.5146,0.49316,1.007,1.5002,0.055534,0.053975,0.060496,0.051516,0.065114,10,2,960,0.003,1,1,286.1,7.24
full,2026-09-30T03:35:46,N,N,224,core,xla:lc1,xla,lc1,single,cpu,0,224,4,32,31,32,20240912,ok,,True,3.1881,0.6641,1.331,1.9951,0.052812,0.051626,0.053922,0.046694,0.055195,10,5,960,0.003,1,1,335.5,8.98
full,2026-09-30T03:35:55,N,N,224,core,while_loop:lc1,while_loop,lc1,single,cpu,0,224,4,32,31,32,20240912,ok,,True,3.1704,0.61084,1.4058,2.0167,0.043716,0.042302,0.05149,0.040962,0.061091,10,2,960,0.003,1,1,288.5,7.07
full,2026-09-30T03:36:02,N,N,224,core,while_loop_xla:lc1,while_loop_xla,lc1,single,cpu,0,224,4,32,31,32,20240912,ok,,True,3.4907,0.44962,1.4424,1.892,0.027125,0.026807,0.027559,0.025524,0.028519,10,5,960,0.003,1,1,342.3,7.76
full,2026-09-30T03:36:09,N,N,224,core,unrolled:lc1,unrolled,lc1,single,cpu,0,224,4,32,31,32,20240912,ok,,True,3.5566,14.013,36.011,50.024,0.055756,0.054,0.059705,0.050467,0.073666,10,5,960,0.003,1,1,1064.1,58.5
full,2026-09-30T03:37:08,N,N,224,core,predict:dense,predict,dense,single,cpu,0,224,4,32,31,32,20240912,ok,,True,3.4884,0.12402,1.5971,1.7211,1.2384,1.1447,1.344,1.0733,1.3823,10,1,200768,0.766,1,1,396.6,19.61
full,2026-09-30T03:37:27,N,N,224,core,eager:dense,eager,dense,single,cpu,0,224,4,32,31,32,20240912,ok,,True,3.4962,0.12085,0.19995,0.3208,0.16013,0.15554,0.18264,0.14005,0.2116,10,1,200768,0.766,1,1,260.7,6.38
full,2026-09-30T03:37:34,N,N,224,core,compiled:dense,compiled,dense,single,cpu,0,224,4,32,31,32,20240912,ok,,True,3.1568,0.11184,0.10961,0.22146,0.036281,0.03308,0.042431,0.032417,0.045401,10,5,200768,0.766,1,1,265.0,6.28
full,2026-09-30T03:37:40,N,N,224,core,xla:dense,xla,dense,single,cpu,0,224,4,32,31,32,20240912,ok,,True,3.3892,0.11174,0.56856,0.6803,0.046836,0.040494,0.05017,0.037981,0.057183,10,5,200768,0.766,1,1,289.9,7.46
full,2026-09-30T03:37:48,N,N,224,core,while_loop:dense,while_loop,dense,single,cpu,0,224,4,32,31,32,20240912,ok,,True,4.1554,0.16459,0.26831,0.43291,0.03205,0.02691,0.035859,0.024983,0.038525,10,5,200768,0.766,1,1,266.3,7.24
full,2026-09-30T03:37:55,N,N,224,core,while_loop_xla:dense,while_loop_xla,dense,single,cpu,0,224,4,32,31,32,20240912,ok,,True,3.2829,0.12873,0.29104,0.41977,0.028254,0.027679,0.030099,0.026847,0.031069,10,5,200768,0.766,1,1,293.8,6.14
full,2026-09-30T03:38:01,N,N,224,core,unrolled:dense,unrolled,dense,single,cpu,0,224,4,32,31,32,20240912,ok,,True,3.5565,0.80281,0.99791,1.8007,0.030845,0.030054,0.033306,0.028144,0.035325,10,5,200768,0.766,1,1,283.9,7.92
full,2026-09-30T03:38:09,N,N,224,core,compiled:lc2,compiled,lc2,single,cpu,0,224,4,32,31,32,20240912,ok,,True,3.3955,0.1603,0.19666,0.35696,0.062738,0.059922,0.064867,0.053883,0.078063,10,2,200768,0.766,1,1,268.7,5.95
full,2026-09-30T03:38:15,N,N,224,core,xla:lc2,xla,lc2,single,cpu,0,224,4,32,31,32,20240912,ok,,True,3.3723,0.1551,0.22454,0.37964,0.065549,0.052786,0.067371,0.048097,0.077754,10,5,200768,0.766,1,1,294.5,8.06
full,2026-09-30T03:38:23,N,N,224,core,compiled:lc3,compiled,lc3,single,cpu,0,224,4,32,31,32,20240912,ok,,True,3.2835,0.14593,0.14137,0.2873,0.035224,0.031995,0.041818,0.030502,0.043272,10,5,960,0.003,1,1,263.9,6.48
full,2026-09-30T03:38:29,N,N,224,core,compiled:elem,compiled,elem,single,cpu,0,224,4,32,31,32,20240912,ok,,True,3.7005,0.11919,0.11631,0.23549,0.034845,0.032695,0.036547,0.029904,0.042304,10,5,960,0.003,1,1,262.0,6.83
full,2026-09-30T03:38:36,N,N,224,core,xla:elem,xla,elem,single,cpu,0,224,4,32,31,32,20240912,ok,,True,3.2084,0.10746,0.13545,0.24291,0.045807,0.044587,0.047552,0.042824,0.049623,10,5,960,0.003,1,1,288.9,6.93
full,2026-09-30T03:38:43,N,N,224,core,while_loop_xla:elem,while_loop_xla,elem,single,cpu,0,224,4,32,31,32,20240912,ok,,True,3.3763,0.11307,0.21827,0.33133,0.023013,0.022288,0.025005,0.021874,0.027209,10,5,960,0.003,1,1,293.4,5.83
full,2026-09-30T03:38:49,N,N,256,core,cellpylib,cellpylib,,default,cpu,0,256,4,32,31,32,20240912,ok,,True,3.9404,8e-06,5.566,5.566,5.2016,5.0714,5.4995,4.9779,6.2161,10,1,,,0,0,264.4,70.18
full,2026-09-30T03:39:59,N,N,256,core,numpy,numpy,,default,cpu,0,256,4,32,31,32,20240912,ok,,True,3.1021,1.08e-05,0.0058132,0.005824,0.004652,0.0042417,0.0050062,0.0035824,0.0056167,10,50,,,0,0,241.8,6.42
full,2026-09-30T03:40:06,N,N,256,core,numpy_lut,numpy_lut,,default,cpu,0,256,4,32,31,32,20240912,ok,,True,3.0834,7.66e-05,0.0046616,0.0047382,0.0027687,0.002714,0.0027998,0.0026975,0.0031801,10,50,,,0,0,241.2,5.41
full,2026-09-30T03:40:11,N,N,256,core,predict:lc1,predict,lc1,default,cpu,0,256,4,32,31,32,20240912,ok,,True,3.288,0.60686,2.3368,2.9436,1.2765,1.2285,1.313,1.0894,1.5292,10,1,1088,0.004,0,0,423.1,21.16
full,2026-09-30T03:40:32,N,N,256,core,eager:lc1,eager,lc1,default,cpu,0,256,4,32,31,32,20240912,ok,,True,3.4078,0.5695,3.5759,4.1454,3.5419,3.5079,3.6792,3.3642,3.8916,10,1,1088,0.004,0,0,297.3,47.83
full,2026-09-30T03:41:20,N,N,256,core,compiled:lc1,compiled,lc1,default,cpu,0,256,4,32,31,32,20240912,ok,,True,3.1987,0.69655,1.5075,2.204,0.064933,0.060062,0.067479,0.047742,0.072395,10,5,1088,0.004,0,0,294.5,9.8
full,2026-09-30T03:41:30,N,N,256,core,xla:lc1,xla,lc1,default,cpu,0,256,4,32,31,32,20240912,ok,,True,3.7114,0.77374,1.6657,2.4395,0.039178,0.03754,0.040828,0.034751,0.045817,10,5,1088,0.004,0,0,348.1,9.34
full,2026-09-30T03:41:39,N,N,256,core,while_loop:lc1,while_loop,lc1,default,cpu,0,256,4,32,31,32,20240912,ok,,True,3.75,0.81992,1.9874,2.8073,0.037828,0.035708,0.038758,0.034273,0.04059,10,5,1088,0.004,0,0,297.1,9.56
full,2026-09-30T03:41:49,N,N,256,core,while_loop_xla:lc1,while_loop_xla,lc1,default,cpu,0,256,4,32,31,32,20240912,ok,,True,3.5652,0.75173,2.1855,2.9373,0.024371,0.02374,0.025745,0.023633,0.026316,10,5,1088,0.004,0,0,354.8,8.74
full,2026-09-30T03:41:57,N,N,256,core,unrolled:lc1,unrolled,lc1,default,cpu,0,256,4,32,31,32,20240912,ok,,True,3.8689,19.27,40.656,59.926,0.03524,0.033363,0.036473,0.030866,0.03773,10,5,1088,0.004,0,0,1177.5,67.6
full,2026-09-30T03:43:05,N,N,256,core,predict:dense,predict,dense,default,cpu,0,256,4,32,31,32,20240912,ok,,True,4.7903,0.14066,1.5888,1.7295,1.3722,1.3558,1.4688,1.2339,1.532,10,1,262208,1.0,0,0,402.9,22.67
full,2026-09-30T03:43:28,N,N,256,core,eager:dense,eager,dense,default,cpu,0,256,4,32,31,32,20240912,ok,,True,3.3864,0.12349,0.21268,0.33617,0.17738,0.17089,0.17909,0.1643,0.19929,10,1,262208,1.0,0,0,265.8,6.36
full,2026-09-30T03:43:34,N,N,256,core,compiled:dense,compiled,dense,default,cpu,0,256,4,32,31,32,20240912,ok,,True,3.9683,0.13912,0.16271,0.30183,0.046876,0.044969,0.048283,0.042724,0.049882,10,5,262208,1.0,0,0,270.6,7.79
full,2026-09-30T03:43:42,N,N,256,core,xla:dense,xla,dense,default,cpu,0,256,4,32,31,32,20240912,ok,,True,3.6762,0.15038,0.64608,0.79646,0.046279,0.044434,0.046912,0.040477,0.051317,10,5,262208,1.0,0,0,297.7,8.02
full,2026-09-30T03:43:50,N,N,256,core,while_loop:dense,while_loop,dense,default,cpu,0,256,4,32,31,32,20240912,ok,,True,3.5085,0.12636,0.19914,0.3255,0.032509,0.032395,0.03328,0.032222,0.034497,10,5,262208,1.0,0,0,272.3,6.53
full,2026-09-30T03:43:56,N,N,256,core,while_loop_xla:dense,while_loop_xla,dense,default,cpu,0,256,4,32,31,32,20240912,ok,,True,3.6805,0.13982,0.31827,0.45809,0.028964,0.027869,0.029873,0.027125,0.03061,10,5,262208,1.0,0,0,300.3,6.61
full,2026-09-30T03:44:03,N,N,256,core,unrolled:dense,unrolled,dense,default,cpu,0,256,4,32,31,32,20240912,ok,,True,3.741,0.84614,1.1635,2.0097,0.030389,0.029389,0.031319,0.028958,0.032152,10,5,262208,1.0,0,0,289.3,8.24
full,2026-09-30T03:44:11,N,N,256,core,compiled:lc2,compiled,lc2,default,cpu,0,256,4,32,31,32,20240912,ok,,True,3.2542,0.13688,0.17376,0.31064,0.046684,0.046496,0.048315,0.045859,0.052054,10,5,262208,1.0,0,0,276.8,7.13
full,2026-09-30T03:44:18,N,N,256,core,xla:lc2,xla,lc2,default,cpu,0,256,4,32,31,32,20240912,ok,,True,3.4199,0.10992,0.18213,0.29204,0.061406,0.059612,0.063922,0.057682,0.066239,10,2,262208,1.0,0,0,301.0,5.97
full,2026-09-30T03:44:24,N,N,256,core,compiled:lc3,compiled,lc3,default,cpu,0,256,4,32,31,32,20240912,ok,,True,3.6973,0.19658,0.16201,0.35859,0.03273,0.031757,0.033785,0.030271,0.034371,10,5,1088,0.004,0,0,268.8,6.71
full,2026-09-30T03:44:31,N,N,256,core,compiled:elem,compiled,elem,default,cpu,0,256,4,32,31,32,20240912,ok,,True,3.3314,0.13326,0.11537,0.24862,0.031739,0.031171,0.032437,0.029231,0.036828,10,5,1088,0.004,0,0,266.9,6.22
full,2026-09-30T03:44:37,N,N,256,core,xla:elem,xla,elem,default,cpu,0,256,4,32,31,32,20240912,ok,,True,3.257,0.11053,0.13326,0.24379,0.030361,0.029144,0.032829,0.028514,0.037404,10,5,1088,0.004,0,0,294.6,6.14
full,2026-09-30T03:44:43,N,N,256,core,while_loop_xla:elem,while_loop_xla,elem,default,cpu,0,256,4,32,31,32,20240912,ok,,True,3.2879,0.1789,0.30125,0.48015,0.016184,0.015601,0.017128,0.01498,0.017824,10,10,1088,0.004,0,0,297.8,6.43
full,2026-09-30T03:44:50,N,N,256,core,numpy,numpy,,single,cpu,0,256,4,32,31,32,20240912,ok,,True,3.2821,7.4e-06,0.0038739,0.0038813,0.0038594,0.0035203,0.0042609,0.0034801,0.0053191,10,50,,,1,1,240.7,6.35
full,2026-09-30T03:44:56,N,N,256,core,numpy_lut,numpy_lut,,single,cpu,0,256,4,32,31,32,20240912,ok,,True,4.2945,0.0001412,0.0043885,0.0045297,0.0033241,0.0031157,0.003535,0.0027326,0.0037778,10,50,,,1,1,240.8,6.94
full,2026-09-30T03:45:03,N,N,256,core,predict:lc1,predict,lc1,single,cpu,0,256,4,32,31,32,20240912,ok,,True,3.5524,0.69152,2.6761,3.3676,1.2902,1.2776,1.3078,1.1107,1.5371,10,1,1088,0.004,1,1,416.2,22.14
full,2026-09-30T03:45:25,N,N,256,core,eager:lc1,eager,lc1,single,cpu,0,256,4,32,31,32,20240912,ok,,True,3.4788,0.65903,3.4484,4.1074,3.5671,3.494,3.7807,3.4508,4.0051,10,1,1088,0.004,1,1,292.7,48.38
full,2026-09-30T03:46:14,N,N,256,core,compiled:lc1,compiled,lc1,single,cpu,0,256,4,32,31,32,20240912,ok,,True,3.2437,0.69613,1.3975,2.0936,0.057214,0.054691,0.060203,0.05203,0.062567,10,2,1088,0.004,1,1,288.1,7.45
full,2026-09-30T03:46:21,N,N,256,core,xla:lc1,xla,lc1,single,cpu,0,256,4,32,31,32,20240912,ok,,True,3.277,0.52212,1.397,1.9191,0.055838,0.052891,0.05764,0.047776,0.062866,10,2,1088,0.004,1,1,340.1,7.26
full,2026-09-30T03:46:28,N,N,256,core,while_loop:lc1,while_loop,lc1,single,cpu,0,256,4,32,31,32,20240912,ok,,True,3.4026,0.58145,1.2887,1.8702,0.050813,0.049971,0.056105,0.045554,0.060406,10,5,1088,0.004,1,1,292.6,8.97
full,2026-09-30T03:46:37,N,N,256,core,while_loop_xla:lc1,while_loop_xla,lc1,single,cpu,0,256,4,32,31,32,20240912,ok,,True,3.5138,0.58771,1.3887,1.9764,0.032446,0.029372,0.036017,0.028225,0.043517,10,5,1088,0.004,1,1,348.4,8.23
full,2026-09-30T03:46:46,N,N,256,core,unrolled:lc1,unrolled,lc1,single,cpu,0,256,4,32,31,32,20240912,ok,,True,3.4152,17.405,36.382,53.787,0.051547,0.050626,0.055101,0.049886,0.058249,10,2,1088,0.004,1,1,1173.6,60.14
full,2026-09-30T03:47:46,N,N,256,core,predict:dense,predict,dense,single,cpu,0,256,4,32,31,32,20240912,ok,,True,8.8009,0.14976,1.399,1.5487,1.3704,1.2191,1.4299,1.0974,1.5052,10,1,262208,1.0,1,1,399.5,25.98
full,2026-09-30T03:48:12,N,N,256,core,eager:dense,eager,dense,single,cpu,0,256,4,32,31,32,20240912,ok,,True,3.3293,0.12031,0.18047,0.30078,0.14299,0.14052,0.14942,0.13627,0.15699,10,1,262208,1.0,1,1,260.4,5.95
full,2026-09-30T03:48:18,N,N,256,core,compiled:dense,compiled,dense,single,cpu,0,256,4,32,31,32,20240912,ok,,True,3.5423,0.11383,0.13077,0.2446,0.046774,0.044724,0.049948,0.041223,0.054788,10,2,262208,1.0,1,1,264.3,5.7
full,2026-09-30T03:48:23,N,N,256,core,xla:dense,xla,dense,single,cpu,0,256,4,32,31,32,20240912,ok,,True,3.0828,0.1536,0.18827,0.34188,0.065017,0.061018,0.068823,0.056919,0.076091,10,2,262208,1.0,1,1,291.0,5.68
full,2026-09-30T03:48:29,N,N,256,core,while_loop:dense,while_loop,dense,single,cpu,0,256,4,32,31,32,20240912,ok,,True,3.5234,0.13952,0.21686,0.35638,0.027997,0.02727,0.029574,0.026808,0.032019,10,5,262208,1.0,1,1,267.0,6.27
full,2026-09-30T03:48:35,N,N,256,core,while_loop_xla:dense,while_loop_xla,dense,single,cpu,0,256,4,32,31,32,20240912,ok,,True,3.3891,0.14985,0.27715,0.42699,0.039686,0.037709,0.046062,0.034816,0.05072,10,5,262208,1.0,1,1,292.9,6.96
full,2026-09-30T03:48:42,N,N,256,core,unrolled:dense,unrolled,dense,single,cpu,0,256,4,32,31,32,20240912,ok,,True,3.1512,0.98737,1.1021,2.0894,0.030902,0.029753,0.033643,0.02822,0.034524,10,5,262208,1.0,1,1,284.6,7.79
full,2026-09-30T03:48:50,N,N,256,core,compiled:lc2,compiled,lc2,single,cpu,0,256,4,32,31,32,20240912,ok,,True,3.2992,0.11828,0.15841,0.27669,0.078134,0.073219,0.080617,0.056513,0.099597,10,2,262208,1.0,1,1,270.1,6.12
full,2026-09-30T03:48:56,N,N,256,core,xla:lc2,xla,lc2,single,cpu,0,256,4,32,31,32,20240912,ok,,True,3.2792,0.18226,0.27788,0.46014,0.068876,0.061235,0.07946,0.056208,0.088187,10,2,262208,1.0,1,1,294.7,6.19
full,2026-09-30T03:49:02,N,N,256,core,compiled:lc3,compiled,lc3,single,cpu,0,256,4,32,31,32,20240912,ok,,True,3.2777,0.15284,0.11994,0.27277,0.035504,0.034197,0.036474,0.032983,0.039252,10,5,1088,0.004,1,1,263.6,6.28
full,2026-09-30T03:49:09,N,N,256,core,compiled:elem,compiled,elem,single,cpu,0,256,4,32,31,32,20240912,ok,,True,3.58,0.1225,0.10069,0.22319,0.039985,0.037501,0.041995,0.035738,0.050972,10,5,1088,0.004,1,1,262.2,6.94
full,2026-09-30T03:49:16,N,N,256,core,xla:elem,xla,elem,single,cpu,0,256,4,32,31,32,20240912,ok,,True,3.2236,0.16753,0.18209,0.34962,0.047618,0.0439,0.049896,0.039565,0.053763,10,5,1088,0.004,1,1,288.7,7.08
full,2026-09-30T03:49:23,N,N,256,core,while_loop_xla:elem,while_loop_xla,elem,single,cpu,0,256,4,32,31,32,20240912,ok,,True,3.2497,0.10536,0.21449,0.31986,0.033256,0.031969,0.03429,0.027734,0.043756,10,5,1088,0.004,1,1,292.2,6.26
full,2026-09-30T03:49:29,N,N,512,extended,cellpylib,cellpylib,,default,cpu,,512,4,32,31,32,20240912,skipped_predicted,predicted warm 10.4 s x 10 > 60.0 s,,,,,,,,,,,,,,,,,,
full,2026-09-30T03:49:29,N,N,512,extended,numpy,numpy,,default,cpu,0,512,4,32,31,32,20240912,ok,,True,3.3786,1.05e-05,0.0061928,0.0062033,0.0069388,0.0065041,0.0076525,0.0061947,0.0082782,10,20,,,0,0,243.8,5.79
full,2026-09-30T03:49:35,N,N,512,extended,numpy_lut,numpy_lut,,default,cpu,0,512,4,32,31,32,20240912,ok,,True,3.2776,0.0001507,0.00717,0.0073207,0.0062481,0.0059209,0.0065933,0.0055164,0.0072152,10,50,,,0,0,242.6,7.62
full,2026-09-30T03:49:42,N,N,512,extended,predict:lc1,predict,lc1,default,cpu,0,512,4,32,31,32,20240912,ok,,True,3.5092,1.1623,3.9847,5.147,1.28,1.2227,1.3533,1.1404,1.5557,10,1,2112,0.008,0,0,450.1,24.21
full,2026-09-30T03:50:06,N,N,512,extended,eager:lc1,eager,lc1,default,cpu,,512,4,32,31,32,20240912,skipped_predicted,predicted warm 7.08 s x 10 > 60.0 s,,,,,,,,,,,,,,0.008,,,,
full,2026-09-30T03:50:06,N,N,512,extended,compiled:lc1,compiled,lc1,default,cpu,0,512,4,32,31,32,20240912,ok,,True,3.3436,1.3774,2.2686,3.6459,0.10038,0.088132,0.10336,0.074474,0.10911,10,2,2112,0.008,0,0,339.9,9.93
full,2026-09-30T03:50:16,N,N,512,extended,xla:lc1,xla,lc1,default,cpu,0,512,4,32,31,32,20240912,ok,,True,3.2745,1.4046,2.5256,3.9302,0.066527,0.06536,0.071759,0.063649,0.074269,10,2,2112,0.008,0,0,412.5,9.62
full,2026-09-30T03:50:26,N,N,512,extended,while_loop:lc1,while_loop,lc1,default,cpu,0,512,4,32,31,32,20240912,ok,,True,3.2249,1.277,2.5107,3.7878,0.050834,0.049929,0.053392,0.048857,0.058967,10,2,2112,0.008,0,0,347.2,9.11
full,2026-09-30T03:50:35,N,N,512,extended,while_loop_xla:lc1,while_loop_xla,lc1,default,cpu,0,512,4,32,31,32,20240912,ok,,True,3.187,1.2602,3.1226,4.3828,0.034115,0.033321,0.03525,0.032982,0.037216,10,5,2112,0.008,0,0,417.8,10.38
full,2026-09-30T03:50:46,N,N,512,extended,unrolled:lc1,unrolled,lc1,default,cpu,0,512,4,32,31,32,20240912,ok,,True,3.2709,33.169,76.946,110.11,0.054669,0.053594,0.056133,0.049968,0.062602,10,2,2112,0.008,0,0,1944.6,117.85
full,2026-09-30T03:52:43,N,N,512,extended,predict:dense,predict,dense,default,cpu,0,512,4,32,31,32,20240912,ok,,True,4.283,0.12145,1.4192,1.5406,1.403,1.3207,1.4829,1.1669,1.7105,10,1,1048640,4.0,0,0,414.1,22.13
full,2026-09-30T03:53:06,N,N,512,extended,eager:dense,eager,dense,default,cpu,0,512,4,32,31,32,20240912,ok,,True,3.1471,0.14494,0.26391,0.40885,0.22705,0.2213,0.23675,0.215,0.25406,10,1,1048640,4.0,0,0,275.5,6.75
full,2026-09-30T03:53:12,N,N,512,extended,compiled:dense,compiled,dense,default,cpu,0,512,4,32,31,32,20240912,ok,,True,3.469,0.12286,0.15958,0.28243,0.072723,0.070683,0.077149,0.069407,0.079272,10,2,1048640,4.0,0,0,281.0,6.22
full,2026-09-30T03:53:18,N,N,512,extended,xla:dense,xla,dense,default,cpu,0,512,4,32,31,32,20240912,ok,,True,3.3786,0.12655,0.61505,0.7416,0.0994,0.095576,0.1024,0.092055,0.11083,10,2,1048640,4.0,0,0,305.7,7.22
full,2026-09-30T03:53:26,N,N,512,extended,while_loop:dense,while_loop,dense,default,cpu,0,512,4,32,31,32,20240912,ok,,True,3.2763,0.1507,0.24881,0.39951,0.058693,0.057127,0.060278,0.056458,0.063573,10,2,1048640,4.0,0,0,282.9,5.75
full,2026-09-30T03:53:31,N,N,512,extended,while_loop_xla:dense,while_loop_xla,dense,default,cpu,0,512,4,32,31,32,20240912,ok,,True,3.6063,0.11371,0.28094,0.39466,0.058463,0.056817,0.060081,0.054793,0.063692,10,2,1048640,4.0,0,0,309.8,6.21
full,2026-09-30T03:53:38,N,N,512,extended,unrolled:dense,unrolled,dense,default,cpu,0,512,4,32,31,32,20240912,ok,,True,3.1395,0.96089,1.4863,2.4472,0.060449,0.059792,0.062039,0.058383,0.064998,10,2,1048640,4.0,0,0,299.8,7.8
full,2026-09-30T03:53:45,N,N,512,extended,compiled:lc2,compiled,lc2,default,cpu,0,512,4,32,31,32,20240912,ok,,True,3.3325,0.13832,0.20317,0.34148,0.090351,0.087765,0.094997,0.082992,0.1051,10,2,1048640,4.0,0,0,294.4,6.55
full,2026-09-30T03:53:52,N,N,512,extended,xla:lc2,xla,lc2,default,cpu,0,512,4,32,31,32,20240912,ok,,True,3.4847,0.12611,0.27003,0.39613,0.12239,0.12037,0.12621,0.11582,0.1441,10,1,1048640,4.0,0,0,318.3,6.05
full,2026-09-30T03:53:58,N,N,512,extended,compiled:lc3,compiled,lc3,default,cpu,0,512,4,32,31,32,20240912,ok,,True,3.2083,0.1787,0.1728,0.35149,0.045382,0.043803,0.047232,0.042696,0.050619,10,5,2112,0.008,0,0,277.2,6.96
full,2026-09-30T03:54:05,N,N,512,extended,compiled:elem,compiled,elem,default,cpu,0,512,4,32,31,32,20240912,ok,,True,3.2738,0.11209,0.10817,0.22025,0.040299,0.037172,0.042144,0.036329,0.042916,10,5,2112,0.008,0,0,276.0,6.6
full,2026-09-30T03:54:12,N,N,512,extended,xla:elem,xla,elem,default,cpu,0,512,4,32,31,32,20240912,ok,,True,3.4705,0.15427,0.18697,0.34124,0.047102,0.045391,0.05036,0.043744,0.053435,10,5,2112,0.008,0,0,302.3,7.36
full,2026-09-30T03:54:19,N,N,512,extended,while_loop_xla:elem,while_loop_xla,elem,default,cpu,0,512,4,32,31,32,20240912,ok,,True,3.3073,0.14385,0.29883,0.44268,0.023494,0.02291,0.023988,0.02262,0.025311,10,5,2112,0.008,0,0,305.7,5.9
full,2026-09-30T03:54:25,N,N,512,extended,numpy,numpy,,single,cpu,0,512,4,32,31,32,20240912,ok,,True,3.4927,1.02e-05,0.0061837,0.0061939,0.0069849,0.0059866,0.0072288,0.005441,0.007319,10,20,,,1,1,243.1,5.81
full,2026-09-30T03:54:31,N,N,512,extended,numpy_lut,numpy_lut,,single,cpu,0,512,4,32,31,32,20240912,ok,,True,3.4234,0.000119,0.010399,0.010518,0.0056398,0.0054941,0.0058747,0.0049594,0.0061186,10,20,,,1,1,241.6,5.52
full,2026-09-30T03:54:36,N,N,512,extended,predict:lc1,predict,lc1,single,cpu,0,512,4,32,31,32,20240912,ok,,True,3.3062,1.2146,3.9766,5.1912,1.3532,1.2716,1.5675,1.1788,1.8195,10,1,2112,0.008,1,1,445.3,24.84
full,2026-09-30T03:55:01,N,N,512,extended,eager:lc1,eager,lc1,single,cpu,,512,4,32,31,32,20240912,skipped_predicted,predicted warm 7.13 s x 10 > 60.0 s,,,,,,,,,,,,,,0.008,,,,
full,2026-09-30T03:55:01,N,N,512,extended,compiled:lc1,compiled,lc1,single,cpu,0,512,4,32,31,32,20240912,ok,,True,3.7257,1.1198,2.5496,3.6694,0.10205,0.093111,0.13118,0.089493,0.17271,10,1,2112,0.008,1,1,333.5,9.46
full,2026-09-30T03:55:11,N,N,512,extended,xla:lc1,xla,lc1,single,cpu,0,512,4,32,31,32,20240912,ok,,True,3.5115,1.1623,2.78,3.9423,0.081631,0.080218,0.089539,0.077939,0.10211,10,1,2112,0.008,1,1,404.4,9.14
full,2026-09-30T03:55:20,N,N,512,extended,while_loop:lc1,while_loop,lc1,single,cpu,0,512,4,32,31,32,20240912,ok,,True,3.4516,1.1494,2.8505,4.0,0.09834,0.091612,0.10405,0.087137,0.1097,10,1,2112,0.008,1,1,342.8,9.26
full,2026-09-30T03:55:29,N,N,512,extended,while_loop_xla:lc1,while_loop_xla,lc1,single,cpu,0,512,4,32,31,32,20240912,ok,,True,3.3227,1.1841,3.266,4.4501,0.06436,0.060305,0.066777,0.058945,0.069279,10,2,2112,0.008,1,1,410.4,10.12
full,2026-09-30T03:55:39,N,N,512,extended,unrolled:lc1,unrolled,lc1,single,cpu,0,512,4,32,31,32,20240912,ok,,True,3.329,31.41,75.798,107.21,0.10047,0.097341,0.10517,0.095838,0.11485,10,1,2112,0.008,1,1,2057.4,114.23
full,2026-09-30T03:57:33,N,N,512,extended,predict:dense,predict,dense,single,cpu,0,512,4,32,31,32,20240912,ok,,True,4.3242,0.18236,1.5898,1.7722,1.3448,1.3155,1.3869,1.1603,1.5222,10,1,1048640,4.0,1,1,409.6,21.49
full,2026-09-30T03:57:55,N,N,512,extended,eager:dense,eager,dense,single,cpu,0,512,4,32,31,32,20240912,ok,,True,3.5646,0.14478,0.22188,0.36666,0.20572,0.19274,0.21287,0.19073,0.21708,10,1,1048640,4.0,1,1,269.4,6.89
full,2026-09-30T03:58:02,N,N,512,extended,compiled:dense,compiled,dense,single,cpu,0,512,4,32,31,32,20240912,ok,,True,3.3578,0.19249,0.24254,0.43503,0.11453,0.1101,0.12011,0.10614,0.14294,10,1,1048640,4.0,1,1,272.1,5.86
full,2026-09-30T03:58:07,N,N,512,extended,xla:dense,xla,dense,single,cpu,0,512,4,32,31,32,20240912,ok,,True,3.1699,0.18223,0.69423,0.87646,0.1058,0.1031,0.10739,0.099838,0.12204,10,1,1048640,4.0,1,1,297.6,5.94
full,2026-09-30T03:58:13,N,N,512,extended,while_loop:dense,while_loop,dense,single,cpu,0,512,4,32,31,32,20240912,ok,,True,3.5227,0.17001,0.26387,0.43387,0.069727,0.068721,0.074818,0.067245,0.076493,10,2,1048640,4.0,1,1,276.3,6.44
full,2026-09-30T03:58:20,N,N,512,extended,while_loop_xla:dense,while_loop_xla,dense,single,cpu,0,512,4,32,31,32,20240912,ok,,True,3.2127,0.16649,0.3003,0.46679,0.10846,0.10085,0.11695,0.096143,0.12529,10,2,1048640,4.0,1,1,303.4,6.94
full,2026-09-30T03:58:27,N,N,512,extended,unrolled:dense,unrolled,dense,single,cpu,0,512,4,32,31,32,20240912,ok,,True,3.3459,0.90573,0.99558,1.9013,0.083176,0.08009,0.084367,0.066846,0.10271,10,2,1048640,4.0,1,1,293.3,7.98
full,2026-09-30T03:58:35,N,N,512,extended,compiled:lc2,compiled,lc2,single,cpu,0,512,4,32,31,32,20240912,ok,,True,3.4669,0.19728,0.38907,0.58635,0.16708,0.16524,0.19704,0.16168,0.22848,10,1,1048640,4.0,1,1,283.5,6.85
full,2026-09-30T03:58:42,N,N,512,extended,xla:lc2,xla,lc2,single,cpu,0,512,4,32,31,32,20240912,ok,,True,3.3901,0.19008,0.35936,0.54944,0.16543,0.15917,0.18696,0.1482,0.21064,10,1,1048640,4.0,1,1,311.0,6.52
full,2026-09-30T03:58:48,N,N,512,extended,compiled:lc3,compiled,lc3,single,cpu,0,512,4,32,31,32,20240912,ok,,True,3.1981,0.15979,0.14268,0.30247,0.070883,0.065115,0.072091,0.06248,0.075179,10,2,2112,0.008,1,1,271.3,5.9
full,2026-09-30T03:58:54,N,N,512,extended,compiled:elem,compiled,elem,single,cpu,0,512,4,32,31,32,20240912,ok,,True,3.4968,0.14158,0.16439,0.30597,0.060527,0.057676,0.063171,0.053185,0.070068,10,2,2112,0.008,1,1,269.1,5.97
full,2026-09-30T03:59:00,N,N,512,extended,xla:elem,xla,elem,single,cpu,0,512,4,32,31,32,20240912,ok,,True,3.3057,0.11517,0.18865,0.30382,0.09129,0.075718,0.09569,0.071192,0.099571,10,2,2112,0.008,1,1,295.3,6.4
full,2026-09-30T03:59:06,N,N,512,extended,while_loop_xla:elem,while_loop_xla,elem,single,cpu,0,512,4,32,31,32,20240912,ok,,True,3.3695,0.11231,0.25168,0.364,0.059963,0.058161,0.060372,0.056233,0.06649,10,2,2112,0.008,1,1,299.4,5.94
full,2026-09-30T03:59:12,N,N,1024,extended,cellpylib,cellpylib,,default,cpu,,1024,4,32,31,32,20240912,skipped_predicted,predicted warm 20.8 s x 10 > 60.0 s,,,,,,,,,,,,,,,,,,
full,2026-09-30T03:59:12,N,N,1024,extended,numpy,numpy,,default,cpu,0,1024,4,32,31,32,20240912,ok,,True,3.2131,1.14e-05,0.011628,0.011639,0.012004,0.011197,0.012782,0.010901,0.014522,10,10,,,0,0,245.7,5.37
full,2026-09-30T03:59:18,N,N,1024,extended,numpy_lut,numpy_lut,,default,cpu,0,1024,4,32,31,32,20240912,ok,,True,3.2273,0.0001308,0.014961,0.015092,0.0084501,0.008046,0.0087946,0.0079127,0.010266,10,10,,,0,0,246.0,5.0
full,2026-09-30T03:59:23,N,N,1024,extended,predict:lc1,predict,lc1,default,cpu,0,1024,4,32,31,32,20240912,ok,,True,3.3904,2.5753,6.5071,9.0824,1.3348,1.2674,1.3991,1.2044,1.5061,10,1,4160,0.016,0,0,505.4,28.18
full,2026-09-30T03:59:51,N,N,1024,extended,eager:lc1,eager,lc1,default,cpu,,1024,4,32,31,32,20240912,skipped_predicted,predicted warm 14.2 s x 10 > 60.0 s,,,,,,,,,,,,,,0.016,,,,
full,2026-09-30T03:59:51,N,N,1024,extended,compiled:lc1,compiled,lc1,default,cpu,0,1024,4,32,31,32,20240912,ok,,True,3.0211,2.0613,5.1234,7.1847,0.1308,0.10471,0.13256,0.091983,0.14956,10,1,4160,0.016,0,0,419.0,12.3
full,2026-09-30T04:00:03,N,N,1024,extended,xla:lc1,xla,lc1,default,cpu,0,1024,4,32,31,32,20240912,ok,,True,3.186,2.4696,5.6891,8.1587,0.10956,0.1059,0.11521,0.10257,0.12287,10,2,4160,0.016,0,0,519.1,14.76
full,2026-09-30T04:00:18,N,N,1024,extended,while_loop:lc1,while_loop,lc1,default,cpu,0,1024,4,32,31,32,20240912,ok,,True,3.115,1.9377,5.7364,7.6741,0.08579,0.085009,0.092496,0.083331,0.10149,10,2,4160,0.016,0,0,434.5,13.78
full,2026-09-30T04:00:32,N,N,1024,extended,while_loop_xla:lc1,while_loop_xla,lc1,default,cpu,0,1024,4,32,31,32,20240912,ok,,True,3.3877,2.2711,5.8349,8.106,0.073728,0.07078,0.078528,0.070017,0.081523,10,2,4160,0.016,0,0,540.8,14.09
full,2026-09-30T04:00:46,N,N,1024,extended,unrolled:lc1,unrolled,lc1,default,cpu,,1024,4,32,31,32,20240912,skipped_predicted,predicted cold 220 s > 120.0 s,,,,,,,,,,,,,,0.016,,,,
full,2026-09-30T04:00:46,N,N,1024,extended,predict:dense,predict,dense,default,cpu,0,1024,4,32,31,32,20240912,ok,,True,3.3622,0.141,1.4159,1.5569,1.312,1.2543,1.3323,1.2195,1.4592,10,1,4194368,16.0,0,0,440.2,20.09
full,2026-09-30T04:01:06,N,N,1024,extended,eager:dense,eager,dense,default,cpu,0,1024,4,32,31,32,20240912,ok,,True,3.331,0.13899,0.30993,0.44891,0.31724,0.29163,0.32831,0.28676,0.36167,10,1,4194368,16.0,0,0,300.8,7.98
full,2026-09-30T04:01:14,N,N,1024,extended,compiled:dense,compiled,dense,default,cpu,0,1024,4,32,31,32,20240912,ok,,True,3.2646,0.14723,0.26305,0.41028,0.16271,0.15972,0.16668,0.15502,0.16958,10,1,4194368,16.0,0,0,301.8,6.28
full,2026-09-30T04:01:20,N,N,1024,extended,xla:dense,xla,dense,default,cpu,0,1024,4,32,31,32,20240912,ok,,True,3.2205,0.1695,0.31299,0.48249,0.17844,0.17267,0.18309,0.16236,0.19213,10,1,4194368,16.0,0,0,327.2,6.42
full,2026-09-30T04:01:27,N,N,1024,extended,while_loop:dense,while_loop,dense,default,cpu,0,1024,4,32,31,32,20240912,ok,,True,3.5497,0.1504,0.27697,0.42738,0.1285,0.12784,0.13417,0.12411,0.14516,10,1,4194368,16.0,0,0,302.0,6.17
full,2026-09-30T04:01:33,N,N,1024,extended,while_loop_xla:dense,while_loop_xla,dense,default,cpu,0,1024,4,32,31,32,20240912,ok,,True,3.23,0.15384,0.36132,0.51516,0.15036,0.14691,0.15178,0.1451,0.15943,10,1,4194368,16.0,0,0,327.8,6.2
full,2026-09-30T04:01:39,N,N,1024,extended,unrolled:dense,unrolled,dense,default,cpu,0,1024,4,32,31,32,20240912,ok,,True,3.264,0.91927,1.3134,2.2326,0.12645,0.12522,0.13071,0.1218,0.14066,10,1,4194368,16.0,0,0,319.1,7.7
full,2026-09-30T04:01:47,N,N,1024,extended,compiled:lc2,compiled,lc2,default,cpu,0,1024,4,32,31,32,20240912,ok,,True,3.4754,0.17123,0.43794,0.60917,0.21913,0.21698,0.2233,0.2111,0.24044,10,1,4194368,16.0,0,0,353.9,7.24
full,2026-09-30T04:01:54,N,N,1024,extended,xla:lc2,xla,lc2,default,cpu,0,1024,4,32,31,32,20240912,ok,,True,3.4705,0.20253,0.51538,0.71791,0.2887,0.27911,0.30182,0.26879,0.35258,10,1,4194368,16.0,0,0,385.2,8.22
full,2026-09-30T04:02:02,N,N,1024,extended,compiled:lc3,compiled,lc3,default,cpu,0,1024,4,32,31,32,20240912,ok,,True,3.4528,0.30339,0.21757,0.52096,0.07229,0.070551,0.073073,0.06828,0.074589,10,2,4160,0.016,0,0,289.8,6.45
full,2026-09-30T04:02:09,N,N,1024,extended,compiled:elem,compiled,elem,default,cpu,0,1024,4,32,31,32,20240912,ok,,True,3.5935,0.1241,0.12731,0.25141,0.055446,0.05425,0.058183,0.053103,0.061131,10,2,4160,0.016,0,0,287.8,5.98
full,2026-09-30T04:02:15,N,N,1024,extended,xla:elem,xla,elem,default,cpu,0,1024,4,32,31,32,20240912,ok,,True,3.3274,0.11804,0.19745,0.31549,0.108,0.10014,0.11344,0.093062,0.12263,10,2,4160,0.016,0,0,315.9,7.07
full,2026-09-30T04:02:22,N,N,1024,extended,while_loop_xla:elem,while_loop_xla,elem,default,cpu,0,1024,4,32,31,32,20240912,ok,,True,3.3003,0.15642,0.27544,0.43186,0.054822,0.053424,0.056678,0.043487,0.058558,10,2,4160,0.016,0,0,314.6,5.89
full,2026-09-30T04:02:28,N,N,1024,extended,numpy,numpy,,single,cpu,0,1024,4,32,31,32,20240912,ok,,True,3.5725,8.4e-06,0.010113,0.010122,0.010621,0.010018,0.011177,0.0098166,0.013172,10,20,,,1,1,244.8,6.88
full,2026-09-30T04:02:34,N,N,1024,extended,numpy_lut,numpy_lut,,single,cpu,0,1024,4,32,31,32,20240912,ok,,True,3.3225,9.94e-05,0.013027,0.013127,0.011579,0.010496,0.012781,0.0090936,0.01462,10,10,,,1,1,244.6,5.54
full,2026-09-30T04:02:40,N,N,1024,extended,predict:lc1,predict,lc1,single,cpu,0,1024,4,32,31,32,20240912,ok,,True,3.1386,2.1107,7.0079,9.1185,1.5151,1.4141,1.61,1.3131,2.0734,10,1,4160,0.016,1,1,494.7,30.27
full,2026-09-30T04:03:10,N,N,1024,extended,eager:lc1,eager,lc1,single,cpu,,1024,4,32,31,32,20240912,skipped_predicted,predicted warm 14.3 s x 10 > 60.0 s,,,,,,,,,,,,,,0.016,,,,
full,2026-09-30T04:03:10,N,N,1024,extended,compiled:lc1,compiled,lc1,single,cpu,0,1024,4,32,31,32,20240912,ok,,True,3.5915,1.8642,6.8393,8.7035,0.20033,0.18181,0.21059,0.18,0.2394,10,1,4160,0.016,1,1,414.1,15.48
full,2026-09-30T04:03:26,N,N,1024,extended,xla:lc1,xla,lc1,single,cpu,0,1024,4,32,31,32,20240912,ok,,True,3.446,2.3662,5.707,8.0731,0.19799,0.19089,0.21123,0.18393,0.24103,10,1,4160,0.016,1,1,515.1,14.6
full,2026-09-30T04:03:40,N,N,1024,extended,while_loop:lc1,while_loop,lc1,single,cpu,0,1024,4,32,31,32,20240912,ok,,True,3.3474,2.2358,6.2726,8.5084,0.23296,0.20678,0.25689,0.17793,0.28269,10,1,4160,0.016,1,1,428.6,15.25
full,2026-09-30T04:03:56,N,N,1024,extended,while_loop_xla:lc1,while_loop_xla,lc1,single,cpu,0,1024,4,32,31,32,20240912,ok,,True,3.3831,2.1788,6.5602,8.7391,0.17013,0.16501,0.18401,0.14294,0.20245,10,1,4160,0.016,1,1,533.6,14.82
full,2026-09-30T04:04:10,N,N,1024,extended,unrolled:lc1,unrolled,lc1,single,cpu,,1024,4,32,31,32,20240912,skipped_predicted,predicted cold 214 s > 120.0 s,,,,,,,,,,,,,,0.016,,,,
full,2026-09-30T04:04:10,N,N,1024,extended,predict:dense,predict,dense,single,cpu,0,1024,4,32,31,32,20240912,ok,,True,3.4999,0.30369,1.5302,1.8339,1.5766,1.4666,1.5903,1.3988,1.7643,10,1,4194368,16.0,1,1,435.8,23.32
full,2026-09-30T04:04:34,N,N,1024,extended,eager:dense,eager,dense,single,cpu,0,1024,4,32,31,32,20240912,ok,,True,3.3414,0.33383,0.39636,0.7302,0.42978,0.41079,0.46686,0.3758,0.50977,10,1,4194368,16.0,1,1,296.6,9.56
full,2026-09-30T04:04:43,N,N,1024,extended,compiled:dense,compiled,dense,single,cpu,0,1024,4,32,31,32,20240912,ok,,True,3.2549,0.33764,0.3362,0.67384,0.25195,0.23991,0.27914,0.22272,0.31653,10,1,4194368,16.0,1,1,296.7,7.51
full,2026-09-30T04:04:51,N,N,1024,extended,xla:dense,xla,dense,single,cpu,0,1024,4,32,31,32,20240912,ok,,True,3.1767,0.32411,0.47475,0.79886,0.32189,0.29487,0.37991,0.25864,0.53254,10,1,4194368,16.0,1,1,319.2,8.62
full,2026-09-30T04:04:59,N,N,1024,extended,while_loop:dense,while_loop,dense,single,cpu,0,1024,4,32,31,32,20240912,ok,,True,3.5105,0.35058,0.55706,0.90764,0.22612,0.22461,0.2362,0.20976,0.2684,10,1,4194368,16.0,1,1,296.4,7.74
full,2026-09-30T04:05:07,N,N,1024,extended,while_loop_xla:dense,while_loop_xla,dense,single,cpu,0,1024,4,32,31,32,20240912,ok,,True,3.5002,0.34924,0.5024,0.85165,0.26236,0.2538,0.29384,0.22142,0.31796,10,1,4194368,16.0,1,1,320.0,7.99
full,2026-09-30T04:05:15,N,N,1024,extended,unrolled:dense,unrolled,dense,single,cpu,0,1024,4,32,31,32,20240912,ok,,True,3.2296,1.224,1.4234,2.6474,0.24568,0.23962,0.27332,0.23254,0.29089,10,1,4194368,16.0,1,1,315.0,9.42
full,2026-09-30T04:05:25,N,N,1024,extended,compiled:lc2,compiled,lc2,single,cpu,0,1024,4,32,31,32,20240912,ok,,True,3.1642,0.4036,0.98708,1.3907,0.6231,0.58638,0.68966,0.56849,0.784,10,1,4194368,16.0,1,1,344.3,12.35
full,2026-09-30T04:05:37,N,N,1024,extended,xla:lc2,xla,lc2,single,cpu,0,1024,4,32,31,32,20240912,ok,,True,3.6335,0.39296,0.86005,1.253,0.43725,0.40466,0.44697,0.38172,0.52914,10,1,4194368,16.0,1,1,375.6,10.51
full,2026-09-30T04:05:47,N,N,1024,extended,compiled:lc3,compiled,lc3,single,cpu,0,1024,4,32,31,32,20240912,ok,,True,3.362,0.27251,0.28782,0.56033,0.14362,0.12513,0.15348,0.11299,0.16065,10,1,4160,0.016,1,1,280.6,6.16
full,2026-09-30T04:05:54,N,N,1024,extended,compiled:elem,compiled,elem,single,cpu,0,1024,4,32,31,32,20240912,ok,,True,3.3472,0.15353,0.19456,0.34808,0.10889,0.10484,0.11195,0.10142,0.12334,10,1,4160,0.016,1,1,277.6,5.57
full,2026-09-30T04:05:59,N,N,1024,extended,xla:elem,xla,elem,single,cpu,0,1024,4,32,31,32,20240912,ok,,True,3.4479,0.1083,0.25337,0.36167,0.15127,0.14487,0.16405,0.13604,0.18061,10,1,4160,0.016,1,1,303.4,6.24
full,2026-09-30T04:06:05,N,N,1024,extended,while_loop_xla:elem,while_loop_xla,elem,single,cpu,0,1024,4,32,31,32,20240912,ok,,True,3.3784,0.10886,0.3311,0.43995,0.14252,0.13158,0.14902,0.12758,0.15322,10,1,4160,0.016,1,1,303.2,6.24
full,2026-09-30T04:06:12,N,N,2048,extended,cellpylib,cellpylib,,default,cpu,,2048,4,32,31,32,20240912,skipped_predicted,predicted warm 41.6 s x 10 > 60.0 s,,,,,,,,,,,,,,,,,,
full,2026-09-30T04:06:12,N,N,2048,extended,numpy,numpy,,default,cpu,0,2048,4,32,31,32,20240912,ok,,True,3.4774,1.39e-05,0.019124,0.019138,0.018721,0.018431,0.021067,0.017619,0.028614,10,10,,,0,0,254.2,6.65
full,2026-09-30T04:06:18,N,N,2048,extended,numpy_lut,numpy_lut,,default,cpu,0,2048,4,32,31,32,20240912,ok,,True,3.526,0.0001433,0.015577,0.01572,0.017322,0.01686,0.017654,0.015381,0.01967,10,10,,,0,0,252.1,6.29
full,2026-09-30T04:06:25,N,N,2048,extended,predict:lc1,predict,lc1,default,cpu,0,2048,4,32,31,32,20240912,ok,,True,3.2147,4.3399,15.088,19.428,1.5179,1.4318,1.625,1.303,1.8153,10,1,8256,0.031,0,0,605.7,40.48
full,2026-09-30T04:07:05,N,N,2048,extended,eager:lc1,eager,lc1,default,cpu,,2048,4,32,31,32,20240912,skipped_predicted,predicted warm 28.3 s x 10 > 60.0 s,,,,,,,,,,,,,,0.031,,,,
full,2026-09-30T04:07:05,N,N,2048,extended,compiled:lc1,compiled,lc1,default,cpu,0,2048,4,32,31,32,20240912,ok,,True,3.2877,4.3275,13.911,18.239,0.2185,0.21131,0.22801,0.19594,0.24444,10,1,8256,0.031,0,0,522.2,24.89
full,2026-09-30T04:07:30,N,N,2048,extended,xla:lc1,xla,lc1,default,cpu,0,2048,4,32,31,32,20240912,ok,,True,3.4635,3.9665,15.251,19.217,0.20351,0.19245,0.22184,0.18558,0.26151,10,1,8256,0.031,0,0,701.5,26.06
full,2026-09-30T04:07:56,N,N,2048,extended,while_loop:lc1,while_loop,lc1,default,cpu,0,2048,4,32,31,32,20240912,ok,,True,3.3239,4.3378,14.612,18.95,0.17866,0.17619,0.18333,0.1721,0.18611,10,1,8256,0.031,0,0,549.7,25.15
full,2026-09-30T04:08:21,N,N,2048,extended,while_loop_xla:lc1,while_loop_xla,lc1,default,cpu,0,2048,4,32,31,32,20240912,ok,,True,3.5211,3.9992,15.973,19.972,0.13068,0.12628,0.14206,0.12173,0.1445,10,1,8256,0.031,0,0,765.6,25.84
full,2026-09-30T04:08:47,N,N,2048,extended,unrolled:lc1,unrolled,lc1,default,cpu,,2048,4,32,31,32,20240912,skipped_predicted,predicted cold 440 s > 120.0 s,,,,,,,,,,,,,,0.031,,,,
full,2026-09-30T04:08:47,N,N,2048,extended,predict:dense,predict,dense,default,cpu,0,2048,4,32,31,32,20240912,ok,,True,3.4781,0.26794,1.8113,2.0792,1.5564,1.5288,1.654,1.4753,1.6894,10,1,16777280,64.0,0,0,516.2,23.85
full,2026-09-30T04:09:11,N,N,2048,extended,eager:dense,eager,dense,default,cpu,0,2048,4,32,31,32,20240912,ok,,True,3.4783,0.35262,0.58725,0.93987,0.5833,0.57452,0.59786,0.53342,0.62401,10,1,16777280,64.0,0,0,446.3,11.65
full,2026-09-30T04:09:23,N,N,2048,extended,compiled:dense,compiled,dense,default,cpu,0,2048,4,32,31,32,20240912,ok,,True,3.481,0.32287,0.45485,0.77772,0.364,0.34381,0.37427,0.33173,0.38154,10,1,16777280,64.0,0,0,446.3,9.03
full,2026-09-30T04:09:32,N,N,2048,extended,xla:dense,xla,dense,default,cpu,0,2048,4,32,31,32,20240912,ok,,True,3.3621,0.27089,0.53767,0.80856,0.38621,0.37788,0.39449,0.3655,0.39952,10,1,16777280,64.0,0,0,445.9,9.22
full,2026-09-30T04:09:41,N,N,2048,extended,while_loop:dense,while_loop,dense,default,cpu,0,2048,4,32,31,32,20240912,ok,,True,3.5295,0.30836,0.54821,0.85657,0.33867,0.33686,0.34583,0.32422,0.37229,10,1,16777280,64.0,0,0,445.9,8.94
full,2026-09-30T04:09:50,N,N,2048,extended,while_loop_xla:dense,while_loop_xla,dense,default,cpu,0,2048,4,32,31,32,20240912,ok,,True,3.3289,0.33638,0.68804,1.0244,0.34086,0.32942,0.35072,0.31545,0.36858,10,1,16777280,64.0,0,0,445.8,8.9
full,2026-09-30T04:09:59,N,N,2048,extended,unrolled:dense,unrolled,dense,default,cpu,0,2048,4,32,31,32,20240912,ok,,True,3.2835,1.1221,1.6032,2.7253,0.34763,0.33831,0.3523,0.31265,0.35942,10,1,16777280,64.0,0,0,446.7,10.56
full,2026-09-30T04:10:09,N,N,2048,extended,compiled:lc2,compiled,lc2,default,cpu,0,2048,4,32,31,32,20240912,ok,,True,3.3769,0.39373,1.5517,1.9454,0.8074,0.76014,0.83364,0.73518,0.85849,10,1,16777280,64.0,0,0,614.9,14.97
full,2026-09-30T04:10:24,N,N,2048,extended,xla:lc2,xla,lc2,default,cpu,0,2048,4,32,31,32,20240912,ok,,True,3.4001,0.4004,1.3235,1.7239,0.80334,0.77981,0.81317,0.72458,0.86886,10,1,16777280,64.0,0,0,634.8,14.64
full,2026-09-30T04:10:39,N,N,2048,extended,compiled:lc3,compiled,lc3,default,cpu,0,2048,4,32,31,32,20240912,ok,,True,3.2589,0.32304,0.23984,0.56288,0.14086,0.13748,0.14248,0.12211,0.14841,10,1,8256,0.031,0,0,307.6,6.15
full,2026-09-30T04:10:45,N,N,2048,extended,compiled:elem,compiled,elem,default,cpu,0,2048,4,32,31,32,20240912,ok,,True,3.3171,0.12953,0.18444,0.31398,0.10907,0.10777,0.11086,0.10211,0.11371,10,1,8256,0.031,0,0,304.2,5.66
full,2026-09-30T04:10:51,N,N,2048,extended,xla:elem,xla,elem,default,cpu,0,2048,4,32,31,32,20240912,ok,,True,3.3341,0.15253,0.26842,0.42096,0.13005,0.12883,0.13869,0.1224,0.15662,10,1,8256,0.031,0,0,331.1,5.98
full,2026-09-30T04:10:57,N,N,2048,extended,while_loop_xla:elem,while_loop_xla,elem,default,cpu,0,2048,4,32,31,32,20240912,ok,,True,3.3231,0.12493,0.27449,0.39942,0.084408,0.080871,0.090551,0.078418,0.10121,10,2,8256,0.031,0,0,335.7,6.5
full,2026-09-30T04:11:03,N,N,2048,extended,numpy,numpy,,single,cpu,0,2048,4,32,31,32,20240912,ok,,True,3.4026,1.39e-05,0.023602,0.023616,0.021056,0.019845,0.022297,0.018575,0.023711,10,5,,,1,1,252.3,5.44
full,2026-09-30T04:11:09,N,N,2048,extended,numpy_lut,numpy_lut,,single,cpu,0,2048,4,32,31,32,20240912,ok,,True,3.0877,0.0001442,0.016022,0.016166,0.019136,0.017932,0.022501,0.016349,0.024242,10,10,,,1,1,250.7,6.12
full,2026-09-30T04:11:15,N,N,2048,extended,predict:lc1,predict,lc1,single,cpu,0,2048,4,32,31,32,20240912,ok,,True,3.4428,3.8926,15.484,19.376,1.7645,1.6435,1.8798,1.4814,1.9956,10,1,8256,0.031,1,1,602.2,42.87
full,2026-09-30T04:11:58,N,N,2048,extended,eager:lc1,eager,lc1,single,cpu,,2048,4,32,31,32,20240912,skipped_predicted,predicted warm 28.5 s x 10 > 60.0 s,,,,,,,,,,,,,,0.031,,,,
full,2026-09-30T04:11:58,N,N,2048,extended,compiled:lc1,compiled,lc1,single,cpu,0,2048,4,32,31,32,20240912,ok,,True,3.3081,4.1477,15.693,19.84,0.48466,0.46435,0.51807,0.44951,0.53484,10,1,8256,0.031,1,1,518.6,29.45
full,2026-09-30T04:12:27,N,N,2048,extended,xla:lc1,xla,lc1,single,cpu,0,2048,4,32,31,32,20240912,ok,,True,3.2394,3.9869,15.585,19.572,0.36494,0.34192,0.38401,0.3316,0.41177,10,1,8256,0.031,1,1,688.9,27.84
full,2026-09-30T04:12:55,N,N,2048,extended,while_loop:lc1,while_loop,lc1,single,cpu,0,2048,4,32,31,32,20240912,ok,,True,3.3949,3.9802,15.251,19.231,0.41505,0.39824,0.4784,0.38532,0.52139,10,1,8256,0.031,1,1,548.3,28.52
full,2026-09-30T04:13:23,N,N,2048,extended,while_loop_xla:lc1,while_loop_xla,lc1,single,cpu,0,2048,4,32,31,32,20240912,ok,,True,3.4103,3.9752,16.834,20.809,0.3026,0.29985,0.34381,0.29607,0.39137,10,1,8256,0.031,1,1,726.0,28.77
full,2026-09-30T04:13:52,N,N,2048,extended,unrolled:lc1,unrolled,lc1,single,cpu,,2048,4,32,31,32,20240912,skipped_predicted,predicted cold 429 s > 120.0 s,,,,,,,,,,,,,,0.031,,,,
full,2026-09-30T04:13:52,N,N,2048,extended,predict:dense,predict,dense,single,cpu,0,2048,4,32,31,32,20240912,ok,,True,3.2456,1.0823,2.3431,3.4254,2.0156,1.9178,2.1268,1.7999,2.33,10,1,16777280,64.0,1,1,510.5,29.83
full,2026-09-30T04:14:22,N,N,2048,extended,eager:dense,eager,dense,single,cpu,0,2048,4,32,31,32,20240912,ok,,True,3.3089,0.97273,1.085,2.0577,1.0178,0.871,1.0411,0.85169,1.1936,10,1,16777280,64.0,1,1,441.4,17.16
full,2026-09-30T04:14:39,N,N,2048,extended,compiled:dense,compiled,dense,single,cpu,0,2048,4,32,31,32,20240912,ok,,True,3.1787,1.0298,0.82076,1.8506,0.78164,0.71957,0.87855,0.69985,0.97303,10,1,16777280,64.0,1,1,441.7,14.58
full,2026-09-30T04:14:54,N,N,2048,extended,xla:dense,xla,dense,single,cpu,0,2048,4,32,31,32,20240912,ok,,True,4.0817,1.0559,0.96118,2.017,0.9153,0.84152,0.94234,0.78666,1.0314,10,1,16777280,64.0,1,1,441.6,16.67
full,2026-09-30T04:15:10,N,N,2048,extended,while_loop:dense,while_loop,dense,single,cpu,0,2048,4,32,31,32,20240912,ok,,True,3.2797,0.88144,0.89315,1.7746,0.75619,0.70957,0.85979,0.67712,0.95021,10,1,16777280,64.0,1,1,441.7,14.5
full,2026-09-30T04:15:25,N,N,2048,extended,while_loop_xla:dense,while_loop_xla,dense,single,cpu,0,2048,4,32,31,32,20240912,ok,,True,3.537,0.96257,1.0536,2.0162,0.8252,0.76885,0.89492,0.74115,0.96215,10,1,16777280,64.0,1,1,442.0,15.48
full,2026-09-30T04:15:40,N,N,2048,extended,unrolled:dense,unrolled,dense,single,cpu,0,2048,4,32,31,32,20240912,ok,,True,3.3112,1.7951,1.9748,3.7699,0.77495,0.73576,0.82216,0.66793,0.86996,10,1,16777280,64.0,1,1,442.1,16.54
full,2026-09-30T04:15:57,N,N,2048,extended,compiled:lc2,compiled,lc2,single,cpu,0,2048,4,32,31,32,20240912,ok,,True,3.4829,0.9589,3.1592,4.1181,2.5579,2.4605,2.7291,2.2188,2.8742,10,1,16777280,64.0,1,1,610.7,36.37
full,2026-09-30T04:16:33,N,N,2048,extended,xla:lc2,xla,lc2,single,cpu,0,2048,4,32,31,32,20240912,ok,,True,3.6497,1.1287,1.9004,3.0291,1.4852,1.4226,1.5093,1.3287,1.5564,10,1,16777280,64.0,1,1,622.6,23.56
full,2026-09-30T04:16:57,N,N,2048,extended,compiled:lc3,compiled,lc3,single,cpu,0,2048,4,32,31,32,20240912,ok,,True,3.5034,0.29423,0.42901,0.72325,0.23857,0.22983,0.24703,0.22488,0.27832,10,1,8256,0.031,1,1,302.1,7.66
full,2026-09-30T04:17:04,N,N,2048,extended,compiled:elem,compiled,elem,single,cpu,0,2048,4,32,31,32,20240912,ok,,True,3.4299,0.15632,0.39983,0.55615,0.27111,0.22875,0.29233,0.20693,0.30095,10,1,8256,0.031,1,1,298.1,7.63
full,2026-09-30T04:17:12,N,N,2048,extended,xla:elem,xla,elem,single,cpu,0,2048,4,32,31,32,20240912,ok,,True,3.2134,0.1284,0.42528,0.55368,0.33599,0.30949,0.35658,0.29281,0.37607,10,1,8256,0.031,1,1,323.8,8.13
full,2026-09-30T04:17:20,N,N,2048,extended,while_loop_xla:elem,while_loop_xla,elem,single,cpu,0,2048,4,32,31,32,20240912,ok,,True,3.256,0.12722,0.44486,0.57208,0.23371,0.21457,0.2407,0.21337,0.2579,10,1,8256,0.031,1,1,320.7,7.17
full,2026-09-30T04:17:27,N,N,4096,extended,cellpylib,cellpylib,,default,cpu,,4096,4,32,31,32,20240912,skipped_predicted,predicted warm 83.2 s x 10 > 60.0 s,,,,,,,,,,,,,,,,,,
full,2026-09-30T04:17:27,N,N,4096,extended,numpy,numpy,,default,cpu,0,4096,4,32,31,32,20240912,ok,,True,3.4109,1.24e-05,0.081518,0.081531,0.10423,0.09823,0.10681,0.094348,0.12582,10,2,,,0,0,263.1,6.76
full,2026-09-30T04:17:34,N,N,4096,extended,numpy_lut,numpy_lut,,default,cpu,0,4096,4,32,31,32,20240912,ok,,True,3.2523,0.0002899,0.04987,0.05016,0.044899,0.041987,0.050075,0.040025,0.055267,10,2,,,0,0,264.1,5.23
full,2026-09-30T04:17:39,N,N,4096,extended,predict:lc1,predict,lc1,default,cpu,0,4096,4,32,31,32,20240912,ok,,True,8.5503,8.0496,39.838,47.887,1.8199,1.688,2.0803,1.6457,2.359,10,1,16448,0.062,0,0,810.4,78.91
full,2026-09-30T04:18:58,N,N,4096,extended,eager:lc1,eager,lc1,default,cpu,,4096,4,32,31,32,20240912,skipped_predicted,predicted warm 56.7 s x 10 > 60.0 s,,,,,,,,,,,,,,0.062,,,,
full,2026-09-30T04:18:58,N,N,4096,extended,compiled:lc1,compiled,lc1,default,cpu,0,4096,4,32,31,32,20240912,ok,,True,3.5329,7.9327,38.354,46.287,0.3891,0.37981,0.41712,0.35397,0.43687,10,1,16448,0.062,0,0,792.3,55.37
full,2026-09-30T04:19:54,N,N,4096,extended,xla:lc1,xla,lc1,default,cpu,0,4096,4,32,31,32,20240912,ok,,True,3.344,8.1604,45.79,53.95,0.36231,0.33782,0.37643,0.30793,0.39461,10,1,16448,0.062,0,0,1174.5,62.51
full,2026-09-30T04:20:56,N,N,4096,extended,while_loop:lc1,while_loop,lc1,default,cpu,0,4096,4,32,31,32,20240912,ok,,True,3.2093,8.189,41.826,50.015,0.36535,0.3534,0.36809,0.34809,0.38223,10,1,16448,0.062,0,0,842.2,58.63
full,2026-09-30T04:21:55,N,N,4096,extended,while_loop_xla:lc1,while_loop_xla,lc1,default,cpu,0,4096,4,32,31,32,20240912,ok,,True,3.3172,8.0374,50.648,58.685,0.3029,0.29882,0.30645,0.28005,0.31545,10,1,16448,0.062,0,0,1241.0,66.6
full,2026-09-30T04:23:01,N,N,4096,extended,unrolled:lc1,unrolled,lc1,default,cpu,,4096,4,32,31,32,20240912,skipped_predicted,predicted cold 881 s > 120.0 s,,,,,,,,,,,,,,0.062,,,,
full,2026-09-30T04:23:01,N,N,4096,extended,predict:dense,predict,dense,default,cpu,0,4096,4,32,31,32,20240912,ok,,True,3.7088,0.91683,2.503,3.4198,2.3588,2.2962,2.4464,2.1127,2.5466,10,1,67108928,256.0,0,0,1024.6,33.93
full,2026-09-30T04:23:35,N,N,4096,extended,eager:dense,eager,dense,default,cpu,0,4096,4,32,31,32,20240912,ok,,True,3.1375,0.84207,1.225,2.0671,1.2118,1.1983,1.2263,1.1478,1.2728,10,1,67108928,256.0,0,0,1023.8,19.52
full,2026-09-30T04:23:55,N,N,4096,extended,compiled:dense,compiled,dense,default,cpu,0,4096,4,32,31,32,20240912,ok,,True,3.2465,0.86602,1.0337,1.8997,0.97384,0.95907,0.9847,0.92542,1.0346,10,1,67108928,256.0,0,0,1024.2,16.76
full,2026-09-30T04:24:12,N,N,4096,extended,xla:dense,xla,dense,default,cpu,0,4096,4,32,31,32,20240912,ok,,True,3.5583,0.87717,1.1624,2.0395,1.0024,0.98741,1.0407,0.97677,1.0971,10,1,67108928,256.0,0,0,1024.2,17.81
full,2026-09-30T04:24:29,N,N,4096,extended,while_loop:dense,while_loop,dense,default,cpu,0,4096,4,32,31,32,20240912,ok,,True,3.3225,0.97629,1.1516,2.1279,0.96534,0.94271,0.97799,0.9259,0.98408,10,1,67108928,256.0,0,0,1023.8,17.1
full,2026-09-30T04:24:47,N,N,4096,extended,while_loop_xla:dense,while_loop_xla,dense,default,cpu,0,4096,4,32,31,32,20240912,ok,,True,3.2985,0.88114,1.1695,2.0506,0.9539,0.94833,1.0372,0.92396,1.4331,10,1,67108928,256.0,0,0,1023.7,17.41
full,2026-09-30T04:25:04,N,N,4096,extended,unrolled:dense,unrolled,dense,default,cpu,0,4096,4,32,31,32,20240912,ok,,True,3.836,1.5551,2.0141,3.5693,0.95352,0.95198,0.96322,0.93489,0.97833,10,1,67108928,256.0,0,0,1024.4,18.81
full,2026-09-30T04:25:23,N,N,4096,extended,compiled:lc2,compiled,lc2,default,cpu,0,4096,4,32,31,32,20240912,ok,,True,3.5122,1.1681,6.7015,7.8695,4.5867,4.5028,4.6789,4.3798,4.7538,10,1,67108928,256.0,0,0,1569.2,62.33
full,2026-09-30T04:26:25,N,N,4096,extended,xla:lc2,xla,lc2,default,cpu,0,4096,4,32,31,32,20240912,ok,,True,3.6457,1.1279,4.854,5.9819,2.5922,2.4713,2.6365,2.3927,2.6733,10,1,67108928,256.0,0,0,1619.5,38.81
full,2026-09-30T04:27:04,N,N,4096,extended,compiled:lc3,compiled,lc3,default,cpu,0,4096,4,32,31,32,20240912,ok,,True,3.3096,0.69112,0.40285,1.094,0.21236,0.20782,0.21516,0.20127,0.22681,10,1,16448,0.062,0,0,354.1,7.64
full,2026-09-30T04:27:12,N,N,4096,extended,compiled:elem,compiled,elem,default,cpu,0,4096,4,32,31,32,20240912,ok,,True,3.302,0.1399,0.22521,0.3651,0.16444,0.15644,0.18208,0.15243,0.19518,10,1,16448,0.062,0,0,348.2,6.42
full,2026-09-30T04:27:18,N,N,4096,extended,xla:elem,xla,elem,default,cpu,0,4096,4,32,31,32,20240912,ok,,True,3.3709,0.11091,0.36158,0.4725,0.21978,0.21521,0.22352,0.21078,0.23532,10,1,16448,0.062,0,0,372.9,7.17
full,2026-09-30T04:27:25,N,N,4096,extended,while_loop_xla:elem,while_loop_xla,elem,default,cpu,0,4096,4,32,31,32,20240912,ok,,True,3.5358,0.14472,0.42501,0.56974,0.16042,0.14857,0.17031,0.13582,0.18448,10,1,16448,0.062,0,0,362.1,6.69
full,2026-09-30T04:27:32,N,N,4096,extended,numpy,numpy,,single,cpu,0,4096,4,32,31,32,20240912,ok,,True,3.461,1.38e-05,0.085699,0.085712,0.088993,0.084614,0.096377,0.082531,0.10705,10,1,,,1,1,258.1,5.39
full,2026-09-30T04:27:37,N,N,4096,extended,numpy_lut,numpy_lut,,single,cpu,0,4096,4,32,31,32,20240912,ok,,True,3.4316,0.0001577,0.037297,0.037455,0.04204,0.039864,0.044384,0.037499,0.048238,10,5,,,1,1,262.6,6.75
full,2026-09-30T04:27:44,N,N,4096,extended,predict:lc1,predict,lc1,single,cpu,0,4096,4,32,31,32,20240912,ok,,True,3.3773,7.8869,39.931,47.818,2.2418,2.0844,2.393,1.9106,2.6456,10,1,16448,0.062,1,1,807.6,77.14
full,2026-09-30T04:29:01,N,N,4096,extended,eager:lc1,eager,lc1,single,cpu,,4096,4,32,31,32,20240912,skipped_predicted,predicted warm 57.1 s x 10 > 60.0 s,,,,,,,,,,,,,,0.062,,,,
full,2026-09-30T04:29:01,N,N,4096,extended,compiled:lc1,compiled,lc1,single,cpu,0,4096,4,32,31,32,20240912,ok,,True,3.278,8.2231,38.747,46.971,1.0016,0.87222,1.0757,0.80072,1.17,10,1,16448,0.062,1,1,785.7,62.25
full,2026-09-30T04:30:03,N,N,4096,extended,xla:lc1,xla,lc1,single,cpu,0,4096,4,32,31,32,20240912,ok,,True,3.088,8.3907,46.026,54.417,0.878,0.80555,0.92344,0.74142,1.0077,10,1,16448,0.062,1,1,1178.4,68.23
full,2026-09-30T04:31:12,N,N,4096,extended,while_loop:lc1,while_loop,lc1,single,cpu,0,4096,4,32,31,32,20240912,ok,,True,3.3882,8.0226,42.699,50.722,0.95193,0.91561,1.016,0.85569,1.1269,10,1,16448,0.062,1,1,840.1,66.09
full,2026-09-30T04:32:18,N,N,4096,extended,while_loop_xla:lc1,while_loop_xla,lc1,single,cpu,0,4096,4,32,31,32,20240912,ok,,True,3.4677,7.9404,48.599,56.54,0.80344,0.77723,0.81439,0.69645,0.92506,10,1,16448,0.062,1,1,1239.3,69.92
full,2026-09-30T04:33:28,N,N,4096,extended,unrolled:lc1,unrolled,lc1,single,cpu,,4096,4,32,31,32,20240912,skipped_predicted,predicted cold 858 s > 120.0 s,,,,,,,,,,,,,,0.062,,,,
full,2026-09-30T04:33:28,N,N,4096,extended,predict:dense,predict,dense,single,cpu,0,4096,4,32,31,32,20240912,ok,,True,9.0452,3.5572,4.479,8.0362,3.9642,3.9224,4.1125,3.8059,4.4357,10,1,67108928,256.0,1,1,1019.7,62.78
full,2026-09-30T04:34:30,N,N,4096,extended,eager:dense,eager,dense,single,cpu,0,4096,4,32,31,32,20240912,ok,,True,3.492,3.4003,3.039,6.4393,2.9466,2.9137,3.26,2.8461,3.603,10,1,67108928,256.0,1,1,1020.0,44.95
full,2026-09-30T04:35:15,N,N,4096,extended,compiled:dense,compiled,dense,single,cpu,0,4096,4,32,31,32,20240912,ok,,True,3.4589,3.5037,3.1003,6.604,2.7883,2.7383,2.9228,2.624,3.1509,10,1,67108928,256.0,1,1,1019.9,41.94
full,2026-09-30T04:35:57,N,N,4096,extended,xla:dense,xla,dense,single,cpu,0,4096,4,32,31,32,20240912,ok,,True,3.3029,3.6054,3.0672,6.6726,2.9349,2.7514,3.1246,2.6215,3.2461,10,1,67108928,256.0,1,1,1020.1,43.2
full,2026-09-30T04:36:40,N,N,4096,extended,while_loop:dense,while_loop,dense,single,cpu,0,4096,4,32,31,32,20240912,ok,,True,3.5882,3.6246,2.8228,6.4474,2.74,2.6903,2.8804,2.6327,3.1452,10,1,67108928,256.0,1,1,1020.2,41.75
full,2026-09-30T04:37:22,N,N,4096,extended,while_loop_xla:dense,while_loop_xla,dense,single,cpu,0,4096,4,32,31,32,20240912,ok,,True,3.7679,3.8621,2.9539,6.816,2.9785,2.849,3.0671,2.764,3.416,10,1,67108928,256.0,1,1,1019.8,44.5
full,2026-09-30T04:38:07,N,N,4096,extended,unrolled:dense,unrolled,dense,single,cpu,0,4096,4,32,31,32,20240912,ok,,True,3.2554,4.2721,3.9104,8.1826,2.7818,2.6964,2.9759,2.5659,3.2862,10,1,67108928,256.0,1,1,1020.4,43.37
full,2026-09-30T04:38:50,N,N,4096,extended,compiled:lc2,compiled,lc2,single,cpu,0,4096,4,32,31,32,20240912,over_budget,one warm call 9.14 s x 10 > 60.0 s,True,3.1742,4.0178,11.842,15.86,9.1421,9.1421,9.1421,9.1421,9.1421,1,1,67108928,256.0,1,1,1680.6,29.05
full,2026-09-30T04:39:19,N,N,4096,extended,xla:lc2,xla,lc2,single,cpu,0,4096,4,32,31,32,20240912,ok,,True,3.6834,3.8304,7.4395,11.27,5.3901,5.3591,5.4747,5.1735,5.5925,10,1,67108928,256.0,1,1,1607.4,75.38
full,2026-09-30T04:40:34,N,N,4096,extended,compiled:lc3,compiled,lc3,single,cpu,0,4096,4,32,31,32,20240912,ok,,True,3.5032,0.56296,0.61774,1.1807,0.49229,0.47449,0.50856,0.45688,0.56638,10,1,16448,0.062,1,1,346.7,11.01
full,2026-09-30T04:40:46,N,N,4096,extended,compiled:elem,compiled,elem,single,cpu,0,4096,4,32,31,32,20240912,ok,,True,3.5296,0.14942,0.53129,0.68072,0.45893,0.44796,0.48492,0.41249,0.51542,10,1,16448,0.062,1,1,340.2,10.09
full,2026-09-30T04:40:56,N,N,4096,extended,xla:elem,xla,elem,single,cpu,0,4096,4,32,31,32,20240912,ok,,True,3.5901,0.10598,0.65511,0.76109,0.59407,0.53974,0.64051,0.51772,0.72602,10,1,16448,0.062,1,1,365.9,11.9
full,2026-09-30T04:41:07,N,N,4096,extended,while_loop_xla:elem,while_loop_xla,elem,single,cpu,0,4096,4,32,31,32,20240912,ok,,True,3.2775,0.1459,0.76695,0.91285,0.50714,0.46688,0.57583,0.45023,0.60543,10,1,16448,0.062,1,1,356.2,10.68
full,2026-09-30T04:41:18,N,N,8192,extended,cellpylib,cellpylib,,default,cpu,,8192,4,32,31,32,20240912,skipped_predicted,predicted warm 166 s x 10 > 60.0 s,,,,,,,,,,,,,,,,,,
full,2026-09-30T04:41:18,N,N,8192,extended,numpy,numpy,,default,cpu,0,8192,4,32,31,32,20240912,ok,,True,3.322,1.46e-05,0.15817,0.15818,0.17054,0.16296,0.19166,0.1585,0.20818,10,1,,,0,0,279.4,6.32
full,2026-09-30T04:41:24,N,N,8192,extended,numpy_lut,numpy_lut,,default,cpu,0,8192,4,32,31,32,20240912,ok,,True,3.5302,0.000313,0.099634,0.099947,0.078153,0.074302,0.08368,0.065624,0.10026,10,2,,,0,0,285.6,6.46
full,2026-09-30T04:41:31,N,N,8192,extended,predict:lc1,predict,lc1,default,cpu,0,8192,4,32,31,32,20240912,over_budget,cold 145.7 s > 120.0 s,True,3.3074,16.041,129.68,145.72,,,,,,,,32832,0.125,0,0,1277.9,150.42
full,2026-09-30T04:44:01,N,N,8192,extended,eager:lc1,eager,lc1,default,cpu,,8192,4,32,31,32,20240912,skipped_predicted,predicted warm 113 s x 10 > 60.0 s,,,,,,,,,,,,,,0.125,,,,
full,2026-09-30T04:44:01,N,N,8192,extended,compiled:lc1,compiled,lc1,default,cpu,0,8192,4,32,31,32,20240912,over_budget,cold 164.0 s > 120.0 s,True,3.4531,18.339,145.67,164.0,,,,,,,,32832,0.125,0,0,1321.7,169.04
full,2026-09-30T04:46:50,N,N,8192,extended,xla:lc1,xla,lc1,default,cpu,0,8192,4,32,31,32,20240912,over_budget,cold 179.6 s > 120.0 s,True,4.7453,16.497,163.13,179.63,,,,,,,,32832,0.125,0,0,2175.1,185.81
full,2026-09-30T04:49:56,N,N,8192,extended,while_loop:lc1,while_loop,lc1,default,cpu,0,8192,4,32,31,32,20240912,over_budget,cold 150.6 s > 120.0 s,True,3.6015,15.986,134.64,150.63,,,,,,,,32832,0.125,0,0,1422.6,155.79
full,2026-09-30T04:52:32,N,N,8192,extended,while_loop_xla:lc1,while_loop_xla,lc1,default,cpu,0,8192,4,32,31,32,20240912,over_budget,cold 186.0 s > 120.0 s,True,3.5135,16.038,169.98,186.01,,,,,,,,32832,0.125,0,0,2303.5,191.01
full,2026-09-30T04:55:43,N,N,8192,extended,unrolled:lc1,unrolled,lc1,default,cpu,,8192,4,32,31,32,20240912,skipped_predicted,predicted cold 1.76e+03 s > 120.0 s,,,,,,,,,,,,,,0.125,,,,
full,2026-09-30T04:55:43,N,N,8192,extended,predict:dense,predict,dense,default,cpu,,8192,4,32,31,32,20240912,skipped_memory,selector kernel 1024.0 MiB > 512.0 MiB,,,,,,,,,,,,,,1024.0,,,,
full,2026-09-30T04:55:43,N,N,8192,extended,eager:dense,eager,dense,default,cpu,,8192,4,32,31,32,20240912,skipped_memory,selector kernel 1024.0 MiB > 512.0 MiB,,,,,,,,,,,,,,1024.0,,,,
full,2026-09-30T04:55:43,N,N,8192,extended,compiled:dense,compiled,dense,default,cpu,,8192,4,32,31,32,20240912,skipped_memory,selector kernel 1024.0 MiB > 512.0 MiB,,,,,,,,,,,,,,1024.0,,,,
full,2026-09-30T04:55:43,N,N,8192,extended,xla:dense,xla,dense,default,cpu,,8192,4,32,31,32,20240912,skipped_memory,selector kernel 1024.0 MiB > 512.0 MiB,,,,,,,,,,,,,,1024.0,,,,
full,2026-09-30T04:55:43,N,N,8192,extended,while_loop:dense,while_loop,dense,default,cpu,,8192,4,32,31,32,20240912,skipped_memory,selector kernel 1024.0 MiB > 512.0 MiB,,,,,,,,,,,,,,1024.0,,,,
full,2026-09-30T04:55:43,N,N,8192,extended,while_loop_xla:dense,while_loop_xla,dense,default,cpu,,8192,4,32,31,32,20240912,skipped_memory,selector kernel 1024.0 MiB > 512.0 MiB,,,,,,,,,,,,,,1024.0,,,,
full,2026-09-30T04:55:43,N,N,8192,extended,unrolled:dense,unrolled,dense,default,cpu,,8192,4,32,31,32,20240912,skipped_memory,selector kernel 1024.0 MiB > 512.0 MiB,,,,,,,,,,,,,,1024.0,,,,
full,2026-09-30T04:55:43,N,N,8192,extended,compiled:lc2,compiled,lc2,default,cpu,,8192,4,32,31,32,20240912,skipped_memory,selector kernel 1024.0 MiB > 512.0 MiB,,,,,,,,,,,,,,1024.0,,,,
full,2026-09-30T04:55:43,N,N,8192,extended,xla:lc2,xla,lc2,default,cpu,,8192,4,32,31,32,20240912,skipped_memory,selector kernel 1024.0 MiB > 512.0 MiB,,,,,,,,,,,,,,1024.0,,,,
full,2026-09-30T04:55:43,N,N,8192,extended,compiled:lc3,compiled,lc3,default,cpu,0,8192,4,32,31,32,20240912,ok,,True,3.7876,1.0745,0.72773,1.8022,0.39464,0.37744,0.40497,0.36278,0.4366,10,1,32832,0.125,0,0,442.4,11.05
full,2026-09-30T04:55:54,N,N,8192,extended,compiled:elem,compiled,elem,default,cpu,0,8192,4,32,31,32,20240912,ok,,True,3.5344,0.16511,0.40489,0.57,0.30186,0.29193,0.30402,0.28683,0.32549,10,1,32832,0.125,0,0,430.6,8.44
full,2026-09-30T04:56:03,N,N,8192,extended,xla:elem,xla,elem,default,cpu,0,8192,4,32,31,32,20240912,ok,,True,3.3635,0.1328,0.51034,0.64314,0.38517,0.37663,0.39687,0.35658,0.42257,10,1,32832,0.125,0,0,457.7,9.26
full,2026-09-30T04:56:12,N,N,8192,extended,while_loop_xla:elem,while_loop_xla,elem,default,cpu,0,8192,4,32,31,32,20240912,ok,,True,3.237,0.16054,0.58743,0.74796,0.30345,0.29739,0.30437,0.28225,0.30995,10,1,32832,0.125,0,0,430.8,8.28
full,2026-09-30T04:56:20,N,N,8192,extended,numpy,numpy,,single,cpu,0,8192,4,32,31,32,20240912,ok,,True,3.2677,1.52e-05,0.20203,0.20205,0.22018,0.20331,0.23173,0.19428,0.2995,10,1,,,1,1,278.8,6.88
full,2026-09-30T04:56:27,N,N,8192,extended,numpy_lut,numpy_lut,,single,cpu,0,8192,4,32,31,32,20240912,ok,,True,3.4512,0.0003795,0.079959,0.080339,0.070339,0.066938,0.073831,0.06398,0.085892,10,2,,,1,1,282.5,6.2
full,2026-09-30T04:56:33,N,N,8192,extended,predict:lc1,predict,lc1,single,cpu,0,8192,4,32,31,32,20240912,over_budget,cold 142.3 s > 120.0 s,True,3.3933,15.892,126.39,142.29,,,,,,,,32832,0.125,1,1,1275.0,147.22
full,2026-09-30T04:59:00,N,N,8192,extended,eager:lc1,eager,lc1,single,cpu,,8192,4,32,31,32,20240912,skipped_predicted,predicted warm 114 s x 10 > 60.0 s,,,,,,,,,,,,,,0.125,,,,
full,2026-09-30T04:59:00,N,N,8192,extended,compiled:lc1,compiled,lc1,single,cpu,0,8192,4,32,31,32,20240912,over_budget,cold 144.2 s > 120.0 s,True,3.2269,15.98,128.2,144.18,,,,,,,,32832,0.125,1,1,1315.8,148.81
full,2026-09-30T05:01:29,N,N,8192,extended,xla:lc1,xla,lc1,single,cpu,0,8192,4,32,31,32,20240912,over_budget,cold 183.1 s > 120.0 s,True,4.2099,16.003,167.06,183.07,,,,,,,,32832,0.125,1,1,2170.5,188.75
full,2026-09-30T05:04:38,N,N,8192,extended,while_loop:lc1,while_loop,lc1,single,cpu,0,8192,4,32,31,32,20240912,over_budget,cold 153.9 s > 120.0 s,True,9.3007,17.099,136.76,153.86,,,,,,,,32832,0.125,1,1,1422.2,164.92
full,2026-09-30T05:07:23,N,N,8192,extended,while_loop_xla:lc1,while_loop_xla,lc1,single,cpu,0,8192,4,32,31,32,20240912,over_budget,cold 186.1 s > 120.0 s,True,3.872,16.106,170.0,186.1,,,,,,,,32832,0.125,1,1,2303.8,191.44
full,2026-09-30T05:10:34,N,N,8192,extended,unrolled:lc1,unrolled,lc1,single,cpu,,8192,4,32,31,32,20240912,skipped_predicted,predicted cold 1.72e+03 s > 120.0 s,,,,,,,,,,,,,,0.125,,,,
full,2026-09-30T05:10:34,N,N,8192,extended,predict:dense,predict,dense,single,cpu,,8192,4,32,31,32,20240912,skipped_memory,selector kernel 1024.0 MiB > 512.0 MiB,,,,,,,,,,,,,,1024.0,,,,
full,2026-09-30T05:10:34,N,N,8192,extended,eager:dense,eager,dense,single,cpu,,8192,4,32,31,32,20240912,skipped_memory,selector kernel 1024.0 MiB > 512.0 MiB,,,,,,,,,,,,,,1024.0,,,,
full,2026-09-30T05:10:34,N,N,8192,extended,compiled:dense,compiled,dense,single,cpu,,8192,4,32,31,32,20240912,skipped_memory,selector kernel 1024.0 MiB > 512.0 MiB,,,,,,,,,,,,,,1024.0,,,,
full,2026-09-30T05:10:34,N,N,8192,extended,xla:dense,xla,dense,single,cpu,,8192,4,32,31,32,20240912,skipped_memory,selector kernel 1024.0 MiB > 512.0 MiB,,,,,,,,,,,,,,1024.0,,,,
full,2026-09-30T05:10:34,N,N,8192,extended,while_loop:dense,while_loop,dense,single,cpu,,8192,4,32,31,32,20240912,skipped_memory,selector kernel 1024.0 MiB > 512.0 MiB,,,,,,,,,,,,,,1024.0,,,,
full,2026-09-30T05:10:34,N,N,8192,extended,while_loop_xla:dense,while_loop_xla,dense,single,cpu,,8192,4,32,31,32,20240912,skipped_memory,selector kernel 1024.0 MiB > 512.0 MiB,,,,,,,,,,,,,,1024.0,,,,
full,2026-09-30T05:10:34,N,N,8192,extended,unrolled:dense,unrolled,dense,single,cpu,,8192,4,32,31,32,20240912,skipped_memory,selector kernel 1024.0 MiB > 512.0 MiB,,,,,,,,,,,,,,1024.0,,,,
full,2026-09-30T05:10:34,N,N,8192,extended,compiled:lc2,compiled,lc2,single,cpu,,8192,4,32,31,32,20240912,skipped_after_failure,over_budget at N=4096,,,,,,,,,,,,,,1024.0,,,,
full,2026-09-30T05:10:34,N,N,8192,extended,xla:lc2,xla,lc2,single,cpu,,8192,4,32,31,32,20240912,skipped_memory,selector kernel 1024.0 MiB > 512.0 MiB,,,,,,,,,,,,,,1024.0,,,,
full,2026-09-30T05:10:34,N,N,8192,extended,compiled:lc3,compiled,lc3,single,cpu,0,8192,4,32,31,32,20240912,ok,,True,3.5662,0.9869,1.1142,2.1011,1.032,0.98822,1.0641,0.91422,1.1653,10,1,32832,0.125,1,1,437.1,17.97
full,2026-09-30T05:10:52,N,N,8192,extended,compiled:elem,compiled,elem,single,cpu,0,8192,4,32,31,32,20240912,ok,,True,3.3057,0.16418,1.1861,1.3503,0.93109,0.85751,1.0118,0.82626,1.0807,10,1,32832,0.125,1,1,424.3,16.08
full,2026-09-30T05:11:08,N,N,8192,extended,xla:elem,xla,elem,single,cpu,0,8192,4,32,31,32,20240912,ok,,True,3.2642,0.11267,1.2083,1.321,1.2149,1.1562,1.2684,1.0482,1.4052,10,1,32832,0.125,1,1,450.8,18.69
full,2026-09-30T05:11:27,N,N,8192,extended,while_loop_xla:elem,while_loop_xla,elem,single,cpu,0,8192,4,32,31,32,20240912,ok,,True,3.427,0.12345,1.152,1.2755,1.0764,1.0242,1.111,0.94473,1.1569,10,1,32832,0.125,1,1,423.5,17.27
full,2026-09-30T05:11:44,N,N,16384,extended,cellpylib,cellpylib,,default,cpu,,16384,4,32,31,32,20240912,skipped_predicted,predicted warm 333 s x 10 > 60.0 s,,,,,,,,,,,,,,,,,,
full,2026-09-30T05:11:44,N,N,16384,extended,numpy,numpy,,default,cpu,0,16384,4,32,31,32,20240912,ok,,True,3.5428,6.85e-05,0.4771,0.47717,0.33849,0.3286,0.38691,0.31611,0.41226,10,1,,,0,0,321.1,9.25
full,2026-09-30T05:11:54,N,N,16384,extended,numpy_lut,numpy_lut,,default,cpu,0,16384,4,32,31,32,20240912,ok,,True,3.3969,0.0005902,0.16094,0.16153,0.14204,0.13188,0.15311,0.12693,0.19412,10,1,,,0,0,310.9,6.38
full,2026-09-30T05:12:00,N,N,16384,extended,predict:lc1,predict,lc1,default,cpu,,16384,4,32,31,32,20240912,skipped_after_failure,over_budget at N=8192,,,,,,,,,,,,,,0.25,,,,
full,2026-09-30T05:12:00,N,N,16384,extended,eager:lc1,eager,lc1,default,cpu,,16384,4,32,31,32,20240912,skipped_predicted,predicted warm 227 s x 10 > 60.0 s,,,,,,,,,,,,,,0.25,,,,
full,2026-09-30T05:12:00,N,N,16384,extended,compiled:lc1,compiled,lc1,default,cpu,,16384,4,32,31,32,20240912,skipped_after_failure,over_budget at N=8192,,,,,,,,,,,,,,0.25,,,,
full,2026-09-30T05:12:00,N,N,16384,extended,xla:lc1,xla,lc1,default,cpu,,16384,4,32,31,32,20240912,skipped_after_failure,over_budget at N=8192,,,,,,,,,,,,,,0.25,,,,
full,2026-09-30T05:12:00,N,N,16384,extended,while_loop:lc1,while_loop,lc1,default,cpu,,16384,4,32,31,32,20240912,skipped_after_failure,over_budget at N=8192,,,,,,,,,,,,,,0.25,,,,
full,2026-09-30T05:12:00,N,N,16384,extended,while_loop_xla:lc1,while_loop_xla,lc1,default,cpu,,16384,4,32,31,32,20240912,skipped_after_failure,over_budget at N=8192,,,,,,,,,,,,,,0.25,,,,
full,2026-09-30T05:12:00,N,N,16384,extended,unrolled:lc1,unrolled,lc1,default,cpu,,16384,4,32,31,32,20240912,skipped_predicted,predicted cold 3.52e+03 s > 120.0 s,,,,,,,,,,,,,,0.25,,,,
full,2026-09-30T05:12:00,N,N,16384,extended,predict:dense,predict,dense,default,cpu,,16384,4,32,31,32,20240912,skipped_memory,selector kernel 4096.0 MiB > 512.0 MiB,,,,,,,,,,,,,,4096.0,,,,
full,2026-09-30T05:12:00,N,N,16384,extended,eager:dense,eager,dense,default,cpu,,16384,4,32,31,32,20240912,skipped_memory,selector kernel 4096.0 MiB > 512.0 MiB,,,,,,,,,,,,,,4096.0,,,,
full,2026-09-30T05:12:00,N,N,16384,extended,compiled:dense,compiled,dense,default,cpu,,16384,4,32,31,32,20240912,skipped_memory,selector kernel 4096.0 MiB > 512.0 MiB,,,,,,,,,,,,,,4096.0,,,,
full,2026-09-30T05:12:00,N,N,16384,extended,xla:dense,xla,dense,default,cpu,,16384,4,32,31,32,20240912,skipped_memory,selector kernel 4096.0 MiB > 512.0 MiB,,,,,,,,,,,,,,4096.0,,,,
full,2026-09-30T05:12:00,N,N,16384,extended,while_loop:dense,while_loop,dense,default,cpu,,16384,4,32,31,32,20240912,skipped_memory,selector kernel 4096.0 MiB > 512.0 MiB,,,,,,,,,,,,,,4096.0,,,,
full,2026-09-30T05:12:00,N,N,16384,extended,while_loop_xla:dense,while_loop_xla,dense,default,cpu,,16384,4,32,31,32,20240912,skipped_memory,selector kernel 4096.0 MiB > 512.0 MiB,,,,,,,,,,,,,,4096.0,,,,
full,2026-09-30T05:12:00,N,N,16384,extended,unrolled:dense,unrolled,dense,default,cpu,,16384,4,32,31,32,20240912,skipped_memory,selector kernel 4096.0 MiB > 512.0 MiB,,,,,,,,,,,,,,4096.0,,,,
full,2026-09-30T05:12:00,N,N,16384,extended,compiled:lc2,compiled,lc2,default,cpu,,16384,4,32,31,32,20240912,skipped_memory,selector kernel 4096.0 MiB > 512.0 MiB,,,,,,,,,,,,,,4096.0,,,,
full,2026-09-30T05:12:00,N,N,16384,extended,xla:lc2,xla,lc2,default,cpu,,16384,4,32,31,32,20240912,skipped_memory,selector kernel 4096.0 MiB > 512.0 MiB,,,,,,,,,,,,,,4096.0,,,,
full,2026-09-30T05:12:00,N,N,16384,extended,compiled:lc3,compiled,lc3,default,cpu,0,16384,4,32,31,32,20240912,ok,,True,3.3544,1.543,1.1452,2.6882,0.79721,0.76657,0.8059,0.73725,0.81913,10,1,65600,0.25,0,0,618.4,15.93
full,2026-09-30T05:12:16,N,N,16384,extended,compiled:elem,compiled,elem,default,cpu,0,16384,4,32,31,32,20240912,ok,,True,3.5041,0.12601,0.58517,0.71117,0.59496,0.57097,0.60196,0.5236,0.61338,10,1,65600,0.25,0,0,599.2,11.87
full,2026-09-30T05:12:28,N,N,16384,extended,xla:elem,xla,elem,default,cpu,0,16384,4,32,31,32,20240912,ok,,True,4.062,0.12775,0.80099,0.92874,0.73651,0.70361,0.75803,0.66844,0.7721,10,1,65600,0.25,0,0,626.1,14.39
full,2026-09-30T05:12:42,N,N,16384,extended,while_loop_xla:elem,while_loop_xla,elem,default,cpu,0,16384,4,32,31,32,20240912,ok,,True,3.2756,0.11255,0.79085,0.9034,0.59449,0.58729,0.60088,0.56991,0.61951,10,1,65600,0.25,0,0,568.0,11.89
full,2026-09-30T05:12:54,N,N,16384,extended,numpy,numpy,,single,cpu,0,16384,4,32,31,32,20240912,ok,,True,3.4439,4.05e-05,0.43261,0.43265,0.38653,0.34339,0.40682,0.3056,0.41715,10,1,,,1,1,320.2,9.04
full,2026-09-30T05:13:03,N,N,16384,extended,numpy_lut,numpy_lut,,single,cpu,0,16384,4,32,31,32,20240912,ok,,True,3.3442,0.0004087,0.14305,0.14345,0.18096,0.16976,0.20136,0.14234,0.20616,10,1,,,1,1,309.3,6.61
full,2026-09-30T05:13:10,N,N,16384,extended,predict:lc1,predict,lc1,single,cpu,,16384,4,32,31,32,20240912,skipped_after_failure,over_budget at N=8192,,,,,,,,,,,,,,0.25,,,,
full,2026-09-30T05:13:10,N,N,16384,extended,eager:lc1,eager,lc1,single,cpu,,16384,4,32,31,32,20240912,skipped_predicted,predicted warm 228 s x 10 > 60.0 s,,,,,,,,,,,,,,0.25,,,,
full,2026-09-30T05:13:10,N,N,16384,extended,compiled:lc1,compiled,lc1,single,cpu,,16384,4,32,31,32,20240912,skipped_after_failure,over_budget at N=8192,,,,,,,,,,,,,,0.25,,,,
full,2026-09-30T05:13:10,N,N,16384,extended,xla:lc1,xla,lc1,single,cpu,,16384,4,32,31,32,20240912,skipped_after_failure,over_budget at N=8192,,,,,,,,,,,,,,0.25,,,,
full,2026-09-30T05:13:10,N,N,16384,extended,while_loop:lc1,while_loop,lc1,single,cpu,,16384,4,32,31,32,20240912,skipped_after_failure,over_budget at N=8192,,,,,,,,,,,,,,0.25,,,,
full,2026-09-30T05:13:10,N,N,16384,extended,while_loop_xla:lc1,while_loop_xla,lc1,single,cpu,,16384,4,32,31,32,20240912,skipped_after_failure,over_budget at N=8192,,,,,,,,,,,,,,0.25,,,,
full,2026-09-30T05:13:10,N,N,16384,extended,unrolled:lc1,unrolled,lc1,single,cpu,,16384,4,32,31,32,20240912,skipped_predicted,predicted cold 3.43e+03 s > 120.0 s,,,,,,,,,,,,,,0.25,,,,
full,2026-09-30T05:13:10,N,N,16384,extended,predict:dense,predict,dense,single,cpu,,16384,4,32,31,32,20240912,skipped_memory,selector kernel 4096.0 MiB > 512.0 MiB,,,,,,,,,,,,,,4096.0,,,,
full,2026-09-30T05:13:10,N,N,16384,extended,eager:dense,eager,dense,single,cpu,,16384,4,32,31,32,20240912,skipped_memory,selector kernel 4096.0 MiB > 512.0 MiB,,,,,,,,,,,,,,4096.0,,,,
full,2026-09-30T05:13:10,N,N,16384,extended,compiled:dense,compiled,dense,single,cpu,,16384,4,32,31,32,20240912,skipped_memory,selector kernel 4096.0 MiB > 512.0 MiB,,,,,,,,,,,,,,4096.0,,,,
full,2026-09-30T05:13:10,N,N,16384,extended,xla:dense,xla,dense,single,cpu,,16384,4,32,31,32,20240912,skipped_memory,selector kernel 4096.0 MiB > 512.0 MiB,,,,,,,,,,,,,,4096.0,,,,
full,2026-09-30T05:13:10,N,N,16384,extended,while_loop:dense,while_loop,dense,single,cpu,,16384,4,32,31,32,20240912,skipped_memory,selector kernel 4096.0 MiB > 512.0 MiB,,,,,,,,,,,,,,4096.0,,,,
full,2026-09-30T05:13:10,N,N,16384,extended,while_loop_xla:dense,while_loop_xla,dense,single,cpu,,16384,4,32,31,32,20240912,skipped_memory,selector kernel 4096.0 MiB > 512.0 MiB,,,,,,,,,,,,,,4096.0,,,,
full,2026-09-30T05:13:10,N,N,16384,extended,unrolled:dense,unrolled,dense,single,cpu,,16384,4,32,31,32,20240912,skipped_memory,selector kernel 4096.0 MiB > 512.0 MiB,,,,,,,,,,,,,,4096.0,,,,
full,2026-09-30T05:13:10,N,N,16384,extended,compiled:lc2,compiled,lc2,single,cpu,,16384,4,32,31,32,20240912,skipped_after_failure,over_budget at N=4096,,,,,,,,,,,,,,4096.0,,,,
full,2026-09-30T05:13:10,N,N,16384,extended,xla:lc2,xla,lc2,single,cpu,,16384,4,32,31,32,20240912,skipped_memory,selector kernel 4096.0 MiB > 512.0 MiB,,,,,,,,,,,,,,4096.0,,,,
full,2026-09-30T05:13:10,N,N,16384,extended,compiled:lc3,compiled,lc3,single,cpu,0,16384,4,32,31,32,20240912,ok,,True,3.165,1.7326,2.2298,3.9625,2.0376,1.9007,2.1427,1.8009,2.2611,10,1,65600,0.25,1,1,614.8,30.99
full,2026-09-30T05:13:41,N,N,16384,extended,compiled:elem,compiled,elem,single,cpu,0,16384,4,32,31,32,20240912,ok,,True,3.3173,0.10825,2.0024,2.1107,1.833,1.8052,2.0195,1.6794,2.0511,10,1,65600,0.25,1,1,592.8,27.44
full,2026-09-30T05:14:08,N,N,16384,extended,xla:elem,xla,elem,single,cpu,0,16384,4,32,31,32,20240912,ok,,True,3.6983,0.1081,2.4078,2.5159,2.3749,2.2642,2.5189,2.1691,2.6038,10,1,65600,0.25,1,1,618.6,33.28
full,2026-09-30T05:14:41,N,N,16384,extended,while_loop_xla:elem,while_loop_xla,elem,single,cpu,0,16384,4,32,31,32,20240912,ok,,True,3.2829,0.10851,2.2555,2.364,2.1663,2.0687,2.2321,1.9627,2.7697,10,1,65600,0.25,1,1,561.8,31.07
full,2026-09-30T05:15:12,S,S,1,core,cellpylib,cellpylib,,default,cpu,0,32,4,32,31,1,20240912,ok,,True,4.2283,6.7e-06,0.026386,0.026393,0.019322,0.019016,0.020054,0.018637,0.021703,10,5,,,0,0,262.2,6.15
full,2026-09-30T05:15:19,S,S,1,core,numpy,numpy,,default,cpu,0,32,4,32,31,1,20240912,ok,,True,3.5357,6.8e-06,0.0012502,0.001257,0.0013538,0.0012702,0.0014142,0.001224,0.001502,10,100,,,0,0,240.4,5.8
full,2026-09-30T05:15:24,S,S,1,core,numpy_lut,numpy_lut,,default,cpu,0,32,4,32,31,1,20240912,ok,,True,3.1914,6.47e-05,0.0016149,0.0016796,0.0013455,0.0012072,0.0013881,0.0010245,0.0014242,10,200,,,0,0,240.0,6.89
full,2026-09-30T05:15:31,S,S,1,core,predict:lc1,predict,lc1,default,cpu,0,32,4,32,31,1,20240912,ok,,True,3.3272,0.17952,1.4392,1.6187,1.3184,1.2378,1.3616,1.0896,1.4783,10,1,192,0.0,0,0,398.3,19.79
full,2026-09-30T05:15:51,S,S,1,core,eager:lc1,eager,lc1,default,cpu,0,32,4,32,31,1,20240912,ok,,True,3.3781,0.16315,0.50046,0.66361,0.57361,0.54749,0.59424,0.53285,0.62124,10,1,192,0.0,0,0,263.0,10.96
full,2026-09-30T05:16:02,S,S,1,core,compiled:lc1,compiled,lc1,default,cpu,0,32,4,32,31,1,20240912,ok,,True,3.1856,0.15922,0.20633,0.36554,0.018042,0.017864,0.018783,0.0173,0.019956,10,10,192,0.0,0,0,266.1,6.43
full,2026-09-30T05:16:09,S,S,1,core,xla:lc1,xla,lc1,default,cpu,0,32,4,32,31,1,20240912,ok,,True,3.5546,0.20764,0.2441,0.45173,0.012745,0.012227,0.013277,0.01155,0.014438,10,10,192,0.0,0,0,295.3,6.19
full,2026-09-30T05:16:15,S,S,1,core,while_loop:lc1,while_loop,lc1,default,cpu,0,32,4,32,31,1,20240912,ok,,True,3.3379,0.1651,0.33625,0.50134,0.005698,0.0056341,0.0060622,0.0054363,0.0068913,10,20,192,0.0,0,0,268.6,5.98
full,2026-09-30T05:16:21,S,S,1,core,while_loop_xla:lc1,while_loop_xla,lc1,default,cpu,0,32,4,32,31,1,20240912,ok,,True,3.2966,0.16741,0.47047,0.63787,0.00080581,0.00077297,0.0008492,0.00062713,0.00089796,10,200,192,0.0,0,0,299.1,6.61
full,2026-09-30T05:16:27,S,S,1,core,unrolled:lc1,unrolled,lc1,default,cpu,0,32,4,32,31,1,20240912,ok,,True,3.516,2.5816,4.2376,6.8191,0.0052886,0.005165,0.0054257,0.0048393,0.006027,10,50,192,0.0,0,0,383.4,14.21
full,2026-09-30T05:16:42,S,S,1,core,predict:dense,predict,dense,default,cpu,0,32,4,32,31,1,20240912,ok,,True,3.4355,0.13931,1.2913,1.4306,1.2673,1.1498,1.4052,1.1013,1.4886,10,1,4160,0.016,0,0,393.2,19.57
full,2026-09-30T05:17:01,S,S,1,core,eager:dense,eager,dense,default,cpu,0,32,4,32,31,1,20240912,ok,,True,3.4816,0.11206,0.16611,0.27817,0.11452,0.10984,0.11644,0.10965,0.15167,10,1,4160,0.016,0,0,259.7,5.75
full,2026-09-30T05:17:07,S,S,1,core,compiled:dense,compiled,dense,default,cpu,0,32,4,32,31,1,20240912,ok,,True,3.4342,0.11496,0.10039,0.21534,0.016599,0.016219,0.017302,0.015876,0.018535,10,10,4160,0.016,0,0,263.1,6.4
full,2026-09-30T05:17:13,S,S,1,core,xla:dense,xla,dense,default,cpu,0,32,4,32,31,1,20240912,ok,,True,3.2724,0.11578,0.16752,0.2833,0.012872,0.012518,0.014069,0.011378,0.014188,10,10,4160,0.016,0,0,289.3,5.84
full,2026-09-30T05:17:19,S,S,1,core,while_loop:dense,while_loop,dense,default,cpu,0,32,4,32,31,1,20240912,ok,,True,3.6345,0.12641,0.16985,0.29626,0.002255,0.002179,0.0022963,0.0020987,0.0023674,10,50,4160,0.016,0,0,264.8,5.94
full,2026-09-30T05:17:25,S,S,1,core,while_loop_xla:dense,while_loop_xla,dense,default,cpu,0,32,4,32,31,1,20240912,ok,,True,3.2477,0.10676,0.2224,0.32916,0.000789,0.00072772,0.00083385,0.00063852,0.00086624,10,200,4160,0.016,0,0,292.9,6.12
full,2026-09-30T05:17:31,S,S,1,core,unrolled:dense,unrolled,dense,default,cpu,0,32,4,32,31,1,20240912,ok,,True,3.3368,0.8711,1.1266,1.9977,0.001361,0.0012179,0.0015517,0.0011707,0.0016956,10,50,4160,0.016,0,0,283.7,6.98
full,2026-09-30T05:17:38,S,S,1,core,compiled:lc2,compiled,lc2,default,cpu,0,32,4,32,31,1,20240912,ok,,True,3.4958,0.14731,0.13287,0.28017,0.0164,0.01581,0.017523,0.015591,0.018446,10,10,4160,0.016,0,0,264.2,6.47
full,2026-09-30T05:17:45,S,S,1,core,xla:lc2,xla,lc2,default,cpu,0,32,4,32,31,1,20240912,ok,,True,3.4371,0.12553,0.1502,0.27573,0.014127,0.012615,0.014872,0.012146,0.016595,10,10,4160,0.016,0,0,290.9,6.13
full,2026-09-30T05:17:51,S,S,1,core,compiled:lc3,compiled,lc3,default,cpu,0,32,4,32,31,1,20240912,ok,,True,3.4287,0.12586,0.10697,0.23282,0.015645,0.014269,0.016043,0.013458,0.017356,10,10,192,0.0,0,0,263.5,6.21
full,2026-09-30T05:17:57,S,S,1,core,compiled:elem,compiled,elem,default,cpu,0,32,4,32,31,1,20240912,ok,,True,3.4282,0.16456,0.11464,0.2792,0.014777,0.014139,0.014954,0.013874,0.015515,10,10,192,0.0,0,0,262.7,6.14
full,2026-09-30T05:18:03,S,S,1,core,xla:elem,xla,elem,default,cpu,0,32,4,32,31,1,20240912,ok,,True,3.4103,0.10944,0.10672,0.21616,0.011455,0.011353,0.012145,0.011229,0.013184,10,10,192,0.0,0,0,289.6,5.72
full,2026-09-30T05:18:09,S,S,1,core,while_loop_xla:elem,while_loop_xla,elem,default,cpu,0,32,4,32,31,1,20240912,ok,,True,3.2825,0.12986,0.24392,0.37378,0.00063617,0.00061199,0.00067512,0.00058651,0.00071558,10,200,192,0.0,0,0,292.3,5.9
full,2026-09-30T05:18:15,S,S,1,core,numpy,numpy,,single,cpu,0,32,4,32,31,1,20240912,ok,,True,3.0454,6.5e-06,0.0013024,0.0013089,0.0013799,0.0012969,0.0014106,0.0011745,0.0017249,10,100,,,1,1,238.9,5.33
full,2026-09-30T05:18:20,S,S,1,core,numpy_lut,numpy_lut,,single,cpu,0,32,4,32,31,1,20240912,ok,,True,3.3115,7.27e-05,0.000972,0.0010447,0.00087599,0.00084627,0.00090069,0.0008272,0.0010018,10,200,,,1,1,239.0,6.08
full,2026-09-30T05:18:26,S,S,1,core,predict:lc1,predict,lc1,single,cpu,0,32,4,32,31,1,20240912,ok,,True,3.3262,0.14701,1.5285,1.6755,1.2675,1.103,1.3203,1.067,1.5074,10,1,192,0.0,1,1,391.4,19.7
full,2026-09-30T05:18:46,S,S,1,core,eager:lc1,eager,lc1,single,cpu,0,32,4,32,31,1,20240912,ok,,True,3.2388,0.14901,0.52457,0.67358,0.56907,0.5385,0.61989,0.46122,0.66652,10,1,192,0.0,1,1,258.0,10.96
full,2026-09-30T05:18:57,S,S,1,core,compiled:lc1,compiled,lc1,single,cpu,0,32,4,32,31,1,20240912,ok,,True,3.081,0.18467,0.25676,0.44143,0.018482,0.017747,0.019659,0.016525,0.020616,10,5,192,0.0,1,1,260.9,5.38
full,2026-09-30T05:19:02,S,S,1,core,xla:lc1,xla,lc1,single,cpu,0,32,4,32,31,1,20240912,ok,,True,3.3433,0.18892,0.2677,0.45662,0.01313,0.011962,0.014158,0.011752,0.015647,10,10,192,0.0,1,1,290.1,6.1
full,2026-09-30T05:19:08,S,S,1,core,while_loop:lc1,while_loop,lc1,single,cpu,0,32,4,32,31,1,20240912,ok,,True,3.3487,0.17173,0.43029,0.60203,0.0038336,0.0036349,0.0041182,0.003347,0.0048943,10,50,192,0.0,1,1,262.6,7.02
full,2026-09-30T05:19:15,S,S,1,core,while_loop_xla:lc1,while_loop_xla,lc1,single,cpu,0,32,4,32,31,1,20240912,ok,,True,3.12,0.18197,0.45821,0.64019,0.00084692,0.00081512,0.00085697,0.00074095,0.00087896,10,200,192,0.0,1,1,293.5,6.47
full,2026-09-30T05:19:22,S,S,1,core,unrolled:lc1,unrolled,lc1,single,cpu,0,32,4,32,31,1,20240912,ok,,True,3.4504,2.669,4.4173,7.0863,0.0047947,0.0042574,0.0054082,0.0033483,0.0056563,10,20,192,0.0,1,1,377.5,12.56
full,2026-09-30T05:19:34,S,S,1,core,predict:dense,predict,dense,single,cpu,0,32,4,32,31,1,20240912,ok,,True,4.0089,0.14584,1.6817,1.8276,1.5605,1.502,1.642,1.316,1.8635,10,1,4160,0.016,1,1,389.1,24.2
full,2026-09-30T05:19:58,S,S,1,core,eager:dense,eager,dense,single,cpu,0,32,4,32,31,1,20240912,ok,,True,3.3051,0.15864,0.18848,0.34711,0.14682,0.14487,0.15342,0.12095,0.18704,10,1,4160,0.016,1,1,254.4,6.05
full,2026-09-30T05:20:04,S,S,1,core,compiled:dense,compiled,dense,single,cpu,0,32,4,32,31,1,20240912,ok,,True,3.2972,0.10147,0.084256,0.18573,0.011787,0.011591,0.012678,0.011471,0.014326,10,10,4160,0.016,1,1,257.8,5.62
full,2026-09-30T05:20:10,S,S,1,core,xla:dense,xla,dense,single,cpu,0,32,4,32,31,1,20240912,ok,,True,3.2678,0.13248,0.18025,0.31273,0.011851,0.011269,0.012228,0.011139,0.015253,10,10,4160,0.016,1,1,283.3,5.69
full,2026-09-30T05:20:16,S,S,1,core,while_loop:dense,while_loop,dense,single,cpu,0,32,4,32,31,1,20240912,ok,,True,3.0526,0.1017,0.158,0.2597,0.0016753,0.0016198,0.0017265,0.0015143,0.0019647,10,100,4160,0.016,1,1,259.8,5.99
full,2026-09-30T05:20:22,S,S,1,core,while_loop_xla:dense,while_loop_xla,dense,single,cpu,0,32,4,32,31,1,20240912,ok,,True,3.2767,0.10084,0.19414,0.29499,0.00063549,0.00062516,0.00069195,0.00059812,0.00070903,10,200,4160,0.016,1,1,288.4,5.81
full,2026-09-30T05:20:28,S,S,1,core,unrolled:dense,unrolled,dense,single,cpu,0,32,4,32,31,1,20240912,ok,,True,3.0532,0.82672,1.128,1.9547,0.0012696,0.0012454,0.0013056,0.0011991,0.0014658,10,100,4160,0.016,1,1,279.0,7.27
full,2026-09-30T05:20:35,S,S,1,core,compiled:lc2,compiled,lc2,single,cpu,0,32,4,32,31,1,20240912,ok,,True,3.1399,0.13111,0.12262,0.25373,0.014933,0.014207,0.016808,0.013664,0.017374,10,10,4160,0.016,1,1,259.6,5.91
full,2026-09-30T05:20:41,S,S,1,core,xla:lc2,xla,lc2,single,cpu,0,32,4,32,31,1,20240912,ok,,True,3.6619,0.12929,0.14344,0.27273,0.01221,0.011973,0.012774,0.011611,0.013483,10,10,4160,0.016,1,1,284.2,6.09
full,2026-09-30T05:20:47,S,S,1,core,compiled:lc3,compiled,lc3,single,cpu,0,32,4,32,31,1,20240912,ok,,True,3.2531,0.10995,0.093666,0.20361,0.014142,0.012183,0.015071,0.011622,0.016879,10,10,192,0.0,1,1,257.9,5.82
full,2026-09-30T05:20:53,S,S,1,core,compiled:elem,compiled,elem,single,cpu,0,32,4,32,31,1,20240912,ok,,True,3.3232,0.10826,0.080335,0.1886,0.013575,0.013121,0.014798,0.012344,0.015534,10,10,192,0.0,1,1,257.3,5.89
full,2026-09-30T05:20:59,S,S,1,core,xla:elem,xla,elem,single,cpu,0,32,4,32,31,1,20240912,ok,,True,3.2666,0.1524,0.14738,0.29977,0.015441,0.015177,0.016299,0.01429,0.017109,10,10,192,0.0,1,1,282.6,6.17
full,2026-09-30T05:21:05,S,S,1,core,while_loop_xla:elem,while_loop_xla,elem,single,cpu,0,32,4,32,31,1,20240912,ok,,True,3.2896,0.12151,0.17562,0.29713,0.00062915,0.00060751,0.00067137,0.0005774,0.00074816,10,200,192,0.0,1,1,286.6,5.89
full,2026-09-30T05:21:11,S,S,2,core,cellpylib,cellpylib,,default,cpu,0,32,4,32,31,2,20240912,ok,,True,3.9818,1.06e-05,0.063874,0.063885,0.046161,0.042223,0.048868,0.040365,0.058105,10,2,,,0,0,262.2,6.04
full,2026-09-30T05:21:17,S,S,2,core,numpy,numpy,,default,cpu,0,32,4,32,31,2,20240912,ok,,True,3.1974,1.1e-05,0.0017126,0.0017236,0.0015317,0.0014955,0.0016535,0.0014242,0.0017973,10,100,,,0,0,240.0,5.77
full,2026-09-30T05:21:22,S,S,2,core,numpy_lut,numpy_lut,,default,cpu,0,32,4,32,31,2,20240912,ok,,True,3.647,7.72e-05,0.0010848,0.001162,0.00094556,0.00090949,0.00099706,0.00088703,0.0010691,10,200,,,0,0,240.0,6.64
full,2026-09-30T05:21:29,S,S,2,core,predict:lc1,predict,lc1,default,cpu,0,32,4,32,31,2,20240912,ok,,True,3.3683,0.21476,1.8019,2.0167,1.1242,1.1083,1.1632,1.078,1.3689,10,1,192,0.0,0,0,396.8,19.18
full,2026-09-30T05:21:48,S,S,2,core,eager:lc1,eager,lc1,default,cpu,0,32,4,32,31,2,20240912,ok,,True,3.2409,0.15494,0.55851,0.71345,0.52852,0.48899,0.65388,0.46933,0.69,10,1,192,0.0,0,0,262.2,10.95
full,2026-09-30T05:21:59,S,S,2,core,compiled:lc1,compiled,lc1,default,cpu,0,32,4,32,31,2,20240912,ok,,True,3.1897,0.21638,0.26306,0.47944,0.020281,0.019886,0.020999,0.019542,0.022685,10,5,192,0.0,0,0,265.6,5.58
full,2026-09-30T05:22:05,S,S,2,core,xla:lc1,xla,lc1,default,cpu,0,32,4,32,31,2,20240912,ok,,True,3.3694,0.16974,0.2435,0.41324,0.012109,0.011804,0.012546,0.011648,0.01385,10,10,192,0.0,0,0,295.9,5.95
full,2026-09-30T05:22:11,S,S,2,core,while_loop:lc1,while_loop,lc1,default,cpu,0,32,4,32,31,2,20240912,ok,,True,3.5358,0.18868,0.34977,0.53844,0.0073119,0.0070981,0.0074528,0.0064627,0.0076448,10,20,192,0.0,0,0,268.7,6.51
full,2026-09-30T05:22:17,S,S,2,core,while_loop_xla:lc1,while_loop_xla,lc1,default,cpu,0,32,4,32,31,2,20240912,ok,,True,3.0934,0.19548,0.48659,0.68207,0.00092802,0.0009023,0.00097325,0.00084586,0.0010039,10,200,192,0.0,0,0,301.1,6.73
full,2026-09-30T05:22:24,S,S,2,core,unrolled:lc1,unrolled,lc1,default,cpu,0,32,4,32,31,2,20240912,ok,,True,3.5273,2.4199,5.0677,7.4876,0.0055831,0.0053909,0.0058301,0.004894,0.0061466,10,20,192,0.0,0,0,391.9,13.16
full,2026-09-30T05:22:37,S,S,2,core,predict:dense,predict,dense,default,cpu,0,32,4,32,31,2,20240912,ok,,True,3.3006,0.1347,1.3702,1.5049,1.3349,1.1631,1.4314,1.0758,1.6467,10,1,4160,0.016,0,0,394.5,20.06
full,2026-09-30T05:22:57,S,S,2,core,eager:dense,eager,dense,default,cpu,0,32,4,32,31,2,20240912,ok,,True,3.3309,0.10127,0.13726,0.23852,0.11547,0.11182,0.12321,0.1095,0.12585,10,1,4160,0.016,0,0,260.0,5.53
full,2026-09-30T05:23:03,S,S,2,core,compiled:dense,compiled,dense,default,cpu,0,32,4,32,31,2,20240912,ok,,True,3.5992,0.10461,0.10584,0.21045,0.015557,0.014322,0.016391,0.013039,0.017351,10,10,4160,0.016,0,0,263.4,6.34
full,2026-09-30T05:23:09,S,S,2,core,xla:dense,xla,dense,default,cpu,0,32,4,32,31,2,20240912,ok,,True,3.0944,0.12655,0.15993,0.28648,0.015142,0.013466,0.016885,0.012759,0.017828,10,10,4160,0.016,0,0,289.4,5.92
full,2026-09-30T05:23:15,S,S,2,core,while_loop:dense,while_loop,dense,default,cpu,0,32,4,32,31,2,20240912,ok,,True,3.4494,0.1193,0.15823,0.27754,0.0024666,0.0024331,0.0025275,0.0022916,0.00256,10,50,4160,0.016,0,0,264.4,5.86
full,2026-09-30T05:23:21,S,S,2,core,while_loop_xla:dense,while_loop_xla,dense,default,cpu,0,32,4,32,31,2,20240912,ok,,True,3.4845,0.13841,0.22888,0.36728,0.00098994,0.00090798,0.0010959,0.00084012,0.0012347,10,200,4160,0.016,0,0,294.2,6.93
full,2026-09-30T05:23:28,S,S,2,core,unrolled:dense,unrolled,dense,default,cpu,0,32,4,32,31,2,20240912,ok,,True,3.1897,0.88386,1.054,1.9379,0.0018109,0.0016993,0.0019223,0.0016348,0.0019657,10,50,4160,0.016,0,0,284.1,6.94
full,2026-09-30T05:23:35,S,S,2,core,compiled:lc2,compiled,lc2,default,cpu,0,32,4,32,31,2,20240912,ok,,True,3.4379,0.1044,0.10181,0.20621,0.016904,0.016441,0.017444,0.015658,0.018523,10,10,4160,0.016,0,0,264.6,6.38
full,2026-09-30T05:23:41,S,S,2,core,xla:lc2,xla,lc2,default,cpu,0,32,4,32,31,2,20240912,ok,,True,3.4571,0.12085,0.20048,0.32132,0.01578,0.015517,0.016319,0.014511,0.017339,10,10,4160,0.016,0,0,290.2,6.34
full,2026-09-30T05:23:47,S,S,2,core,compiled:lc3,compiled,lc3,default,cpu,0,32,4,32,31,2,20240912,ok,,True,3.3836,0.12423,0.10261,0.22684,0.013305,0.013049,0.01429,0.012558,0.017018,10,10,192,0.0,0,0,263.7,5.96
full,2026-09-30T05:23:53,S,S,2,core,compiled:elem,compiled,elem,default,cpu,0,32,4,32,31,2,20240912,ok,,True,3.6041,0.14271,0.11074,0.25346,0.012876,0.012706,0.013544,0.012346,0.017005,10,10,192,0.0,0,0,263.0,6.2
full,2026-09-30T05:24:00,S,S,2,core,xla:elem,xla,elem,default,cpu,0,32,4,32,31,2,20240912,ok,,True,3.1852,0.12062,0.11552,0.23614,0.015182,0.014744,0.016737,0.013134,0.017404,10,10,192,0.0,0,0,291.5,5.98
full,2026-09-30T05:24:06,S,S,2,core,while_loop_xla:elem,while_loop_xla,elem,default,cpu,0,32,4,32,31,2,20240912,ok,,True,3.2699,0.12943,0.21655,0.34598,0.00081407,0.00073013,0.000844,0.00069482,0.00094594,10,200,192,0.0,0,0,292.8,6.3
full,2026-09-30T05:24:12,S,S,2,core,numpy,numpy,,single,cpu,0,32,4,32,31,2,20240912,ok,,True,3.4594,8.5e-06,0.0014751,0.0014836,0.0015954,0.0014496,0.0016805,0.0013987,0.0019819,10,100,,,1,1,239.2,6.02
full,2026-09-30T05:24:18,S,S,2,core,numpy_lut,numpy_lut,,single,cpu,0,32,4,32,31,2,20240912,ok,,True,3.2906,7.03e-05,0.0010033,0.0010736,0.00090864,0.00089222,0.00092586,0.00087372,0.0012354,10,100,,,1,1,239.0,5.13
full,2026-09-30T05:24:23,S,S,2,core,predict:lc1,predict,lc1,single,cpu,0,32,4,32,31,2,20240912,ok,,True,3.4475,0.16169,2.009,2.1707,1.2549,1.2127,1.3339,1.0656,1.4137,10,1,192,0.0,1,1,391.0,20.25
full,2026-09-30T05:24:43,S,S,2,core,eager:lc1,eager,lc1,single,cpu,0,32,4,32,31,2,20240912,ok,,True,3.544,0.22534,0.72312,0.94846,0.51994,0.48837,0.57191,0.44954,0.6007,10,1,192,0.0,1,1,258.0,10.88
full,2026-09-30T05:24:54,S,S,2,core,compiled:lc1,compiled,lc1,single,cpu,0,32,4,32,31,2,20240912,ok,,True,4.149,0.15773,0.19299,0.35071,0.015767,0.014688,0.017567,0.013696,0.019607,10,10,192,0.0,1,1,261.4,7.13
full,2026-09-30T05:25:01,S,S,2,core,xla:lc1,xla,lc1,single,cpu,0,32,4,32,31,2,20240912,ok,,True,3.3839,0.20655,0.37504,0.5816,0.015597,0.01498,0.015912,0.0148,0.016963,10,10,192,0.0,1,1,290.6,6.53
full,2026-09-30T05:25:08,S,S,2,core,while_loop:lc1,while_loop,lc1,single,cpu,0,32,4,32,31,2,20240912,ok,,True,3.3053,0.18247,0.35998,0.54245,0.004071,0.0039463,0.0046167,0.0038999,0.0050893,10,50,192,0.0,1,1,263.4,7.1
full,2026-09-30T05:25:15,S,S,2,core,while_loop_xla:lc1,while_loop_xla,lc1,single,cpu,0,32,4,32,31,2,20240912,ok,,True,3.4284,0.15177,0.42843,0.5802,0.00095774,0.00090552,0.0009946,0.00070294,0.0010205,10,200,192,0.0,1,1,295.4,6.93
full,2026-09-30T05:25:22,S,S,2,core,unrolled:lc1,unrolled,lc1,single,cpu,0,32,4,32,31,2,20240912,ok,,True,3.377,2.7244,4.4992,7.2236,0.0046897,0.0044977,0.0052507,0.0041889,0.0063092,10,20,192,0.0,1,1,389.2,12.64
full,2026-09-30T05:25:35,S,S,2,core,predict:dense,predict,dense,single,cpu,0,32,4,32,31,2,20240912,ok,,True,3.4533,0.12176,1.5085,1.6303,1.2612,1.1437,1.3519,1.0955,1.4026,10,1,4160,0.016,1,1,388.9,19.51
full,2026-09-30T05:25:54,S,S,2,core,eager:dense,eager,dense,single,cpu,0,32,4,32,31,2,20240912,ok,,True,3.4525,0.14785,0.20291,0.35076,0.1143,0.10956,0.12599,0.10813,0.13154,10,1,4160,0.016,1,1,254.4,5.8
full,2026-09-30T05:26:00,S,S,2,core,compiled:dense,compiled,dense,single,cpu,0,32,4,32,31,2,20240912,ok,,True,3.2945,0.10095,0.084762,0.18571,0.012397,0.011841,0.013373,0.011648,0.013973,10,10,4160,0.016,1,1,257.8,5.6
full,2026-09-30T05:26:05,S,S,2,core,xla:dense,xla,dense,single,cpu,0,32,4,32,31,2,20240912,ok,,True,3.5513,0.10675,0.12142,0.22817,0.016806,0.011621,0.01854,0.011299,0.022287,10,10,4160,0.016,1,1,283.2,6.33
full,2026-09-30T05:26:12,S,S,2,core,while_loop:dense,while_loop,dense,single,cpu,0,32,4,32,31,2,20240912,ok,,True,3.1889,0.15397,0.27964,0.43361,0.0026222,0.0024654,0.0028217,0.0021858,0.0029449,10,50,4160,0.016,1,1,259.7,5.96
full,2026-09-30T05:26:18,S,S,2,core,while_loop_xla:dense,while_loop_xla,dense,single,cpu,0,32,4,32,31,2,20240912,ok,,True,3.2303,0.11826,0.24902,0.36728,0.00084194,0.00080702,0.00089519,0.00076328,0.00095375,10,200,4160,0.016,1,1,287.0,6.38
full,2026-09-30T05:26:24,S,S,2,core,unrolled:dense,unrolled,dense,single,cpu,0,32,4,32,31,2,20240912,ok,,True,3.5412,0.85292,1.0913,1.9442,0.0014387,0.001349,0.0015862,0.0012416,0.001675,10,100,4160,0.016,1,1,278.6,7.94
full,2026-09-30T05:26:32,S,S,2,core,compiled:lc2,compiled,lc2,single,cpu,0,32,4,32,31,2,20240912,ok,,True,3.44,0.16044,0.13568,0.29612,0.016674,0.015598,0.017605,0.015236,0.019428,10,10,4160,0.016,1,1,259.1,6.39
full,2026-09-30T05:26:38,S,S,2,core,xla:lc2,xla,lc2,single,cpu,0,32,4,32,31,2,20240912,ok,,True,3.267,0.13099,0.1827,0.31369,0.013515,0.01193,0.016162,0.011595,0.017978,10,10,4160,0.016,1,1,285.2,6.0
full,2026-09-30T05:26:44,S,S,2,core,compiled:lc3,compiled,lc3,single,cpu,0,32,4,32,31,2,20240912,ok,,True,3.5032,0.14609,0.13154,0.27764,0.013798,0.012912,0.014339,0.012418,0.014848,10,10,192,0.0,1,1,258.7,6.14
full,2026-09-30T05:26:51,S,S,2,core,compiled:elem,compiled,elem,single,cpu,0,32,4,32,31,2,20240912,ok,,True,3.2735,0.13427,0.11573,0.25,0.013107,0.011991,0.014251,0.011306,0.015839,10,10,192,0.0,1,1,258.0,5.79
full,2026-09-30T05:26:56,S,S,2,core,xla:elem,xla,elem,single,cpu,0,32,4,32,31,2,20240912,ok,,True,3.6405,0.10935,0.10988,0.21923,0.012601,0.012055,0.013028,0.011459,0.015076,10,10,192,0.0,1,1,283.4,6.09
full,2026-09-30T05:27:02,S,S,2,core,while_loop_xla:elem,while_loop_xla,elem,single,cpu,0,32,4,32,31,2,20240912,ok,,True,3.3206,0.13479,0.22753,0.36232,0.0010727,0.0010207,0.0010787,0.00087973,0.0011569,10,100,192,0.0,1,1,286.7,5.71
full,2026-09-30T05:27:08,S,S,4,core,cellpylib,cellpylib,,default,cpu,0,32,4,32,31,4,20240912,ok,,True,3.7577,8.6e-06,0.080106,0.080114,0.084105,0.08103,0.087609,0.075293,0.10588,10,2,,,0,0,262.9,6.69
full,2026-09-30T05:27:15,S,S,4,core,numpy,numpy,,default,cpu,0,32,4,32,31,4,20240912,ok,,True,3.82,7.6e-06,0.0014132,0.0014208,0.0013632,0.0013396,0.0014409,0.001309,0.0016134,10,100,,,0,0,240.3,6.19
full,2026-09-30T05:27:21,S,S,4,core,numpy_lut,numpy_lut,,default,cpu,0,32,4,32,31,4,20240912,ok,,True,3.2617,9.36e-05,0.0009374,0.001031,0.0011474,0.0010098,0.0012375,0.00092544,0.001544,10,200,,,0,0,240.1,6.63
full,2026-09-30T05:27:28,S,S,4,core,predict:lc1,predict,lc1,default,cpu,0,32,4,32,31,4,20240912,ok,,True,3.3841,0.17615,1.5016,1.6778,1.2772,1.2391,1.3381,1.0846,1.3922,10,1,192,0.0,0,0,396.4,19.73
full,2026-09-30T05:27:47,S,S,4,core,eager:lc1,eager,lc1,default,cpu,0,32,4,32,31,4,20240912,ok,,True,3.5538,0.16053,0.50652,0.66705,0.55251,0.49067,0.55981,0.45223,0.64256,10,1,192,0.0,0,0,262.7,10.87
full,2026-09-30T05:27:58,S,S,4,core,compiled:lc1,compiled,lc1,default,cpu,0,32,4,32,31,4,20240912,ok,,True,3.2911,0.15339,0.18781,0.3412,0.0197,0.018829,0.020593,0.017059,0.022454,10,5,192,0.0,0,0,265.6,5.57
full,2026-09-30T05:28:04,S,S,4,core,xla:lc1,xla,lc1,default,cpu,0,32,4,32,31,4,20240912,ok,,True,3.2321,0.22391,0.37241,0.59632,0.015864,0.015009,0.016226,0.013333,0.017284,10,10,192,0.0,0,0,296.0,6.4
full,2026-09-30T05:28:10,S,S,4,core,while_loop:lc1,while_loop,lc1,default,cpu,0,32,4,32,31,4,20240912,ok,,True,3.2598,0.17346,0.37391,0.54738,0.0058809,0.0057002,0.0062738,0.005544,0.0065546,10,20,192,0.0,0,0,269.1,5.96
full,2026-09-30T05:28:16,S,S,4,core,while_loop_xla:lc1,while_loop_xla,lc1,default,cpu,0,32,4,32,31,4,20240912,ok,,True,3.7484,0.20322,0.42217,0.62539,0.0010965,0.0010547,0.0012121,0.00096023,0.0014699,10,200,192,0.0,0,0,301.8,7.76
full,2026-09-30T05:28:24,S,S,4,core,unrolled:lc1,unrolled,lc1,default,cpu,0,32,4,32,31,4,20240912,ok,,True,3.4363,2.8121,4.6928,7.5049,0.0056876,0.0054673,0.0058197,0.0053644,0.006077,10,20,192,0.0,0,0,392.6,13.1
full,2026-09-30T05:28:37,S,S,4,core,predict:dense,predict,dense,default,cpu,0,32,4,32,31,4,20240912,ok,,True,3.4829,0.12805,1.5612,1.6892,1.2855,1.2091,1.3398,1.0948,1.359,10,1,4160,0.016,0,0,395.4,19.77
full,2026-09-30T05:28:57,S,S,4,core,eager:dense,eager,dense,default,cpu,0,32,4,32,31,4,20240912,ok,,True,3.4322,0.12484,0.16745,0.29229,0.13687,0.11324,0.14972,0.11138,0.1582,10,1,4160,0.016,0,0,259.0,5.89
full,2026-09-30T05:29:03,S,S,4,core,compiled:dense,compiled,dense,default,cpu,0,32,4,32,31,4,20240912,ok,,True,3.3446,0.10421,0.087171,0.19138,0.015001,0.014276,0.016282,0.013695,0.018641,10,10,4160,0.016,0,0,263.5,6.1
full,2026-09-30T05:29:09,S,S,4,core,xla:dense,xla,dense,default,cpu,0,32,4,32,31,4,20240912,ok,,True,3.4799,0.10961,0.12393,0.23354,0.014678,0.014153,0.015523,0.011651,0.017483,10,10,4160,0.016,0,0,289.3,6.27
full,2026-09-30T05:29:15,S,S,4,core,while_loop:dense,while_loop,dense,default,cpu,0,32,4,32,31,4,20240912,ok,,True,3.2492,0.15025,0.19768,0.34793,0.0031999,0.0030955,0.0032645,0.0026544,0.0034735,10,50,4160,0.016,0,0,264.6,6.18
full,2026-09-30T05:29:21,S,S,4,core,while_loop_xla:dense,while_loop_xla,dense,default,cpu,0,32,4,32,31,4,20240912,ok,,True,3.3175,0.11331,0.20106,0.31437,0.0010394,0.0010112,0.001061,0.00099026,0.0012152,10,200,4160,0.016,0,0,294.2,6.9
full,2026-09-30T05:29:28,S,S,4,core,unrolled:dense,unrolled,dense,default,cpu,0,32,4,32,31,4,20240912,ok,,True,3.3806,0.85724,1.2151,2.0724,0.0015784,0.0014893,0.0019951,0.0014613,0.0021439,10,50,4160,0.016,0,0,284.4,7.25
full,2026-09-30T05:29:35,S,S,4,core,compiled:lc2,compiled,lc2,default,cpu,0,32,4,32,31,4,20240912,ok,,True,3.4617,0.12678,0.118,0.24478,0.018103,0.016718,0.018788,0.015815,0.019766,10,10,4160,0.016,0,0,265.3,6.5
full,2026-09-30T05:29:42,S,S,4,core,xla:lc2,xla,lc2,default,cpu,0,32,4,32,31,4,20240912,ok,,True,3.2731,0.11968,0.14172,0.2614,0.014318,0.013896,0.015203,0.012825,0.016006,10,10,4160,0.016,0,0,290.1,6.02
full,2026-09-30T05:29:48,S,S,4,core,compiled:lc3,compiled,lc3,default,cpu,0,32,4,32,31,4,20240912,ok,,True,3.441,0.12979,0.11757,0.24736,0.015167,0.014513,0.015818,0.013248,0.016941,10,10,192,0.0,0,0,264.1,6.22
full,2026-09-30T05:29:54,S,S,4,core,compiled:elem,compiled,elem,default,cpu,0,32,4,32,31,4,20240912,ok,,True,3.3339,0.15785,0.11545,0.2733,0.015788,0.015415,0.01647,0.014418,0.018237,10,10,192,0.0,0,0,263.5,6.19
full,2026-09-30T05:30:00,S,S,4,core,xla:elem,xla,elem,default,cpu,0,32,4,32,31,4,20240912,ok,,True,3.3774,0.121,0.11806,0.23906,0.012442,0.012045,0.012886,0.011335,0.014831,10,10,192,0.0,0,0,288.9,5.84
full,2026-09-30T05:30:06,S,S,4,core,while_loop_xla:elem,while_loop_xla,elem,default,cpu,0,32,4,32,31,4,20240912,ok,,True,3.4366,0.12132,0.22284,0.34416,0.0010842,0.0010119,0.0011034,0.00096755,0.0012577,10,100,192,0.0,0,0,292.9,5.86
full,2026-09-30T05:30:12,S,S,4,core,numpy,numpy,,single,cpu,0,32,4,32,31,4,20240912,ok,,True,3.1656,7.7e-06,0.0014408,0.0014485,0.0015951,0.0015101,0.0019136,0.0014697,0.0021973,10,100,,,1,1,239.2,5.88
full,2026-09-30T05:30:18,S,S,4,core,numpy_lut,numpy_lut,,single,cpu,0,32,4,32,31,4,20240912,ok,,True,3.5962,6.98e-05,0.0010071,0.0010769,0.00095296,0.00093376,0.00096994,0.00090173,0.0011216,10,200,,,1,1,239.0,6.6
full,2026-09-30T05:30:25,S,S,4,core,predict:lc1,predict,lc1,single,cpu,0,32,4,32,31,4,20240912,ok,,True,3.2434,0.17492,1.7939,1.9688,1.2422,1.1313,1.3458,1.099,1.5533,10,1,192,0.0,1,1,391.4,20.03
full,2026-09-30T05:30:45,S,S,4,core,eager:lc1,eager,lc1,single,cpu,0,32,4,32,31,4,20240912,ok,,True,3.0733,0.19336,0.73116,0.92452,0.55459,0.52724,0.57768,0.47837,0.6432,10,1,192,0.0,1,1,258.2,10.93
full,2026-09-30T05:30:56,S,S,4,core,compiled:lc1,compiled,lc1,single,cpu,0,32,4,32,31,4,20240912,ok,,True,3.4055,0.17189,0.24368,0.41557,0.017149,0.015615,0.017812,0.013967,0.018307,10,10,192,0.0,1,1,260.9,6.54
full,2026-09-30T05:31:02,S,S,4,core,xla:lc1,xla,lc1,single,cpu,0,32,4,32,31,4,20240912,ok,,True,3.2322,0.15288,0.23794,0.39082,0.014521,0.013455,0.016132,0.011573,0.017287,10,10,192,0.0,1,1,291.3,6.07
full,2026-09-30T05:31:08,S,S,4,core,while_loop:lc1,while_loop,lc1,single,cpu,0,32,4,32,31,4,20240912,ok,,True,3.456,0.17998,0.38534,0.56532,0.0041699,0.0040046,0.0044069,0.0039055,0.0050746,10,50,192,0.0,1,1,263.4,7.28
full,2026-09-30T05:31:15,S,S,4,core,while_loop_xla:lc1,while_loop_xla,lc1,single,cpu,0,32,4,32,31,4,20240912,ok,,True,3.3799,0.1711,0.42465,0.59576,0.0013614,0.0013437,0.0014335,0.0012562,0.0015504,10,100,192,0.0,1,1,295.5,6.35
full,2026-09-30T05:31:22,S,S,4,core,unrolled:lc1,unrolled,lc1,single,cpu,0,32,4,32,31,4,20240912,ok,,True,3.1714,2.6603,4.8414,7.5017,0.004054,0.0037572,0.004424,0.0032441,0.0048365,10,20,192,0.0,1,1,388.4,12.48
full,2026-09-30T05:31:34,S,S,4,core,predict:dense,predict,dense,single,cpu,0,32,4,32,31,4,20240912,ok,,True,3.27,0.10092,1.469,1.57,1.257,1.1536,1.3056,1.0804,1.4205,10,1,4160,0.016,1,1,389.6,19.78
full,2026-09-30T05:31:54,S,S,4,core,eager:dense,eager,dense,single,cpu,0,32,4,32,31,4,20240912,ok,,True,3.1189,0.10755,0.14454,0.25209,0.12167,0.1194,0.12789,0.11194,0.15695,10,1,4160,0.016,1,1,254.8,5.44
full,2026-09-30T05:31:59,S,S,4,core,compiled:dense,compiled,dense,single,cpu,0,32,4,32,31,4,20240912,ok,,True,3.377,0.11931,0.10214,0.22145,0.01252,0.011872,0.013499,0.011698,0.014814,10,10,4160,0.016,1,1,258.3,5.9
full,2026-09-30T05:32:05,S,S,4,core,xla:dense,xla,dense,single,cpu,0,32,4,32,31,4,20240912,ok,,True,3.067,0.099455,0.14014,0.2396,0.015611,0.01507,0.016805,0.014549,0.018276,10,10,4160,0.016,1,1,283.4,5.87
full,2026-09-30T05:32:11,S,S,4,core,while_loop:dense,while_loop,dense,single,cpu,0,32,4,32,31,4,20240912,ok,,True,3.0939,0.12593,0.15146,0.27739,0.0019727,0.0018727,0.0021213,0.0018335,0.0022009,10,100,4160,0.016,1,1,259.6,6.41
full,2026-09-30T05:32:18,S,S,4,core,while_loop_xla:dense,while_loop_xla,dense,single,cpu,0,32,4,32,31,4,20240912,ok,,True,3.3212,0.12942,0.26239,0.3918,0.0012699,0.0011218,0.0013575,0.00098816,0.0015171,10,100,4160,0.016,1,1,287.5,5.91
full,2026-09-30T05:32:24,S,S,4,core,unrolled:dense,unrolled,dense,single,cpu,0,32,4,32,31,4,20240912,ok,,True,3.0421,0.80814,0.98912,1.7973,0.0017085,0.0015748,0.0017782,0.0015283,0.0019327,10,100,4160,0.016,1,1,278.8,7.55
full,2026-09-30T05:32:31,S,S,4,core,compiled:lc2,compiled,lc2,single,cpu,0,32,4,32,31,4,20240912,ok,,True,3.1584,0.11228,0.0977,0.20998,0.014569,0.014189,0.015072,0.013682,0.017227,10,10,4160,0.016,1,1,258.6,5.81
full,2026-09-30T05:32:37,S,S,4,core,xla:lc2,xla,lc2,single,cpu,0,32,4,32,31,4,20240912,ok,,True,3.2031,0.13143,0.15607,0.2875,0.015152,0.014346,0.016024,0.012024,0.017642,10,10,4160,0.016,1,1,285.7,5.97
full,2026-09-30T05:32:43,S,S,4,core,compiled:lc3,compiled,lc3,single,cpu,0,32,4,32,31,4,20240912,ok,,True,3.0965,0.12276,0.10962,0.23239,0.011726,0.011473,0.012405,0.011342,0.014192,10,10,192,0.0,1,1,258.2,5.41
full,2026-09-30T05:32:48,S,S,4,core,compiled:elem,compiled,elem,single,cpu,0,32,4,32,31,4,20240912,ok,,True,3.5286,0.14658,0.11576,0.26234,0.014277,0.013114,0.014736,0.012575,0.017486,10,10,192,0.0,1,1,257.5,6.25
full,2026-09-30T05:32:55,S,S,4,core,xla:elem,xla,elem,single,cpu,0,32,4,32,31,4,20240912,ok,,True,3.2881,0.10862,0.10842,0.21704,0.016146,0.015075,0.01673,0.01197,0.018974,10,10,192,0.0,1,1,283.1,6.09
full,2026-09-30T05:33:01,S,S,4,core,while_loop_xla:elem,while_loop_xla,elem,single,cpu,0,32,4,32,31,4,20240912,ok,,True,3.3962,0.12993,0.2001,0.33003,0.0012078,0.0010651,0.0012666,0.0010537,0.0013177,10,100,192,0.0,1,1,286.7,5.86
full,2026-09-30T05:33:06,S,S,8,core,cellpylib,cellpylib,,default,cpu,0,32,4,32,31,8,20240912,ok,,True,3.8049,8.7e-06,0.18941,0.18942,0.19623,0.17929,0.22464,0.16293,0.26124,10,1,,,0,0,262.3,6.88
full,2026-09-30T05:33:13,S,S,8,core,numpy,numpy,,default,cpu,0,32,4,32,31,8,20240912,ok,,True,3.2874,8.9e-06,0.0014011,0.00141,0.001474,0.0013535,0.0016296,0.0013199,0.0021666,10,100,,,0,0,240.0,5.86
full,2026-09-30T05:33:19,S,S,8,core,numpy_lut,numpy_lut,,default,cpu,0,32,4,32,31,8,20240912,ok,,True,3.5122,0.000115,0.0018096,0.0019246,0.0011453,0.001094,0.00123,0.0010045,0.0012982,10,100,,,0,0,240.2,5.55
full,2026-09-30T05:33:25,S,S,8,core,predict:lc1,predict,lc1,default,cpu,0,32,4,32,31,8,20240912,ok,,True,3.3052,0.15444,1.4586,1.613,1.1757,1.0942,1.2237,1.051,1.3028,10,1,192,0.0,0,0,396.2,18.7
full,2026-09-30T05:33:44,S,S,8,core,eager:lc1,eager,lc1,default,cpu,0,32,4,32,31,8,20240912,ok,,True,2.9986,0.16964,0.5119,0.68153,0.51569,0.47074,0.54655,0.45388,0.56323,10,1,192,0.0,0,0,262.8,10.03
full,2026-09-30T05:33:54,S,S,8,core,compiled:lc1,compiled,lc1,default,cpu,0,32,4,32,31,8,20240912,ok,,True,3.328,0.16893,0.21106,0.37999,0.018221,0.017426,0.018605,0.016713,0.021349,10,5,192,0.0,0,0,266.2,5.47
full,2026-09-30T05:33:59,S,S,8,core,xla:lc1,xla,lc1,default,cpu,0,32,4,32,31,8,20240912,ok,,True,3.6116,0.17753,0.29126,0.46879,0.01288,0.012605,0.013286,0.012053,0.01593,10,10,192,0.0,0,0,296.4,6.37
full,2026-09-30T05:34:05,S,S,8,core,while_loop:lc1,while_loop,lc1,default,cpu,0,32,4,32,31,8,20240912,ok,,True,3.1479,0.17486,0.32146,0.49632,0.007555,0.0074288,0.0080414,0.0064723,0.008719,10,20,192,0.0,0,0,269.6,6.22
full,2026-09-30T05:34:12,S,S,8,core,while_loop_xla:lc1,while_loop_xla,lc1,default,cpu,0,32,4,32,31,8,20240912,ok,,True,3.3906,0.19784,0.46139,0.65923,0.0014242,0.0013266,0.0016685,0.0013139,0.0020957,10,100,192,0.0,0,0,301.4,6.64
full,2026-09-30T05:34:18,S,S,8,core,unrolled:lc1,unrolled,lc1,default,cpu,0,32,4,32,31,8,20240912,ok,,True,3.2622,2.5636,4.1362,6.6998,0.0053926,0.0052984,0.0059545,0.0051619,0.0060392,10,20,192,0.0,0,0,393.6,12.07
full,2026-09-30T05:34:30,S,S,8,core,predict:dense,predict,dense,default,cpu,0,32,4,32,31,8,20240912,ok,,True,3.2914,0.10489,1.253,1.3579,1.1404,1.1167,1.1817,1.0722,1.351,10,1,4160,0.016,0,0,395.1,18.19
full,2026-09-30T05:34:48,S,S,8,core,eager:dense,eager,dense,default,cpu,0,32,4,32,31,8,20240912,ok,,True,3.1971,0.12775,0.1482,0.27595,0.13231,0.1274,0.13893,0.12002,0.15405,10,1,4160,0.016,0,0,259.7,5.61
full,2026-09-30T05:34:54,S,S,8,core,compiled:dense,compiled,dense,default,cpu,0,32,4,32,31,8,20240912,ok,,True,3.6963,0.12195,0.092743,0.21469,0.014212,0.013707,0.015273,0.013083,0.01751,10,10,4160,0.016,0,0,263.0,6.29
full,2026-09-30T05:35:00,S,S,8,core,xla:dense,xla,dense,default,cpu,0,32,4,32,31,8,20240912,ok,,True,3.8179,0.1074,0.1361,0.24349,0.012712,0.012299,0.01496,0.012013,0.017139,10,10,4160,0.016,0,0,289.3,6.4
full,2026-09-30T05:35:07,S,S,8,core,while_loop:dense,while_loop,dense,default,cpu,0,32,4,32,31,8,20240912,ok,,True,3.1524,0.10079,0.17082,0.27161,0.0038776,0.0036521,0.0040009,0.0034533,0.0043544,10,50,4160,0.016,0,0,264.6,6.39
full,2026-09-30T05:35:13,S,S,8,core,while_loop_xla:dense,while_loop_xla,dense,default,cpu,0,32,4,32,31,8,20240912,ok,,True,3.2128,0.1299,0.32217,0.45207,0.0014186,0.0013698,0.0014514,0.0013465,0.0015377,10,100,4160,0.016,0,0,293.5,6.13
full,2026-09-30T05:35:19,S,S,8,core,unrolled:dense,unrolled,dense,default,cpu,0,32,4,32,31,8,20240912,ok,,True,3.3283,0.87302,1.0092,1.8822,0.0019498,0.0017861,0.0020219,0.001735,0.0026441,10,50,4160,0.016,0,0,283.1,7.12
full,2026-09-30T05:35:26,S,S,8,core,compiled:lc2,compiled,lc2,default,cpu,0,32,4,32,31,8,20240912,ok,,True,3.0058,0.11105,0.10277,0.21382,0.018433,0.017985,0.01886,0.017012,0.021468,10,10,4160,0.016,0,0,265.4,6.09
full,2026-09-30T05:35:33,S,S,8,core,xla:lc2,xla,lc2,default,cpu,0,32,4,32,31,8,20240912,ok,,True,3.2574,0.10914,0.13558,0.24472,0.01348,0.012791,0.014017,0.012156,0.01551,10,10,4160,0.016,0,0,291.0,5.8
full,2026-09-30T05:35:38,S,S,8,core,compiled:lc3,compiled,lc3,default,cpu,0,32,4,32,31,8,20240912,ok,,True,3.1973,0.16451,0.14242,0.30694,0.016443,0.015795,0.017256,0.01463,0.019573,10,5,192,0.0,0,0,263.1,5.2
full,2026-09-30T05:35:44,S,S,8,core,compiled:elem,compiled,elem,default,cpu,0,32,4,32,31,8,20240912,ok,,True,3.1622,0.10978,0.080052,0.18983,0.014559,0.01384,0.015111,0.013242,0.017078,10,10,192,0.0,0,0,263.5,5.75
full,2026-09-30T05:35:49,S,S,8,core,xla:elem,xla,elem,default,cpu,0,32,4,32,31,8,20240912,ok,,True,3.203,0.14624,0.16895,0.31519,0.013171,0.01232,0.015017,0.011881,0.015374,10,10,192,0.0,0,0,289.0,5.86
full,2026-09-30T05:35:55,S,S,8,core,while_loop_xla:elem,while_loop_xla,elem,default,cpu,0,32,4,32,31,8,20240912,ok,,True,3.0453,0.11411,0.21046,0.32457,0.0012778,0.0012366,0.0013622,0.001227,0.0015166,10,100,192,0.0,0,0,292.3,5.65
full,2026-09-30T05:36:01,S,S,8,core,numpy,numpy,,single,cpu,0,32,4,32,31,8,20240912,ok,,True,3.2956,7.2e-06,0.0013429,0.0013501,0.0014374,0.0013965,0.0014789,0.0013335,0.0016628,10,100,,,1,1,239.2,5.7
full,2026-09-30T05:36:06,S,S,8,core,numpy_lut,numpy_lut,,single,cpu,0,32,4,32,31,8,20240912,ok,,True,3.3137,6.53e-05,0.001,0.0010653,0.00098417,0.00094385,0.0010597,0.00092278,0.0013007,10,100,,,1,1,238.8,5.17
full,2026-09-30T05:36:12,S,S,8,core,predict:lc1,predict,lc1,single,cpu,0,32,4,32,31,8,20240912,ok,,True,3.5243,0.16736,1.5266,1.6939,1.3445,1.1699,1.4281,1.1205,1.4647,10,1,192,0.0,1,1,389.8,20.45
full,2026-09-30T05:36:32,S,S,8,core,eager:lc1,eager,lc1,single,cpu,0,32,4,32,31,8,20240912,ok,,True,3.4328,0.16879,0.63717,0.80597,0.5386,0.47214,0.54921,0.44185,0.57478,10,1,192,0.0,1,1,258.2,10.71
full,2026-09-30T05:36:43,S,S,8,core,compiled:lc1,compiled,lc1,single,cpu,0,32,4,32,31,8,20240912,ok,,True,3.4545,0.15202,0.19594,0.34796,0.01463,0.014223,0.015969,0.01373,0.016958,10,10,192,0.0,1,1,260.7,6.42
full,2026-09-30T05:36:49,S,S,8,core,xla:lc1,xla,lc1,single,cpu,0,32,4,32,31,8,20240912,ok,,True,3.3357,0.16362,0.37508,0.5387,0.021329,0.019183,0.024589,0.018048,0.027474,10,5,192,0.0,1,1,291.1,6.11
full,2026-09-30T05:36:55,S,S,8,core,while_loop:lc1,while_loop,lc1,single,cpu,0,32,4,32,31,8,20240912,ok,,True,3.281,0.20625,0.35569,0.56194,0.0050089,0.0048673,0.0053577,0.0045315,0.0066521,10,50,192,0.0,1,1,263.1,7.64
full,2026-09-30T05:37:03,S,S,8,core,while_loop_xla:lc1,while_loop_xla,lc1,single,cpu,0,32,4,32,31,8,20240912,ok,,True,3.4736,0.14894,0.41544,0.56437,0.0016274,0.0015854,0.0018085,0.0014178,0.0021279,10,100,192,0.0,1,1,295.5,6.8
full,2026-09-30T05:37:10,S,S,8,core,unrolled:lc1,unrolled,lc1,single,cpu,0,32,4,32,31,8,20240912,ok,,True,3.4197,2.7321,4.4317,7.1638,0.0048471,0.0038643,0.0057828,0.0036185,0.0071104,10,50,192,0.0,1,1,387.6,14.33
full,2026-09-30T05:37:24,S,S,8,core,predict:dense,predict,dense,single,cpu,0,32,4,32,31,8,20240912,ok,,True,3.5613,0.18833,1.6181,1.8065,1.2794,1.2363,1.3646,1.0556,1.4786,10,1,4160,0.016,1,1,389.0,20.06
full,2026-09-30T05:37:44,S,S,8,core,eager:dense,eager,dense,single,cpu,0,32,4,32,31,8,20240912,ok,,True,3.4862,0.098195,0.13855,0.23674,0.11635,0.11273,0.13071,0.11046,0.14458,10,1,4160,0.016,1,1,254.2,5.76
full,2026-09-30T05:37:50,S,S,8,core,compiled:dense,compiled,dense,single,cpu,0,32,4,32,31,8,20240912,ok,,True,3.8397,0.1366,0.11954,0.25614,0.018015,0.016986,0.018902,0.015984,0.020945,10,10,4160,0.016,1,1,257.2,7.02
full,2026-09-30T05:37:57,S,S,8,core,xla:dense,xla,dense,single,cpu,0,32,4,32,31,8,20240912,ok,,True,3.3424,0.15017,0.16866,0.31884,0.013769,0.012709,0.014734,0.012509,0.017554,10,10,4160,0.016,1,1,283.4,6.12
full,2026-09-30T05:38:03,S,S,8,core,while_loop:dense,while_loop,dense,single,cpu,0,32,4,32,31,8,20240912,ok,,True,3.5216,0.12066,0.15254,0.2732,0.0022764,0.0021497,0.0024924,0.0020892,0.0027054,10,50,4160,0.016,1,1,259.3,5.89
full,2026-09-30T05:38:09,S,S,8,core,while_loop_xla:dense,while_loop_xla,dense,single,cpu,0,32,4,32,31,8,20240912,ok,,True,3.1543,0.11897,0.23171,0.35068,0.0020845,0.0018989,0.0021965,0.0017643,0.0022581,10,50,4160,0.016,1,1,286.7,5.48
full,2026-09-30T05:38:14,S,S,8,core,unrolled:dense,unrolled,dense,single,cpu,0,32,4,32,31,8,20240912,ok,,True,3.3534,0.86018,1.1677,2.0279,0.0017869,0.0017131,0.0020453,0.0016767,0.0023147,10,100,4160,0.016,1,1,279.2,8.32
full,2026-09-30T05:38:23,S,S,8,core,compiled:lc2,compiled,lc2,single,cpu,0,32,4,32,31,8,20240912,ok,,True,3.4984,0.13003,0.10252,0.23255,0.017432,0.015676,0.018733,0.014109,0.020103,10,10,4160,0.016,1,1,259.2,6.46
full,2026-09-30T05:38:29,S,S,8,core,xla:lc2,xla,lc2,single,cpu,0,32,4,32,31,8,20240912,ok,,True,3.1334,0.14542,0.19316,0.33858,0.017228,0.016514,0.017307,0.015801,0.018023,10,10,4160,0.016,1,1,284.1,6.26
full,2026-09-30T05:38:35,S,S,8,core,compiled:lc3,compiled,lc3,single,cpu,0,32,4,32,31,8,20240912,ok,,True,3.3233,0.10781,0.14377,0.25158,0.012352,0.011795,0.014523,0.011543,0.020088,10,10,192,0.0,1,1,258.6,5.9
full,2026-09-30T05:38:41,S,S,8,core,compiled:elem,compiled,elem,single,cpu,0,32,4,32,31,8,20240912,ok,,True,3.5379,0.12705,0.098307,0.22536,0.015525,0.01377,0.01667,0.012804,0.018409,10,10,192,0.0,1,1,257.4,6.33
full,2026-09-30T05:38:48,S,S,8,core,xla:elem,xla,elem,single,cpu,0,32,4,32,31,8,20240912,ok,,True,3.1781,0.11961,0.12387,0.24348,0.016065,0.01548,0.016846,0.014383,0.018163,10,10,192,0.0,1,1,282.4,6.0
full,2026-09-30T05:38:54,S,S,8,core,while_loop_xla:elem,while_loop_xla,elem,single,cpu,0,32,4,32,31,8,20240912,ok,,True,3.509,0.10907,0.18013,0.2892,0.0012876,0.0012501,0.0013417,0.0012181,0.0016156,10,100,192,0.0,1,1,287.4,6.09
full,2026-09-30T05:39:00,S,S,16,core,cellpylib,cellpylib,,default,cpu,0,32,4,32,31,16,20240912,ok,,True,3.8372,1.02e-05,0.35058,0.35059,0.35991,0.33964,0.42442,0.28749,0.4734,10,1,,,0,0,262.5,8.99
full,2026-09-30T05:39:09,S,S,16,core,numpy,numpy,,default,cpu,0,32,4,32,31,16,20240912,ok,,True,3.2882,7.6e-06,0.0015716,0.0015792,0.0015558,0.0014876,0.0017518,0.001429,0.0020082,10,100,,,0,0,240.5,5.96
full,2026-09-30T05:39:15,S,S,16,core,numpy_lut,numpy_lut,,default,cpu,0,32,4,32,31,16,20240912,ok,,True,3.2135,6.51e-05,0.0010603,0.0011254,0.0012357,0.0011367,0.0013122,0.0010454,0.001418,10,200,,,0,0,240.2,6.79
full,2026-09-30T05:39:22,S,S,16,core,predict:lc1,predict,lc1,default,cpu,0,32,4,32,31,16,20240912,ok,,True,3.3799,0.20709,1.6895,1.8966,1.2692,1.1769,1.3098,1.0882,1.5552,10,1,192,0.0,0,0,395.5,19.87
full,2026-09-30T05:39:41,S,S,16,core,eager:lc1,eager,lc1,default,cpu,0,32,4,32,31,16,20240912,ok,,True,3.5042,0.17372,0.61729,0.79101,0.49423,0.48602,0.53091,0.46068,0.66134,10,1,192,0.0,0,0,262.1,10.8
full,2026-09-30T05:39:52,S,S,16,core,compiled:lc1,compiled,lc1,default,cpu,0,32,4,32,31,16,20240912,ok,,True,3.3619,0.16697,0.29249,0.45946,0.023187,0.021882,0.02437,0.020082,0.025525,10,5,192,0.0,0,0,265.3,5.97
full,2026-09-30T05:39:58,S,S,16,core,xla:lc1,xla,lc1,default,cpu,0,32,4,32,31,16,20240912,ok,,True,3.1769,0.16783,0.28671,0.45453,0.016336,0.015157,0.017537,0.014283,0.018122,10,10,192,0.0,0,0,296.5,6.29
full,2026-09-30T05:40:04,S,S,16,core,while_loop:lc1,while_loop,lc1,default,cpu,0,32,4,32,31,16,20240912,ok,,True,3.5325,0.15324,0.31649,0.46973,0.0076553,0.006743,0.0080031,0.006242,0.0093929,10,20,192,0.0,0,0,268.1,6.48
full,2026-09-30T05:40:11,S,S,16,core,while_loop_xla:lc1,while_loop_xla,lc1,default,cpu,0,32,4,32,31,16,20240912,ok,,True,3.3618,0.17209,0.49947,0.67156,0.0031886,0.0029829,0.0032563,0.0024319,0.0034788,10,50,192,0.0,0,0,301.2,6.55
full,2026-09-30T05:40:17,S,S,16,core,unrolled:lc1,unrolled,lc1,default,cpu,0,32,4,32,31,16,20240912,ok,,True,3.2398,2.5016,5.0909,7.5925,0.0071506,0.0067467,0.0078439,0.0064465,0.0080788,10,20,192,0.0,0,0,394.6,13.34
full,2026-09-30T05:40:31,S,S,16,core,predict:dense,predict,dense,default,cpu,0,32,4,32,31,16,20240912,ok,,True,3.275,0.13895,1.7756,1.9146,1.2861,1.1942,1.3091,1.1172,1.385,10,1,4160,0.016,0,0,393.4,19.79
full,2026-09-30T05:40:51,S,S,16,core,eager:dense,eager,dense,default,cpu,0,32,4,32,31,16,20240912,ok,,True,3.2843,0.15105,0.20206,0.35311,0.13564,0.1342,0.14564,0.13263,0.15785,10,1,4160,0.016,0,0,259.7,5.83
full,2026-09-30T05:40:56,S,S,16,core,compiled:dense,compiled,dense,default,cpu,0,32,4,32,31,16,20240912,ok,,True,3.4619,0.11935,0.090871,0.21022,0.017125,0.016241,0.019857,0.016007,0.021271,10,10,4160,0.016,0,0,263.0,6.5
full,2026-09-30T05:41:03,S,S,16,core,xla:dense,xla,dense,default,cpu,0,32,4,32,31,16,20240912,ok,,True,3.3648,0.15393,0.18373,0.33766,0.016986,0.015984,0.01743,0.01474,0.017627,10,10,4160,0.016,0,0,289.1,6.42
full,2026-09-30T05:41:09,S,S,16,core,while_loop:dense,while_loop,dense,default,cpu,0,32,4,32,31,16,20240912,ok,,True,3.1954,0.13745,0.18008,0.31752,0.0055525,0.0054571,0.0057482,0.0054193,0.0058328,10,20,4160,0.016,0,0,264.8,5.51
full,2026-09-30T05:41:15,S,S,16,core,while_loop_xla:dense,while_loop_xla,dense,default,cpu,0,32,4,32,31,16,20240912,ok,,True,3.5411,0.10089,0.18782,0.28871,0.0023481,0.0022773,0.0024556,0.0021899,0.0027382,10,50,4160,0.016,0,0,292.6,5.97
full,2026-09-30T05:41:21,S,S,16,core,unrolled:dense,unrolled,dense,default,cpu,0,32,4,32,31,16,20240912,ok,,True,3.2158,0.84853,1.3262,2.1748,0.005242,0.0048804,0.0058566,0.0045501,0.0061227,10,20,4160,0.016,0,0,283.5,7.42
full,2026-09-30T05:41:28,S,S,16,core,compiled:lc2,compiled,lc2,default,cpu,0,32,4,32,31,16,20240912,ok,,True,3.2717,0.1247,0.10834,0.23303,0.018278,0.017726,0.018705,0.017327,0.019479,10,10,4160,0.016,0,0,265.0,6.33
full,2026-09-30T05:41:35,S,S,16,core,xla:lc2,xla,lc2,default,cpu,0,32,4,32,31,16,20240912,ok,,True,3.6759,0.10961,0.13888,0.24849,0.01743,0.016861,0.017696,0.014393,0.019233,10,10,4160,0.016,0,0,291.6,6.64
full,2026-09-30T05:41:41,S,S,16,core,compiled:lc3,compiled,lc3,default,cpu,0,32,4,32,31,16,20240912,ok,,True,3.1802,0.14554,0.12814,0.27367,0.0183,0.016936,0.018925,0.01607,0.020604,10,5,192,0.0,0,0,264.0,5.29
full,2026-09-30T05:41:47,S,S,16,core,compiled:elem,compiled,elem,default,cpu,0,32,4,32,31,16,20240912,ok,,True,3.4504,0.13772,0.11011,0.24783,0.014872,0.014057,0.015719,0.013806,0.017474,10,10,192,0.0,0,0,262.2,6.23
full,2026-09-30T05:41:53,S,S,16,core,xla:elem,xla,elem,default,cpu,0,32,4,32,31,16,20240912,ok,,True,3.4475,0.145,0.13702,0.28202,0.014766,0.014372,0.015113,0.012875,0.017506,10,10,192,0.0,0,0,289.1,6.26
full,2026-09-30T05:41:59,S,S,16,core,while_loop_xla:elem,while_loop_xla,elem,default,cpu,0,32,4,32,31,16,20240912,ok,,True,3.1541,0.10619,0.17769,0.28388,0.0026561,0.0024514,0.002777,0.0022325,0.0031722,10,50,192,0.0,0,0,293.5,5.73
full,2026-09-30T05:42:05,S,S,16,core,numpy,numpy,,single,cpu,0,32,4,32,31,16,20240912,ok,,True,3.7518,1.13e-05,0.0026826,0.0026939,0.0016392,0.0015706,0.0017047,0.0014355,0.0018206,10,100,,,1,1,238.9,6.42
full,2026-09-30T05:42:11,S,S,16,core,numpy_lut,numpy_lut,,single,cpu,0,32,4,32,31,16,20240912,ok,,True,3.3977,7.79e-05,0.0012272,0.0013051,0.0012764,0.0012007,0.0013382,0.001145,0.0022541,10,50,,,1,1,239.7,4.91
full,2026-09-30T05:42:16,S,S,16,core,predict:lc1,predict,lc1,single,cpu,0,32,4,32,31,16,20240912,ok,,True,3.5301,0.14328,1.4248,1.5681,1.2373,1.1141,1.319,1.042,1.5182,10,1,192,0.0,1,1,393.0,19.62
full,2026-09-30T05:42:36,S,S,16,core,eager:lc1,eager,lc1,single,cpu,0,32,4,32,31,16,20240912,ok,,True,3.6283,0.14428,0.4998,0.64409,0.58047,0.5435,0.60259,0.44683,0.66238,10,1,192,0.0,1,1,258.2,11.3
full,2026-09-30T05:42:47,S,S,16,core,compiled:lc1,compiled,lc1,single,cpu,0,32,4,32,31,16,20240912,ok,,True,3.3664,0.15956,0.22034,0.3799,0.01741,0.016449,0.019139,0.015811,0.019783,10,5,192,0.0,1,1,260.9,5.51
full,2026-09-30T05:42:52,S,S,16,core,xla:lc1,xla,lc1,single,cpu,0,32,4,32,31,16,20240912,ok,,True,3.335,0.19927,0.31749,0.51676,0.017504,0.01719,0.0177,0.016255,0.018747,10,10,192,0.0,1,1,291.0,6.7
full,2026-09-30T05:42:59,S,S,16,core,while_loop:lc1,while_loop,lc1,single,cpu,0,32,4,32,31,16,20240912,ok,,True,3.2397,0.25048,0.47886,0.72933,0.0065091,0.0058968,0.006846,0.0056554,0.0074954,10,20,192,0.0,1,1,263.2,6.32
full,2026-09-30T05:43:06,S,S,16,core,while_loop_xla:lc1,while_loop_xla,lc1,single,cpu,0,32,4,32,31,16,20240912,ok,,True,3.4452,0.18453,0.51867,0.7032,0.0021495,0.0021111,0.0023106,0.0020989,0.0025822,10,50,192,0.0,1,1,294.8,6.21
full,2026-09-30T05:43:12,S,S,16,core,unrolled:lc1,unrolled,lc1,single,cpu,0,32,4,32,31,16,20240912,ok,,True,3.2834,2.6419,4.6533,7.2952,0.0058611,0.0054598,0.0061428,0.0051329,0.0073097,10,20,192,0.0,1,1,388.1,12.83
full,2026-09-30T05:43:25,S,S,16,core,predict:dense,predict,dense,single,cpu,0,32,4,32,31,16,20240912,ok,,True,3.3554,0.15266,1.5585,1.7112,1.2278,1.1521,1.3344,1.13,1.4523,10,1,4160,0.016,1,1,389.7,19.5
full,2026-09-30T05:43:44,S,S,16,core,eager:dense,eager,dense,single,cpu,0,32,4,32,31,16,20240912,ok,,True,3.422,0.12326,0.18966,0.31292,0.14446,0.14116,0.15171,0.12486,0.16359,10,1,4160,0.016,1,1,254.6,6.02
full,2026-09-30T05:43:50,S,S,16,core,compiled:dense,compiled,dense,single,cpu,0,32,4,32,31,16,20240912,ok,,True,3.3776,0.10333,0.085651,0.18898,0.01294,0.012707,0.015336,0.012567,0.017876,10,10,4160,0.016,1,1,258.5,5.93
full,2026-09-30T05:43:56,S,S,16,core,xla:dense,xla,dense,single,cpu,0,32,4,32,31,16,20240912,ok,,True,3.4593,0.10871,0.1823,0.29101,0.01668,0.016525,0.018386,0.01554,0.019913,10,10,4160,0.016,1,1,283.5,6.49
full,2026-09-30T05:44:03,S,S,16,core,while_loop:dense,while_loop,dense,single,cpu,0,32,4,32,31,16,20240912,ok,,True,3.1569,0.13126,0.22492,0.35619,0.0033114,0.0032457,0.0034491,0.0030615,0.0040241,10,50,4160,0.016,1,1,259.6,6.26
full,2026-09-30T05:44:09,S,S,16,core,while_loop_xla:dense,while_loop_xla,dense,single,cpu,0,32,4,32,31,16,20240912,ok,,True,3.3299,0.10317,0.2045,0.30767,0.0026,0.0024348,0.0027224,0.0023168,0.0029947,10,50,4160,0.016,1,1,287.6,5.91
full,2026-09-30T05:44:15,S,S,16,core,unrolled:dense,unrolled,dense,single,cpu,0,32,4,32,31,16,20240912,ok,,True,3.3659,0.96251,1.2267,2.1892,0.0026637,0.002486,0.0027262,0.0023521,0.0028945,10,50,4160,0.016,1,1,278.6,7.79
full,2026-09-30T05:44:22,S,S,16,core,compiled:lc2,compiled,lc2,single,cpu,0,32,4,32,31,16,20240912,ok,,True,3.2602,0.11065,0.10222,0.21288,0.0184,0.016795,0.020729,0.016415,0.021765,10,10,4160,0.016,1,1,259.1,6.4
full,2026-09-30T05:44:29,S,S,16,core,xla:lc2,xla,lc2,single,cpu,0,32,4,32,31,16,20240912,ok,,True,3.0999,0.13702,0.19513,0.33216,0.015462,0.014687,0.017091,0.013475,0.019385,10,10,4160,0.016,1,1,285.2,6.13
full,2026-09-30T05:44:35,S,S,16,core,compiled:lc3,compiled,lc3,single,cpu,0,32,4,32,31,16,20240912,ok,,True,3.4243,0.12188,0.11539,0.23727,0.015489,0.013298,0.015871,0.012598,0.017556,10,10,192,0.0,1,1,258.3,6.14
full,2026-09-30T05:44:41,S,S,16,core,compiled:elem,compiled,elem,single,cpu,0,32,4,32,31,16,20240912,ok,,True,3.5935,0.10597,0.078168,0.18413,0.015334,0.014315,0.017305,0.01357,0.019289,10,10,192,0.0,1,1,257.5,6.34
full,2026-09-30T05:44:47,S,S,16,core,xla:elem,xla,elem,single,cpu,0,32,4,32,31,16,20240912,ok,,True,3.4281,0.14855,0.14996,0.29852,0.016926,0.016415,0.017522,0.013935,0.018342,10,10,192,0.0,1,1,283.1,6.46
full,2026-09-30T05:44:54,S,S,16,core,while_loop_xla:elem,while_loop_xla,elem,single,cpu,0,32,4,32,31,16,20240912,ok,,True,4.0828,0.15884,0.22384,0.38268,0.0028368,0.0027548,0.0029927,0.0024867,0.0031292,10,50,192,0.0,1,1,287.1,6.8
full,2026-09-30T05:45:01,S,S,32,core,cellpylib,cellpylib,,default,cpu,0,32,4,32,31,32,20240912,ok,,True,3.917,7.1e-06,0.66993,0.66994,0.7572,0.70315,0.8054,0.59326,0.84519,10,1,,,0,0,262.9,13.57
full,2026-09-30T05:45:14,S,S,32,core,numpy,numpy,,default,cpu,0,32,4,32,31,32,20240912,ok,,True,3.326,8.3e-06,0.0017647,0.001773,0.0021698,0.001995,0.0023676,0.0018144,0.0026042,10,100,,,0,0,240.1,6.58
full,2026-09-30T05:45:21,S,S,32,core,numpy_lut,numpy_lut,,default,cpu,0,32,4,32,31,32,20240912,ok,,True,3.1922,0.000111,0.0019552,0.0020662,0.0013644,0.0013398,0.0014621,0.001244,0.0016477,10,100,,,0,0,240.8,5.52
full,2026-09-30T05:45:26,S,S,32,core,predict:lc1,predict,lc1,default,cpu,0,32,4,32,31,32,20240912,ok,,True,3.4501,0.18853,1.5187,1.7072,1.2529,1.1746,1.3567,1.1005,1.4731,10,1,192,0.0,0,0,396.4,19.81
full,2026-09-30T05:45:46,S,S,32,core,eager:lc1,eager,lc1,default,cpu,0,32,4,32,31,32,20240912,ok,,True,3.5504,0.21394,0.57281,0.78675,0.52295,0.49308,0.54597,0.44901,0.57655,10,1,192,0.0,0,0,263.4,10.65
full,2026-09-30T05:45:57,S,S,32,core,compiled:lc1,compiled,lc1,default,cpu,0,32,4,32,31,32,20240912,ok,,True,3.6835,0.17839,0.20421,0.3826,0.024241,0.020617,0.024646,0.017983,0.025558,10,10,192,0.0,0,0,267.0,7.4
full,2026-09-30T05:46:04,S,S,32,core,xla:lc1,xla,lc1,default,cpu,0,32,4,32,31,32,20240912,ok,,True,3.1787,0.22133,0.39582,0.61716,0.020602,0.019093,0.020966,0.018237,0.022772,10,5,192,0.0,0,0,296.7,5.71
full,2026-09-30T05:46:10,S,S,32,core,while_loop:lc1,while_loop,lc1,default,cpu,0,32,4,32,31,32,20240912,ok,,True,3.3442,0.18583,0.36441,0.55023,0.0082503,0.0079706,0.0086297,0.0078424,0.0093113,10,20,192,0.0,0,0,268.4,6.6
full,2026-09-30T05:46:17,S,S,32,core,while_loop_xla:lc1,while_loop_xla,lc1,default,cpu,0,32,4,32,31,32,20240912,ok,,True,3.4774,0.20113,0.46935,0.67048,0.0049814,0.0045745,0.0052385,0.0044274,0.005455,10,20,192,0.0,0,0,301.5,6.12
full,2026-09-30T05:46:23,S,S,32,core,unrolled:lc1,unrolled,lc1,default,cpu,0,32,4,32,31,32,20240912,ok,,True,3.1174,2.7965,4.7496,7.5461,0.0083806,0.008238,0.0094327,0.0072956,0.0097975,10,20,192,0.0,0,0,393.7,13.58
full,2026-09-30T05:46:36,S,S,32,core,predict:dense,predict,dense,default,cpu,0,32,4,32,31,32,20240912,ok,,True,3.6859,0.18395,1.7795,1.9635,1.4319,1.3717,1.5059,1.3291,1.6241,10,1,4160,0.016,0,0,393.1,22.35
full,2026-09-30T05:46:59,S,S,32,core,eager:dense,eager,dense,default,cpu,0,32,4,32,31,32,20240912,ok,,True,3.8654,0.12541,0.17092,0.29633,0.16779,0.15557,0.17777,0.14943,0.18649,10,1,4160,0.016,0,0,260.2,6.71
full,2026-09-30T05:47:05,S,S,32,core,compiled:dense,compiled,dense,default,cpu,0,32,4,32,31,32,20240912,ok,,True,3.7833,0.13483,0.14331,0.27814,0.024554,0.023459,0.025403,0.022307,0.026027,10,5,4160,0.016,0,0,263.1,6.28
full,2026-09-30T05:47:12,S,S,32,core,xla:dense,xla,dense,default,cpu,0,32,4,32,31,32,20240912,ok,,True,3.6684,0.12833,0.16772,0.29605,0.020872,0.018994,0.022244,0.018221,0.022771,10,5,4160,0.016,0,0,289.3,5.99
full,2026-09-30T05:47:18,S,S,32,core,while_loop:dense,while_loop,dense,default,cpu,0,32,4,32,31,32,20240912,ok,,True,3.9415,0.14541,0.20167,0.34707,0.0093966,0.0091434,0.0095904,0.0086592,0.0098931,10,20,4160,0.016,0,0,265.6,7.36
full,2026-09-30T05:47:25,S,S,32,core,while_loop_xla:dense,while_loop_xla,dense,default,cpu,0,32,4,32,31,32,20240912,ok,,True,3.5333,0.14414,0.26607,0.41021,0.0049891,0.0047531,0.0056502,0.004334,0.0059967,10,20,4160,0.016,0,0,294.5,5.97
full,2026-09-30T05:47:31,S,S,32,core,unrolled:dense,unrolled,dense,default,cpu,0,32,4,32,31,32,20240912,ok,,True,3.6146,1.0072,1.2592,2.2664,0.0080475,0.0078459,0.008199,0.0076366,0.0084654,10,20,4160,0.016,0,0,283.4,8.59
full,2026-09-30T05:47:40,S,S,32,core,compiled:lc2,compiled,lc2,default,cpu,0,32,4,32,31,32,20240912,ok,,True,3.6725,0.15704,0.13246,0.2895,0.023596,0.023419,0.023776,0.022563,0.025067,10,5,4160,0.016,0,0,265.9,6.11
full,2026-09-30T05:47:46,S,S,32,core,xla:lc2,xla,lc2,default,cpu,0,32,4,32,31,32,20240912,ok,,True,3.5184,0.1295,0.19404,0.32354,0.021173,0.019673,0.022044,0.019083,0.023227,10,5,4160,0.016,0,0,291.8,5.81
full,2026-09-30T05:47:52,S,S,32,core,compiled:lc3,compiled,lc3,default,cpu,0,32,4,32,31,32,20240912,ok,,True,3.4054,0.12147,0.11443,0.2359,0.019342,0.018578,0.020318,0.017796,0.022256,10,10,192,0.0,0,0,263.9,6.65
full,2026-09-30T05:47:58,S,S,32,core,compiled:elem,compiled,elem,default,cpu,0,32,4,32,31,32,20240912,ok,,True,3.6501,0.13008,0.12191,0.25199,0.020082,0.018682,0.020278,0.017797,0.021604,10,5,192,0.0,0,0,263.7,5.76
full,2026-09-30T05:48:04,S,S,32,core,xla:elem,xla,elem,default,cpu,0,32,4,32,31,32,20240912,ok,,True,3.4287,0.14805,0.15953,0.30758,0.02027,0.018145,0.022517,0.016054,0.023733,10,10,192,0.0,0,0,289.4,6.96
full,2026-09-30T05:48:11,S,S,32,core,while_loop_xla:elem,while_loop_xla,elem,default,cpu,0,32,4,32,31,32,20240912,ok,,True,3.7794,0.1577,0.25657,0.41427,0.0043917,0.0041242,0.0046041,0.0039646,0.0048173,10,50,192,0.0,0,0,294.2,7.52
full,2026-09-30T05:48:18,S,S,32,core,numpy,numpy,,single,cpu,0,32,4,32,31,32,20240912,ok,,True,3.8984,1.07e-05,0.0021837,0.0021944,0.0022127,0.0021172,0.0022777,0.0018569,0.0023444,10,100,,,1,1,238.9,7.12
full,2026-09-30T05:48:26,S,S,32,core,numpy_lut,numpy_lut,,single,cpu,0,32,4,32,31,32,20240912,ok,,True,3.5194,8.74e-05,0.0014115,0.0014989,0.0017463,0.0015195,0.001944,0.001339,0.0020971,10,100,,,1,1,239.0,6.22
full,2026-09-30T05:48:32,S,S,32,core,predict:lc1,predict,lc1,single,cpu,0,32,4,32,31,32,20240912,ok,,True,3.6902,0.19902,1.6784,1.8774,1.4529,1.4367,1.4663,1.2343,1.6576,10,1,192,0.0,1,1,391.5,22.41
full,2026-09-30T05:48:54,S,S,32,core,eager:lc1,eager,lc1,single,cpu,0,32,4,32,31,32,20240912,ok,,True,3.4964,0.17923,0.65765,0.83688,0.6166,0.58462,0.68565,0.54282,0.6974,10,1,192,0.0,1,1,258.4,11.92
full,2026-09-30T05:49:06,S,S,32,core,compiled:lc1,compiled,lc1,single,cpu,0,32,4,32,31,32,20240912,ok,,True,3.6395,0.19492,0.24823,0.44315,0.024984,0.023222,0.025991,0.020837,0.029707,10,5,192,0.0,1,1,261.6,6.32
full,2026-09-30T05:49:12,S,S,32,core,xla:lc1,xla,lc1,single,cpu,0,32,4,32,31,32,20240912,ok,,True,3.3044,0.18522,0.3278,0.51302,0.020028,0.018303,0.021072,0.016879,0.021937,10,5,192,0.0,1,1,290.7,5.73
full,2026-09-30T05:49:18,S,S,32,core,while_loop:lc1,while_loop,lc1,single,cpu,0,32,4,32,31,32,20240912,ok,,True,3.3256,0.21325,0.46436,0.6776,0.0082067,0.0076169,0.0085877,0.0071054,0.0094337,10,10,192,0.0,1,1,263.4,5.71
full,2026-09-30T05:49:24,S,S,32,core,while_loop_xla:lc1,while_loop_xla,lc1,single,cpu,0,32,4,32,31,32,20240912,ok,,True,3.3297,0.16429,0.4122,0.57649,0.0041301,0.0039444,0.0043874,0.0037137,0.0055851,10,50,192,0.0,1,1,294.2,7.09
full,2026-09-30T05:49:31,S,S,32,core,unrolled:lc1,unrolled,lc1,single,cpu,0,32,4,32,31,32,20240912,ok,,True,3.4078,2.6672,4.6915,7.3587,0.0074382,0.006942,0.0076148,0.0061661,0.008545,10,20,192,0.0,1,1,389.7,13.43
full,2026-09-30T05:49:44,S,S,32,core,predict:dense,predict,dense,single,cpu,0,32,4,32,31,32,20240912,ok,,True,3.2595,0.12771,1.4623,1.59,1.272,1.2276,1.3347,1.1118,1.3941,10,1,4160,0.016,1,1,389.8,19.84
full,2026-09-30T05:50:04,S,S,32,core,eager:dense,eager,dense,single,cpu,0,32,4,32,31,32,20240912,ok,,True,3.1562,0.13073,0.19018,0.3209,0.14353,0.14006,0.15114,0.12971,0.15904,10,1,4160,0.016,1,1,254.9,5.72
full,2026-09-30T05:50:10,S,S,32,core,compiled:dense,compiled,dense,single,cpu,0,32,4,32,31,32,20240912,ok,,True,3.6715,0.15174,0.10644,0.25818,0.015485,0.014301,0.017401,0.013941,0.019131,10,10,4160,0.016,1,1,258.9,6.45
full,2026-09-30T05:50:16,S,S,32,core,xla:dense,xla,dense,single,cpu,0,32,4,32,31,32,20240912,ok,,True,3.3298,0.11809,0.15787,0.27596,0.020888,0.019906,0.021606,0.018972,0.024312,10,10,4160,0.016,1,1,283.6,6.79
full,2026-09-30T05:50:23,S,S,32,core,while_loop:dense,while_loop,dense,single,cpu,0,32,4,32,31,32,20240912,ok,,True,3.3949,0.13567,0.16801,0.30368,0.0044916,0.0043038,0.0046631,0.0040953,0.0053433,10,50,4160,0.016,1,1,260.7,7.09
full,2026-09-30T05:50:30,S,S,32,core,while_loop_xla:dense,while_loop_xla,dense,single,cpu,0,32,4,32,31,32,20240912,ok,,True,3.5257,0.099653,0.18667,0.28632,0.0047536,0.0044783,0.0048933,0.004202,0.0053042,10,50,4160,0.016,1,1,287.7,7.25
full,2026-09-30T05:50:38,S,S,32,core,unrolled:dense,unrolled,dense,single,cpu,0,32,4,32,31,32,20240912,ok,,True,3.2288,0.99387,1.2596,2.2535,0.0046556,0.0044605,0.0048975,0.0040643,0.0053934,10,20,4160,0.016,1,1,278.2,7.35
full,2026-09-30T05:50:45,S,S,32,core,compiled:lc2,compiled,lc2,single,cpu,0,32,4,32,31,32,20240912,ok,,True,3.2341,0.10571,0.11939,0.2251,0.02521,0.020613,0.025985,0.018633,0.026796,10,5,4160,0.016,1,1,260.0,5.66
full,2026-09-30T05:50:51,S,S,32,core,xla:lc2,xla,lc2,single,cpu,0,32,4,32,31,32,20240912,ok,,True,3.4053,0.12931,0.17668,0.30598,0.020681,0.019358,0.02129,0.017516,0.022875,10,5,4160,0.016,1,1,285.4,5.7
full,2026-09-30T05:50:56,S,S,32,core,compiled:lc3,compiled,lc3,single,cpu,0,32,4,32,31,32,20240912,ok,,True,3.304,0.18724,0.13279,0.32004,0.017497,0.016154,0.018732,0.014418,0.019135,10,10,192,0.0,1,1,259.0,6.33
full,2026-09-30T05:51:03,S,S,32,core,compiled:elem,compiled,elem,single,cpu,0,32,4,32,31,32,20240912,ok,,True,3.2194,0.12147,0.083831,0.2053,0.014027,0.013785,0.014331,0.013671,0.015757,10,10,192,0.0,1,1,257.9,5.86
full,2026-09-30T05:51:08,S,S,32,core,xla:elem,xla,elem,single,cpu,0,32,4,32,31,32,20240912,ok,,True,3.0894,0.12323,0.14595,0.26919,0.01967,0.019428,0.021093,0.018344,0.023356,10,5,192,0.0,1,1,283.8,5.27
full,2026-09-30T05:51:14,S,S,32,core,while_loop_xla:elem,while_loop_xla,elem,single,cpu,0,32,4,32,31,32,20240912,ok,,True,3.1321,0.1171,0.20396,0.32106,0.0037168,0.0035389,0.0038449,0.0034366,0.003999,10,50,192,0.0,1,1,287.8,6.32
full,2026-09-30T05:51:20,S,S,64,core,cellpylib,cellpylib,,default,cpu,0,32,4,32,31,64,20240912,ok,,True,3.8033,7.3e-06,1.2245,1.2245,1.5055,1.4034,1.6878,1.238,1.7199,10,1,,,0,0,261.7,22.25
full,2026-09-30T05:51:42,S,S,64,core,numpy,numpy,,default,cpu,0,32,4,32,31,64,20240912,ok,,True,3.3856,9.2e-06,0.0021344,0.0021436,0.0021799,0.0020387,0.0022878,0.0019761,0.0026915,10,50,,,0,0,240.3,5.45
full,2026-09-30T05:51:48,S,S,64,core,numpy_lut,numpy_lut,,default,cpu,0,32,4,32,31,64,20240912,ok,,True,3.1254,7.48e-05,0.0015568,0.0016316,0.0016733,0.0016285,0.0021756,0.0014603,0.0024231,10,100,,,0,0,240.4,6.03
full,2026-09-30T05:51:54,S,S,64,core,predict:lc1,predict,lc1,default,cpu,0,32,4,32,31,64,20240912,ok,,True,3.438,0.14695,1.4246,1.5716,1.2864,1.1878,1.3522,1.1415,1.4435,10,1,192,0.0,0,0,398.7,19.96
full,2026-09-30T05:52:14,S,S,64,core,eager:lc1,eager,lc1,default,cpu,0,32,4,32,31,64,20240912,ok,,True,3.2856,0.14764,0.50591,0.65355,0.56544,0.50114,0.61817,0.45894,0.79364,10,1,192,0.0,0,0,263.3,11.2
full,2026-09-30T05:52:25,S,S,64,core,compiled:lc1,compiled,lc1,default,cpu,0,32,4,32,31,64,20240912,ok,,True,3.4711,0.1925,0.25411,0.44661,0.022359,0.021519,0.0234,0.021023,0.02808,10,5,192,0.0,0,0,267.1,6.01
full,2026-09-30T05:52:31,S,S,64,core,xla:lc1,xla,lc1,default,cpu,0,32,4,32,31,64,20240912,ok,,True,3.5823,0.15766,0.26402,0.42168,0.022666,0.020843,0.024465,0.02012,0.027057,10,5,192,0.0,0,0,298.9,6.08
full,2026-09-30T05:52:37,S,S,64,core,while_loop:lc1,while_loop,lc1,default,cpu,0,32,4,32,31,64,20240912,ok,,True,3.2937,0.16238,0.33386,0.49625,0.014271,0.012531,0.014446,0.010594,0.014826,10,10,192,0.0,0,0,270.9,6.17
full,2026-09-30T05:52:43,S,S,64,core,while_loop_xla:lc1,while_loop_xla,lc1,default,cpu,0,32,4,32,31,64,20240912,ok,,True,3.4668,0.18916,0.50434,0.69351,0.0078491,0.0076334,0.0079762,0.00742,0.0081917,10,20,192,0.0,0,0,303.3,6.74
full,2026-09-30T05:52:50,S,S,64,core,unrolled:lc1,unrolled,lc1,default,cpu,0,32,4,32,31,64,20240912,ok,,True,3.3471,2.8173,4.9156,7.7329,0.012541,0.012229,0.012786,0.011739,0.013007,10,10,192,0.0,0,0,394.1,13.29
full,2026-09-30T05:53:03,S,S,64,core,predict:dense,predict,dense,default,cpu,0,32,4,32,31,64,20240912,ok,,True,3.461,0.11953,1.3417,1.4612,1.2782,1.2166,1.3102,1.0988,1.414,10,1,4160,0.016,0,0,395.2,19.45
full,2026-09-30T05:53:23,S,S,64,core,eager:dense,eager,dense,default,cpu,0,32,4,32,31,64,20240912,ok,,True,3.5638,0.11711,0.1586,0.27572,0.12436,0.12239,0.13574,0.12174,0.14132,10,1,4160,0.016,0,0,259.9,5.92
full,2026-09-30T05:53:29,S,S,64,core,compiled:dense,compiled,dense,default,cpu,0,32,4,32,31,64,20240912,ok,,True,3.2137,0.10008,0.10289,0.20297,0.026981,0.026178,0.028114,0.025437,0.029831,10,5,4160,0.016,0,0,264.2,5.72
full,2026-09-30T05:53:34,S,S,64,core,xla:dense,xla,dense,default,cpu,0,32,4,32,31,64,20240912,ok,,True,3.2664,0.14836,0.16515,0.31351,0.024686,0.024228,0.025648,0.022486,0.026505,10,5,4160,0.016,0,0,290.7,5.76
full,2026-09-30T05:53:40,S,S,64,core,while_loop:dense,while_loop,dense,default,cpu,0,32,4,32,31,64,20240912,ok,,True,3.2574,0.15653,0.22517,0.38171,0.011947,0.011746,0.012691,0.011368,0.014237,10,10,4160,0.016,0,0,266.3,5.85
full,2026-09-30T05:53:46,S,S,64,core,while_loop_xla:dense,while_loop_xla,dense,default,cpu,0,32,4,32,31,64,20240912,ok,,True,3.3653,0.10115,0.1933,0.29445,0.007623,0.0073613,0.0078475,0.0070043,0.0084622,10,20,4160,0.016,0,0,294.9,6.22
full,2026-09-30T05:53:52,S,S,64,core,unrolled:dense,unrolled,dense,default,cpu,0,32,4,32,31,64,20240912,ok,,True,3.5428,0.81629,1.2814,2.0977,0.010255,0.0098501,0.010766,0.0096634,0.01156,10,10,4160,0.016,0,0,283.8,7.63
full,2026-09-30T05:54:00,S,S,64,core,compiled:lc2,compiled,lc2,default,cpu,0,32,4,32,31,64,20240912,ok,,True,3.3136,0.15668,0.1356,0.29228,0.025747,0.02551,0.02586,0.024761,0.026455,10,5,4160,0.016,0,0,267.2,5.86
full,2026-09-30T05:54:06,S,S,64,core,xla:lc2,xla,lc2,default,cpu,0,32,4,32,31,64,20240912,ok,,True,3.356,0.10622,0.13939,0.24561,0.019424,0.018751,0.020937,0.018431,0.022113,10,5,4160,0.016,0,0,291.6,5.54
full,2026-09-30T05:54:11,S,S,64,core,compiled:lc3,compiled,lc3,default,cpu,0,32,4,32,31,64,20240912,ok,,True,3.4087,0.15395,0.13037,0.28431,0.026366,0.02589,0.02782,0.024638,0.030997,10,5,192,0.0,0,0,264.6,6.14
full,2026-09-30T05:54:17,S,S,64,core,compiled:elem,compiled,elem,default,cpu,0,32,4,32,31,64,20240912,ok,,True,3.1965,0.15836,0.10658,0.26494,0.022964,0.022318,0.023675,0.018985,0.024937,10,5,192,0.0,0,0,264.3,5.46
full,2026-09-30T05:54:23,S,S,64,core,xla:elem,xla,elem,default,cpu,0,32,4,32,31,64,20240912,ok,,True,3.3136,0.11519,0.11873,0.23392,0.02021,0.019024,0.021437,0.018709,0.024692,10,10,192,0.0,0,0,291.5,6.67
full,2026-09-30T05:54:29,S,S,64,core,while_loop_xla:elem,while_loop_xla,elem,default,cpu,0,32,4,32,31,64,20240912,ok,,True,3.0223,0.11229,0.18814,0.30043,0.0078187,0.0075326,0.0080091,0.0071269,0.0084425,10,20,192,0.0,0,0,294.0,5.84
full,2026-09-30T05:54:35,S,S,64,core,numpy,numpy,,single,cpu,0,32,4,32,31,64,20240912,ok,,True,3.1987,7.6e-06,0.001937,0.0019446,0.0018987,0.0018399,0.0020072,0.0018256,0.0021745,10,50,,,1,1,239.4,5.01
full,2026-09-30T05:54:40,S,S,64,core,numpy_lut,numpy_lut,,single,cpu,0,32,4,32,31,64,20240912,ok,,True,3.1548,0.0001434,0.0030764,0.0032198,0.0017393,0.0016391,0.0019411,0.0016046,0.0021014,10,100,,,1,1,239.4,5.91
full,2026-09-30T05:54:46,S,S,64,core,predict:lc1,predict,lc1,single,cpu,0,32,4,32,31,64,20240912,ok,,True,3.278,0.18159,1.4227,1.6043,1.3225,1.2718,1.4592,1.0855,2.1575,10,1,192,0.0,1,1,392.5,20.96
full,2026-09-30T05:55:07,S,S,64,core,eager:lc1,eager,lc1,single,cpu,0,32,4,32,31,64,20240912,ok,,True,3.3373,0.14824,0.51907,0.66731,0.55601,0.53897,0.57405,0.52192,0.63747,10,1,192,0.0,1,1,259.2,10.9
full,2026-09-30T05:55:18,S,S,64,core,compiled:lc1,compiled,lc1,single,cpu,0,32,4,32,31,64,20240912,ok,,True,3.3479,0.18741,0.23456,0.42197,0.022975,0.022162,0.026113,0.021006,0.029701,10,5,192,0.0,1,1,261.9,5.94
full,2026-09-30T05:55:24,S,S,64,core,xla:lc1,xla,lc1,single,cpu,0,32,4,32,31,64,20240912,ok,,True,3.5619,0.16686,0.2661,0.43296,0.019442,0.018428,0.020533,0.018082,0.024028,10,10,192,0.0,1,1,292.2,7.05
full,2026-09-30T05:55:31,S,S,64,core,while_loop:lc1,while_loop,lc1,single,cpu,0,32,4,32,31,64,20240912,ok,,True,3.3304,0.18481,0.34258,0.52739,0.013002,0.012582,0.01481,0.012169,0.016094,10,10,192,0.0,1,1,264.7,6.19
full,2026-09-30T05:55:37,S,S,64,core,while_loop_xla:lc1,while_loop_xla,lc1,single,cpu,0,32,4,32,31,64,20240912,ok,,True,3.1491,0.21105,0.46533,0.67639,0.0080383,0.0074415,0.0084864,0.0071685,0.0093467,10,20,192,0.0,1,1,296.6,6.46
full,2026-09-30T05:55:44,S,S,64,core,unrolled:lc1,unrolled,lc1,single,cpu,0,32,4,32,31,64,20240912,ok,,True,3.6045,2.5767,4.5656,7.1423,0.013272,0.012283,0.014407,0.010756,0.016468,10,10,192,0.0,1,1,389.1,13.18
full,2026-09-30T05:55:57,S,S,64,core,predict:dense,predict,dense,single,cpu,0,32,4,32,31,64,20240912,ok,,True,3.3303,0.14725,1.4376,1.5848,1.2956,1.1258,1.3716,1.1051,1.5693,10,1,4160,0.016,1,1,392.1,19.62
full,2026-09-30T05:56:17,S,S,64,core,eager:dense,eager,dense,single,cpu,0,32,4,32,31,64,20240912,ok,,True,3.4786,0.10922,0.14948,0.25869,0.12612,0.12149,0.13091,0.11589,0.14983,10,1,4160,0.016,1,1,256.1,5.84
full,2026-09-30T05:56:22,S,S,64,core,compiled:dense,compiled,dense,single,cpu,0,32,4,32,31,64,20240912,ok,,True,3.5904,0.12407,0.11676,0.24083,0.022811,0.022045,0.02373,0.020312,0.025183,10,5,4160,0.016,1,1,259.5,5.92
full,2026-09-30T05:56:28,S,S,64,core,xla:dense,xla,dense,single,cpu,0,32,4,32,31,64,20240912,ok,,True,3.2625,0.098113,0.12825,0.22636,0.024553,0.02429,0.024899,0.022984,0.027281,10,10,4160,0.016,1,1,285.0,7.2
full,2026-09-30T05:56:35,S,S,64,core,while_loop:dense,while_loop,dense,single,cpu,0,32,4,32,31,64,20240912,ok,,True,3.4995,0.10648,0.14748,0.25396,0.0069185,0.0067306,0.0070868,0.0066669,0.0073799,10,20,4160,0.016,1,1,260.7,6.12
full,2026-09-30T05:56:42,S,S,64,core,while_loop_xla:dense,while_loop_xla,dense,single,cpu,0,32,4,32,31,64,20240912,ok,,True,3.3235,0.11769,0.26055,0.37824,0.010243,0.0098549,0.010799,0.0083933,0.010968,10,20,4160,0.016,1,1,289.0,6.87
full,2026-09-30T05:56:48,S,S,64,core,unrolled:dense,unrolled,dense,single,cpu,0,32,4,32,31,64,20240912,ok,,True,3.1229,0.95893,0.99885,1.9578,0.007113,0.0069029,0.0074111,0.0062767,0.0084335,10,20,4160,0.016,1,1,279.8,7.51
full,2026-09-30T05:56:56,S,S,64,core,compiled:lc2,compiled,lc2,single,cpu,0,32,4,32,31,64,20240912,ok,,True,3.4794,0.11482,0.10242,0.21725,0.023294,0.021265,0.024143,0.019207,0.027729,10,10,4160,0.016,1,1,260.5,7.11
full,2026-09-30T05:57:03,S,S,64,core,xla:lc2,xla,lc2,single,cpu,0,32,4,32,31,64,20240912,ok,,True,3.369,0.13481,0.18244,0.31725,0.024621,0.023718,0.025716,0.022876,0.027576,10,5,4160,0.016,1,1,285.4,5.81
full,2026-09-30T05:57:09,S,S,64,core,compiled:lc3,compiled,lc3,single,cpu,0,32,4,32,31,64,20240912,ok,,True,3.2922,0.12385,0.099702,0.22356,0.017876,0.01679,0.018965,0.016486,0.025627,10,10,192,0.0,1,1,259.6,6.42
full,2026-09-30T05:57:15,S,S,64,core,compiled:elem,compiled,elem,single,cpu,0,32,4,32,31,64,20240912,ok,,True,3.4877,0.13576,0.13336,0.26912,0.020255,0.019809,0.021444,0.019291,0.02327,10,5,192,0.0,1,1,258.5,5.77
full,2026-09-30T05:57:21,S,S,64,core,xla:elem,xla,elem,single,cpu,0,32,4,32,31,64,20240912,ok,,True,3.1687,0.12884,0.15215,0.281,0.024327,0.02351,0.025805,0.02233,0.026599,10,5,192,0.0,1,1,284.4,5.56
full,2026-09-30T05:57:27,S,S,64,core,while_loop_xla:elem,while_loop_xla,elem,single,cpu,0,32,4,32,31,64,20240912,ok,,True,3.3968,0.13993,0.20536,0.3453,0.0069993,0.0066712,0.0074642,0.006397,0.0078707,10,20,192,0.0,1,1,288.0,6.11
full,2026-09-30T05:57:33,S,S,128,core,cellpylib,cellpylib,,default,cpu,0,32,4,32,31,128,20240912,ok,,True,4.2721,9.7e-06,3.1966,3.1967,2.8592,2.785,3.0693,2.6144,3.3459,10,1,,,0,0,263.5,40.25
full,2026-09-30T05:58:13,S,S,128,core,numpy,numpy,,default,cpu,0,32,4,32,31,128,20240912,ok,,True,3.2508,1.33e-05,0.0046689,0.0046822,0.0034202,0.0032388,0.0036005,0.002798,0.0040118,10,50,,,0,0,240.6,5.92
full,2026-09-30T05:58:19,S,S,128,core,numpy_lut,numpy_lut,,default,cpu,0,32,4,32,31,128,20240912,ok,,True,3.3339,6.93e-05,0.0020652,0.0021345,0.0019386,0.0018923,0.002164,0.0018468,0.0027937,10,100,,,0,0,240.8,6.48
full,2026-09-30T05:58:25,S,S,128,core,predict:lc1,predict,lc1,default,cpu,0,32,4,32,31,128,20240912,ok,,True,3.5656,0.20624,1.6483,1.8545,1.2642,1.1617,1.3732,1.104,1.4362,10,1,192,0.0,0,0,399.9,20.08
full,2026-09-30T05:58:45,S,S,128,core,eager:lc1,eager,lc1,default,cpu,0,32,4,32,31,128,20240912,ok,,True,3.4268,0.17855,0.50448,0.68303,0.49775,0.47435,0.51548,0.45736,0.54237,10,1,192,0.0,0,0,266.5,10.21
full,2026-09-30T05:58:56,S,S,128,core,compiled:lc1,compiled,lc1,default,cpu,0,32,4,32,31,128,20240912,ok,,True,3.3441,0.21205,0.22711,0.43916,0.029109,0.028752,0.029817,0.028221,0.03145,10,5,192,0.0,0,0,270.8,6.21
full,2026-09-30T05:59:02,S,S,128,core,xla:lc1,xla,lc1,default,cpu,0,32,4,32,31,128,20240912,ok,,True,3.1238,0.14894,0.25315,0.40209,0.030673,0.027795,0.032285,0.023828,0.036929,10,5,192,0.0,0,0,300.2,5.98
full,2026-09-30T05:59:08,S,S,128,core,while_loop:lc1,while_loop,lc1,default,cpu,0,32,4,32,31,128,20240912,ok,,True,3.232,0.19435,0.41025,0.6046,0.019906,0.017559,0.020223,0.017168,0.020771,10,10,192,0.0,0,0,272.5,6.82
full,2026-09-30T05:59:15,S,S,128,core,while_loop_xla:lc1,while_loop_xla,lc1,default,cpu,0,32,4,32,31,128,20240912,ok,,True,3.4969,0.16901,0.5285,0.69751,0.013208,0.012679,0.013947,0.012085,0.015015,10,10,192,0.0,0,0,304.9,6.53
full,2026-09-30T05:59:21,S,S,128,core,unrolled:lc1,unrolled,lc1,default,cpu,0,32,4,32,31,128,20240912,ok,,True,3.2574,2.618,4.9069,7.5249,0.01721,0.016909,0.017631,0.016615,0.018353,10,10,192,0.0,0,0,393.7,13.63
full,2026-09-30T05:59:35,S,S,128,core,predict:dense,predict,dense,default,cpu,0,32,4,32,31,128,20240912,ok,,True,3.4773,0.1305,1.6172,1.7477,1.2792,1.173,1.3473,1.15,1.4349,10,1,4160,0.016,0,0,397.6,20.19
full,2026-09-30T05:59:55,S,S,128,core,eager:dense,eager,dense,default,cpu,0,32,4,32,31,128,20240912,ok,,True,3.3478,0.13469,0.22487,0.35955,0.15616,0.14176,0.17572,0.12677,0.20018,10,1,4160,0.016,0,0,262.7,6.17
full,2026-09-30T06:00:01,S,S,128,core,compiled:dense,compiled,dense,default,cpu,0,32,4,32,31,128,20240912,ok,,True,3.3061,0.13091,0.13979,0.27069,0.029337,0.028856,0.030579,0.028434,0.034613,10,5,4160,0.016,0,0,266.4,6.02
full,2026-09-30T06:00:07,S,S,128,core,xla:dense,xla,dense,default,cpu,0,32,4,32,31,128,20240912,ok,,True,3.5718,0.10158,0.1314,0.23299,0.028634,0.028016,0.029642,0.026666,0.031109,10,5,4160,0.016,0,0,293.7,6.22
full,2026-09-30T06:00:13,S,S,128,core,while_loop:dense,while_loop,dense,default,cpu,0,32,4,32,31,128,20240912,ok,,True,3.1242,0.13867,0.22851,0.36717,0.020567,0.020058,0.022453,0.019328,0.023477,10,5,4160,0.016,0,0,267.9,5.48
full,2026-09-30T06:00:19,S,S,128,core,while_loop_xla:dense,while_loop_xla,dense,default,cpu,0,32,4,32,31,128,20240912,ok,,True,3.2481,0.12463,0.28564,0.41027,0.01273,0.012175,0.013526,0.011812,0.013959,10,10,4160,0.016,0,0,296.6,5.94
full,2026-09-30T06:00:25,S,S,128,core,unrolled:dense,unrolled,dense,default,cpu,0,32,4,32,31,128,20240912,ok,,True,3.4456,0.88843,1.1853,2.0737,0.018508,0.017662,0.019078,0.017098,0.02021,10,10,4160,0.016,0,0,287.2,8.42
full,2026-09-30T06:00:33,S,S,128,core,compiled:lc2,compiled,lc2,default,cpu,0,32,4,32,31,128,20240912,ok,,True,3.3639,0.13204,0.13064,0.26268,0.033947,0.033072,0.034221,0.032184,0.035591,10,5,4160,0.016,0,0,269.0,6.32
full,2026-09-30T06:00:40,S,S,128,core,xla:lc2,xla,lc2,default,cpu,0,32,4,32,31,128,20240912,ok,,True,3.4868,0.11683,0.14957,0.26639,0.024024,0.023229,0.025089,0.022484,0.027532,10,5,4160,0.016,0,0,294.5,5.97
full,2026-09-30T06:00:46,S,S,128,core,compiled:lc3,compiled,lc3,default,cpu,0,32,4,32,31,128,20240912,ok,,True,3.3809,0.13337,0.12348,0.25685,0.032917,0.032244,0.033438,0.030948,0.037499,10,5,192,0.0,0,0,266.7,6.38
full,2026-09-30T06:00:52,S,S,128,core,compiled:elem,compiled,elem,default,cpu,0,32,4,32,31,128,20240912,ok,,True,3.1912,0.13481,0.12197,0.25678,0.024404,0.022941,0.027131,0.02287,0.031401,10,5,192,0.0,0,0,266.1,5.69
full,2026-09-30T06:00:58,S,S,128,core,xla:elem,xla,elem,default,cpu,0,32,4,32,31,128,20240912,ok,,True,3.659,0.10843,0.11868,0.22711,0.024799,0.022854,0.025205,0.0218,0.027271,10,5,192,0.0,0,0,292.2,5.98
full,2026-09-30T06:01:04,S,S,128,core,while_loop_xla:elem,while_loop_xla,elem,default,cpu,0,32,4,32,31,128,20240912,ok,,True,3.2431,0.13772,0.24049,0.37821,0.014281,0.013542,0.014578,0.012893,0.014872,10,10,192,0.0,0,0,296.5,6.0
full,2026-09-30T06:01:10,S,S,128,core,numpy,numpy,,single,cpu,0,32,4,32,31,128,20240912,ok,,True,3.2912,1.67e-05,0.005029,0.0050457,0.0030363,0.0028119,0.0031135,0.0026833,0.0043004,10,50,,,1,1,238.9,5.91
full,2026-09-30T06:01:16,S,S,128,core,numpy_lut,numpy_lut,,single,cpu,0,32,4,32,31,128,20240912,ok,,True,3.3506,0.0001158,0.0036766,0.0037924,0.0025443,0.0023471,0.0027264,0.0021776,0.0030649,10,50,,,1,1,239.6,5.49
full,2026-09-30T06:01:21,S,S,128,core,predict:lc1,predict,lc1,single,cpu,0,32,4,32,31,128,20240912,ok,,True,3.0322,0.15238,1.4241,1.5765,1.2608,1.1701,1.3564,1.0739,1.5952,10,1,192,0.0,1,1,394.6,19.27
full,2026-09-30T06:01:40,S,S,128,core,eager:lc1,eager,lc1,single,cpu,0,32,4,32,31,128,20240912,ok,,True,3.5331,0.14717,0.55445,0.70162,0.56378,0.51558,0.61509,0.45734,0.66536,10,1,192,0.0,1,1,260.9,11.07
full,2026-09-30T06:01:51,S,S,128,core,compiled:lc1,compiled,lc1,single,cpu,0,32,4,32,31,128,20240912,ok,,True,3.0899,0.15535,0.21864,0.37399,0.027574,0.025871,0.028375,0.025636,0.032193,10,5,192,0.0,1,1,264.3,5.8
full,2026-09-30T06:01:57,S,S,128,core,xla:lc1,xla,lc1,single,cpu,0,32,4,32,31,128,20240912,ok,,True,3.2531,0.20094,0.29232,0.49326,0.028611,0.026396,0.030752,0.026014,0.032161,10,5,192,0.0,1,1,294.3,6.24
full,2026-09-30T06:02:03,S,S,128,core,while_loop:lc1,while_loop,lc1,single,cpu,0,32,4,32,31,128,20240912,ok,,True,3.1424,0.1493,0.32732,0.47662,0.016583,0.015769,0.017294,0.014431,0.018389,10,10,192,0.0,1,1,265.8,6.31
full,2026-09-30T06:02:10,S,S,128,core,while_loop_xla:lc1,while_loop_xla,lc1,single,cpu,0,32,4,32,31,128,20240912,ok,,True,3.2841,0.15213,0.43728,0.58941,0.014649,0.014312,0.015907,0.013866,0.018662,10,10,192,0.0,1,1,298.2,6.4
full,2026-09-30T06:02:16,S,S,128,core,unrolled:lc1,unrolled,lc1,single,cpu,0,32,4,32,31,128,20240912,ok,,True,3.3618,4.3673,4.1838,8.5511,0.017766,0.017261,0.018086,0.016306,0.020165,10,10,192,0.0,1,1,388.3,14.86
full,2026-09-30T06:02:31,S,S,128,core,predict:dense,predict,dense,single,cpu,0,32,4,32,31,128,20240912,ok,,True,3.2287,0.12645,1.5237,1.6502,1.3058,1.2007,1.4036,1.0709,1.6722,10,1,4160,0.016,1,1,391.5,20.13
full,2026-09-30T06:02:51,S,S,128,core,eager:dense,eager,dense,single,cpu,0,32,4,32,31,128,20240912,ok,,True,3.5526,0.1192,0.15796,0.27716,0.12105,0.11949,0.12452,0.11806,0.14787,10,1,4160,0.016,1,1,257.4,5.92
full,2026-09-30T06:02:57,S,S,128,core,compiled:dense,compiled,dense,single,cpu,0,32,4,32,31,128,20240912,ok,,True,3.4583,0.13717,0.12743,0.26459,0.028734,0.028012,0.029392,0.025363,0.0302,10,5,4160,0.016,1,1,261.2,6.16
full,2026-09-30T06:03:03,S,S,128,core,xla:dense,xla,dense,single,cpu,0,32,4,32,31,128,20240912,ok,,True,3.1335,0.11354,0.16704,0.28059,0.032461,0.031287,0.035776,0.028723,0.037246,10,5,4160,0.016,1,1,285.7,6.06
full,2026-09-30T06:03:09,S,S,128,core,while_loop:dense,while_loop,dense,single,cpu,0,32,4,32,31,128,20240912,ok,,True,3.5773,0.17216,0.21526,0.38742,0.013081,0.01273,0.013584,0.012087,0.014326,10,10,4160,0.016,1,1,262.3,6.17
full,2026-09-30T06:03:15,S,S,128,core,while_loop_xla:dense,while_loop_xla,dense,single,cpu,0,32,4,32,31,128,20240912,ok,,True,9.2323,0.13238,0.29748,0.42986,0.016686,0.015698,0.018443,0.015322,0.021055,10,10,4160,0.016,1,1,290.0,12.69
full,2026-09-30T06:03:28,S,S,128,core,unrolled:dense,unrolled,dense,single,cpu,0,32,4,32,31,128,20240912,ok,,True,3.6488,0.92699,1.1467,2.0737,0.015397,0.014042,0.016416,0.013315,0.018238,10,10,4160,0.016,1,1,281.9,8.25
full,2026-09-30T06:03:36,S,S,128,core,compiled:lc2,compiled,lc2,single,cpu,0,32,4,32,31,128,20240912,ok,,True,3.1953,0.16672,0.20487,0.3716,0.032873,0.029959,0.033251,0.028377,0.034972,10,5,4160,0.016,1,1,262.3,6.19
full,2026-09-30T06:03:43,S,S,128,core,xla:lc2,xla,lc2,single,cpu,0,32,4,32,31,128,20240912,ok,,True,3.3713,0.1123,0.14725,0.25955,0.026425,0.025935,0.028982,0.025268,0.031135,10,5,4160,0.016,1,1,287.3,5.93
full,2026-09-30T06:03:49,S,S,128,core,compiled:lc3,compiled,lc3,single,cpu,0,32,4,32,31,128,20240912,ok,,True,3.6755,0.15247,0.14091,0.29338,0.027024,0.026184,0.030918,0.022206,0.033181,10,5,192,0.0,1,1,262.0,6.31
full,2026-09-30T06:03:55,S,S,128,core,compiled:elem,compiled,elem,single,cpu,0,32,4,32,31,128,20240912,ok,,True,3.2882,0.23,0.14974,0.37973,0.03448,0.031775,0.036009,0.029049,0.039597,10,5,192,0.0,1,1,260.5,6.43
full,2026-09-30T06:04:01,S,S,128,core,xla:elem,xla,elem,single,cpu,0,32,4,32,31,128,20240912,ok,,True,3.5708,0.11454,0.12553,0.24007,0.02498,0.024575,0.02539,0.023975,0.028684,10,5,192,0.0,1,1,286.7,6.08
full,2026-09-30T06:04:07,S,S,128,core,while_loop_xla:elem,while_loop_xla,elem,single,cpu,0,32,4,32,31,128,20240912,ok,,True,3.1057,0.14109,0.24656,0.38766,0.015456,0.01414,0.020099,0.012931,0.022384,10,10,192,0.0,1,1,289.4,6.21
full,2026-09-30T06:04:14,S,S,256,core,cellpylib,cellpylib,,default,cpu,0,32,4,32,31,256,20240912,ok,,True,3.8015,7.2e-06,5.747,5.747,5.8177,5.6633,6.1252,5.1344,6.3362,10,1,,,0,0,264.9,73.95
full,2026-09-30T06:05:28,S,S,256,core,numpy,numpy,,default,cpu,0,32,4,32,31,256,20240912,ok,,True,3.3823,8.1e-06,0.0058727,0.0058808,0.0049876,0.0045826,0.0056758,0.0040642,0.0060758,10,50,,,0,0,241.7,7.05
full,2026-09-30T06:05:35,S,S,256,core,numpy_lut,numpy_lut,,default,cpu,0,32,4,32,31,256,20240912,ok,,True,3.3359,9.99e-05,0.0036145,0.0037144,0.0038922,0.0036757,0.0043414,0.0032357,0.0051062,10,20,,,0,0,241.4,4.98
full,2026-09-30T06:05:40,S,S,256,core,predict:lc1,predict,lc1,default,cpu,0,32,4,32,31,256,20240912,ok,,True,3.5395,0.20317,1.5499,1.753,1.2861,1.1964,1.3504,1.0989,1.5074,10,1,192,0.0,0,0,405.5,20.21
full,2026-09-30T06:06:00,S,S,256,core,eager:lc1,eager,lc1,default,cpu,0,32,4,32,31,256,20240912,ok,,True,3.644,0.22647,0.58203,0.8085,0.56995,0.51691,0.60341,0.49253,0.62964,10,1,192,0.0,0,0,268.0,11.28
full,2026-09-30T06:06:11,S,S,256,core,compiled:lc1,compiled,lc1,default,cpu,0,32,4,32,31,256,20240912,ok,,True,3.4989,0.1908,0.24764,0.43845,0.035757,0.034722,0.037218,0.033153,0.038298,10,5,192,0.0,0,0,272.3,6.73
full,2026-09-30T06:06:18,S,S,256,core,xla:lc1,xla,lc1,default,cpu,0,32,4,32,31,256,20240912,ok,,True,2.9936,0.18016,0.37778,0.55795,0.035223,0.034905,0.03588,0.03286,0.036915,10,5,192,0.0,0,0,302.9,6.3
full,2026-09-30T06:06:24,S,S,256,core,while_loop:lc1,while_loop,lc1,default,cpu,0,32,4,32,31,256,20240912,ok,,True,3.0749,0.14651,0.35107,0.49758,0.021245,0.020806,0.022065,0.02035,0.022343,10,5,192,0.0,0,0,273.9,5.52
full,2026-09-30T06:06:30,S,S,256,core,while_loop_xla:lc1,while_loop_xla,lc1,default,cpu,0,32,4,32,31,256,20240912,ok,,True,3.5541,0.17001,0.50648,0.67649,0.018134,0.017383,0.020136,0.017016,0.021884,10,10,192,0.0,0,0,308.2,7.14
full,2026-09-30T06:06:37,S,S,256,core,unrolled:lc1,unrolled,lc1,default,cpu,0,32,4,32,31,256,20240912,ok,,True,3.0632,2.4498,4.4349,6.8847,0.021914,0.021426,0.02213,0.020748,0.022949,10,5,192,0.0,0,0,393.4,11.99
full,2026-09-30T06:06:49,S,S,256,core,predict:dense,predict,dense,default,cpu,0,32,4,32,31,256,20240912,ok,,True,3.0999,0.12484,1.5267,1.6515,1.2844,1.1846,1.3715,1.1306,1.4208,10,1,4160,0.016,0,0,402.9,19.66
full,2026-09-30T06:07:08,S,S,256,core,eager:dense,eager,dense,default,cpu,0,32,4,32,31,256,20240912,ok,,True,3.2155,0.13818,0.23508,0.37327,0.17801,0.17172,0.18049,0.15644,0.18466,10,1,4160,0.016,0,0,265.6,6.2
full,2026-09-30T06:07:15,S,S,256,core,compiled:dense,compiled,dense,default,cpu,0,32,4,32,31,256,20240912,ok,,True,3.3399,0.10489,0.10603,0.21092,0.033324,0.03269,0.034156,0.031767,0.035167,10,5,4160,0.016,0,0,267.5,6.21
full,2026-09-30T06:07:21,S,S,256,core,xla:dense,xla,dense,default,cpu,0,32,4,32,31,256,20240912,ok,,True,3.3331,0.11979,0.17853,0.29832,0.031063,0.030154,0.033855,0.029543,0.036474,10,5,4160,0.016,0,0,295.1,6.31
full,2026-09-30T06:07:27,S,S,256,core,while_loop:dense,while_loop,dense,default,cpu,0,32,4,32,31,256,20240912,ok,,True,3.1874,0.11393,0.18486,0.29879,0.020872,0.020386,0.021345,0.019893,0.022172,10,5,4160,0.016,0,0,270.8,5.44
full,2026-09-30T06:07:33,S,S,256,core,while_loop_xla:dense,while_loop_xla,dense,default,cpu,0,32,4,32,31,256,20240912,ok,,True,3.363,0.10548,0.22306,0.32854,0.019078,0.018864,0.019623,0.018358,0.021287,10,10,4160,0.016,0,0,299.8,6.66
full,2026-09-30T06:07:39,S,S,256,core,unrolled:dense,unrolled,dense,default,cpu,0,32,4,32,31,256,20240912,ok,,True,3.334,0.82875,1.1419,1.9707,0.020316,0.019829,0.020765,0.01926,0.023019,10,10,4160,0.016,0,0,288.4,8.41
full,2026-09-30T06:07:48,S,S,256,core,compiled:lc2,compiled,lc2,default,cpu,0,32,4,32,31,256,20240912,ok,,True,3.0182,0.13179,0.15374,0.28553,0.033767,0.031802,0.035192,0.0309,0.03847,10,5,4160,0.016,0,0,269.6,6.0
full,2026-09-30T06:07:54,S,S,256,core,xla:lc2,xla,lc2,default,cpu,0,32,4,32,31,256,20240912,ok,,True,3.5683,0.18253,0.18186,0.36439,0.030679,0.030208,0.032366,0.02987,0.032818,10,5,4160,0.016,0,0,296.5,6.53
full,2026-09-30T06:08:00,S,S,256,core,compiled:lc3,compiled,lc3,default,cpu,0,32,4,32,31,256,20240912,ok,,True,3.338,0.14265,0.15549,0.29814,0.03261,0.031617,0.033297,0.03096,0.040489,10,5,192,0.0,0,0,268.6,6.32
full,2026-09-30T06:08:06,S,S,256,core,compiled:elem,compiled,elem,default,cpu,0,32,4,32,31,256,20240912,ok,,True,3.2497,0.12231,0.09933,0.22164,0.028019,0.027753,0.030092,0.027331,0.034201,10,5,192,0.0,0,0,268.4,5.91
full,2026-09-30T06:08:12,S,S,256,core,xla:elem,xla,elem,default,cpu,0,32,4,32,31,256,20240912,ok,,True,3.5479,0.14323,0.16497,0.3082,0.03237,0.028678,0.034229,0.027359,0.036395,10,5,192,0.0,0,0,295.4,6.48
full,2026-09-30T06:08:19,S,S,256,core,while_loop_xla:elem,while_loop_xla,elem,default,cpu,0,32,4,32,31,256,20240912,ok,,True,3.2193,0.13544,0.24684,0.38229,0.016655,0.0165,0.016974,0.015667,0.01768,10,10,192,0.0,0,0,298.7,6.27
full,2026-09-30T06:08:25,S,S,256,core,numpy,numpy,,single,cpu,0,32,4,32,31,256,20240912,ok,,True,3.4125,7.8e-06,0.0037809,0.0037887,0.004158,0.0036939,0.0045881,0.0036346,0.0049341,10,50,,,1,1,240.6,6.57
full,2026-09-30T06:08:32,S,S,256,core,numpy_lut,numpy_lut,,single,cpu,0,32,4,32,31,256,20240912,ok,,True,3.3528,9.39e-05,0.003475,0.0035689,0.0034797,0.0033106,0.003748,0.0031084,0.004144,10,50,,,1,1,240.5,6.19
full,2026-09-30T06:08:38,S,S,256,core,predict:lc1,predict,lc1,single,cpu,0,32,4,32,31,256,20240912,ok,,True,3.234,0.20295,1.5624,1.7653,1.2613,1.1821,1.417,1.1291,1.4891,10,1,192,0.0,1,1,399.8,20.12
full,2026-09-30T06:08:58,S,S,256,core,eager:lc1,eager,lc1,single,cpu,0,32,4,32,31,256,20240912,ok,,True,3.352,0.16011,0.55791,0.71802,0.58409,0.52166,0.61621,0.491,0.73118,10,1,192,0.0,1,1,263.1,11.15
full,2026-09-30T06:09:09,S,S,256,core,compiled:lc1,compiled,lc1,single,cpu,0,32,4,32,31,256,20240912,ok,,True,3.3578,0.15095,0.2676,0.41855,0.058292,0.05631,0.058924,0.047568,0.060083,10,2,192,0.0,1,1,265.6,5.91
full,2026-09-30T06:09:15,S,S,256,core,xla:lc1,xla,lc1,single,cpu,0,32,4,32,31,256,20240912,ok,,True,3.3007,0.19673,0.34007,0.5368,0.044363,0.041484,0.051232,0.039095,0.054537,10,2,192,0.0,1,1,296.1,5.69
full,2026-09-30T06:09:21,S,S,256,core,while_loop:lc1,while_loop,lc1,single,cpu,0,32,4,32,31,256,20240912,ok,,True,3.3217,0.1945,0.40549,0.59999,0.028552,0.026511,0.031072,0.026055,0.035288,10,5,192,0.0,1,1,268.4,6.46
full,2026-09-30T06:09:27,S,S,256,core,while_loop_xla:lc1,while_loop_xla,lc1,single,cpu,0,32,4,32,31,256,20240912,ok,,True,3.4587,0.14705,0.45009,0.59714,0.033802,0.030573,0.035781,0.029952,0.039468,10,5,192,0.0,1,1,300.7,6.79
full,2026-09-30T06:09:34,S,S,256,core,unrolled:lc1,unrolled,lc1,single,cpu,0,32,4,32,31,256,20240912,ok,,True,3.4,2.5432,4.7799,7.3231,0.036014,0.03431,0.039208,0.030445,0.041364,10,5,192,0.0,1,1,389.1,13.67
full,2026-09-30T06:09:48,S,S,256,core,predict:dense,predict,dense,single,cpu,0,32,4,32,31,256,20240912,ok,,True,3.0913,0.11323,1.308,1.4212,1.1798,1.15,1.2827,1.0922,1.3306,10,1,4160,0.016,1,1,397.7,18.55
full,2026-09-30T06:10:06,S,S,256,core,eager:dense,eager,dense,single,cpu,0,32,4,32,31,256,20240912,ok,,True,3.0932,0.1048,0.17857,0.28338,0.14159,0.13734,0.14452,0.13102,0.15475,10,1,4160,0.016,1,1,259.1,5.67
full,2026-09-30T06:10:12,S,S,256,core,compiled:dense,compiled,dense,single,cpu,0,32,4,32,31,256,20240912,ok,,True,3.1506,0.13056,0.13586,0.26641,0.035994,0.033332,0.037301,0.032612,0.044471,10,5,4160,0.016,1,1,262.8,6.29
full,2026-09-30T06:10:18,S,S,256,core,xla:dense,xla,dense,single,cpu,0,32,4,32,31,256,20240912,ok,,True,3.1424,0.1257,0.18626,0.31196,0.046182,0.042548,0.047764,0.038626,0.050797,10,5,4160,0.016,1,1,289.3,6.87
full,2026-09-30T06:10:25,S,S,256,core,while_loop:dense,while_loop,dense,single,cpu,0,32,4,32,31,256,20240912,ok,,True,3.3924,0.099386,0.18868,0.28807,0.027629,0.024846,0.029628,0.022308,0.031981,10,5,4160,0.016,1,1,265.3,6.09
full,2026-09-30T06:10:31,S,S,256,core,while_loop_xla:dense,while_loop_xla,dense,single,cpu,0,32,4,32,31,256,20240912,ok,,True,3.2478,0.14094,0.30554,0.44648,0.037633,0.035906,0.04021,0.033122,0.041309,10,5,4160,0.016,1,1,293.2,6.65
full,2026-09-30T06:10:38,S,S,256,core,unrolled:dense,unrolled,dense,single,cpu,0,32,4,32,31,256,20240912,ok,,True,3.2865,0.78335,0.96546,1.7488,0.031861,0.030149,0.033313,0.023009,0.035214,10,5,4160,0.016,1,1,282.6,7.5
full,2026-09-30T06:10:45,S,S,256,core,compiled:lc2,compiled,lc2,single,cpu,0,32,4,32,31,256,20240912,ok,,True,3.3376,0.14325,0.13694,0.28019,0.03849,0.036542,0.040074,0.034951,0.05494,10,5,4160,0.016,1,1,264.5,6.7
full,2026-09-30T06:10:52,S,S,256,core,xla:lc2,xla,lc2,single,cpu,0,32,4,32,31,256,20240912,ok,,True,3.4219,0.1155,0.19673,0.31224,0.054629,0.053239,0.055384,0.046548,0.056306,10,5,4160,0.016,1,1,289.9,7.55
full,2026-09-30T06:11:00,S,S,256,core,compiled:lc3,compiled,lc3,single,cpu,0,32,4,32,31,256,20240912,ok,,True,3.1734,0.12693,0.15471,0.28164,0.038931,0.036736,0.041722,0.036147,0.045686,10,5,192,0.0,1,1,263.4,6.54
full,2026-09-30T06:11:06,S,S,256,core,compiled:elem,compiled,elem,single,cpu,0,32,4,32,31,256,20240912,ok,,True,3.3281,0.10545,0.11514,0.2206,0.036914,0.034238,0.039635,0.033002,0.045842,10,5,192,0.0,1,1,262.1,6.51
full,2026-09-30T06:11:13,S,S,256,core,xla:elem,xla,elem,single,cpu,0,32,4,32,31,256,20240912,ok,,True,3.3008,0.16034,0.20211,0.36245,0.056851,0.053593,0.057453,0.04706,0.062248,10,2,192,0.0,1,1,289.0,5.74
full,2026-09-30T06:11:18,S,S,256,core,while_loop_xla:elem,while_loop_xla,elem,single,cpu,0,32,4,32,31,256,20240912,ok,,True,3.2138,0.14301,0.2444,0.38741,0.027036,0.026187,0.027665,0.025077,0.029028,10,5,192,0.0,1,1,292.1,5.9
full,2026-09-30T06:11:24,S,S,512,core,cellpylib,cellpylib,,default,cpu,0,32,4,32,31,512,20240912,ok,,True,3.9355,7.7e-06,11.486,11.486,11.906,11.743,12.085,11.47,12.897,10,1,,,0,0,267.8,148.86
full,2026-09-30T06:13:53,S,S,512,core,numpy,numpy,,default,cpu,0,32,4,32,31,512,20240912,ok,,True,4.087,1.63e-05,0.0089986,0.0090149,0.0094697,0.008349,0.0098424,0.0073269,0.011052,10,10,,,0,0,243.8,6.08
full,2026-09-30T06:13:59,S,S,512,core,numpy_lut,numpy_lut,,default,cpu,0,32,4,32,31,512,20240912,ok,,True,3.9969,9.08e-05,0.0053845,0.0054753,0.0072359,0.006939,0.0075366,0.0058275,0.0077812,10,20,,,0,0,243.0,6.45
full,2026-09-30T06:14:06,S,S,512,core,predict:lc1,predict,lc1,default,cpu,0,32,4,32,31,512,20240912,ok,,True,4.2349,0.21945,2.1375,2.3569,1.5892,1.4849,1.6955,1.3385,1.8345,10,1,192,0.0,0,0,412.6,24.96
full,2026-09-30T06:14:31,S,S,512,core,eager:lc1,eager,lc1,default,cpu,0,32,4,32,31,512,20240912,ok,,True,3.4314,0.17479,0.69455,0.86934,0.58985,0.57411,0.66825,0.53089,0.71091,10,1,192,0.0,0,0,275.3,11.76
full,2026-09-30T06:14:42,S,S,512,core,compiled:lc1,compiled,lc1,default,cpu,0,32,4,32,31,512,20240912,ok,,True,3.2905,0.14695,0.22582,0.37277,0.047593,0.046487,0.050044,0.044167,0.054868,10,5,192,0.0,0,0,279.9,7.21
full,2026-09-30T06:14:50,S,S,512,core,xla:lc1,xla,lc1,default,cpu,0,32,4,32,31,512,20240912,ok,,True,3.2418,0.19034,0.32956,0.5199,0.058613,0.056172,0.06198,0.053353,0.068578,10,2,192,0.0,0,0,309.1,5.9
full,2026-09-30T06:14:55,S,S,512,core,while_loop:lc1,while_loop,lc1,default,cpu,0,32,4,32,31,512,20240912,ok,,True,4.3075,0.17947,0.40127,0.58074,0.030626,0.029712,0.031532,0.029377,0.032879,10,5,192,0.0,0,0,282.6,7.41
full,2026-09-30T06:15:03,S,S,512,core,while_loop_xla:lc1,while_loop_xla,lc1,default,cpu,0,32,4,32,31,512,20240912,ok,,True,3.371,0.15617,0.48206,0.63823,0.032126,0.031321,0.032943,0.030913,0.033419,10,5,192,0.0,0,0,312.7,6.69
full,2026-09-30T06:15:10,S,S,512,core,unrolled:lc1,unrolled,lc1,default,cpu,0,32,4,32,31,512,20240912,ok,,True,3.3521,2.5272,4.9426,7.4698,0.031335,0.030777,0.031684,0.030517,0.032206,10,5,192,0.0,0,0,394.3,13.5
full,2026-09-30T06:15:23,S,S,512,core,predict:dense,predict,dense,default,cpu,0,32,4,32,31,512,20240912,ok,,True,3.3349,0.13939,1.6012,1.7406,1.3231,1.2325,1.3852,1.1675,1.4718,10,1,4160,0.016,0,0,410.1,20.41
full,2026-09-30T06:15:43,S,S,512,core,eager:dense,eager,dense,default,cpu,0,32,4,32,31,512,20240912,ok,,True,3.321,0.1077,0.23437,0.34207,0.17648,0.17308,0.17771,0.1668,0.18235,10,1,4160,0.016,0,0,270.3,6.3
full,2026-09-30T06:15:50,S,S,512,core,compiled:dense,compiled,dense,default,cpu,0,32,4,32,31,512,20240912,ok,,True,3.3045,0.10391,0.11196,0.21588,0.044349,0.043947,0.045364,0.03919,0.046619,10,5,4160,0.016,0,0,276.5,6.92
full,2026-09-30T06:15:57,S,S,512,core,xla:dense,xla,dense,default,cpu,0,32,4,32,31,512,20240912,ok,,True,3.4581,0.15044,0.19714,0.34758,0.055971,0.052037,0.058109,0.048942,0.063235,10,2,4160,0.016,0,0,302.7,5.83
full,2026-09-30T06:16:03,S,S,512,core,while_loop:dense,while_loop,dense,default,cpu,0,32,4,32,31,512,20240912,ok,,True,3.3275,0.11376,0.17904,0.29279,0.029064,0.028083,0.029705,0.027594,0.030377,10,5,4160,0.016,0,0,278.1,6.04
full,2026-09-30T06:16:09,S,S,512,core,while_loop_xla:dense,while_loop_xla,dense,default,cpu,0,32,4,32,31,512,20240912,ok,,True,3.4623,0.10044,0.2183,0.31874,0.031147,0.030633,0.031921,0.029947,0.032708,10,5,4160,0.016,0,0,305.9,6.42
full,2026-09-30T06:16:15,S,S,512,core,unrolled:dense,unrolled,dense,default,cpu,0,32,4,32,31,512,20240912,ok,,True,3.1794,1.0204,1.2835,2.3039,0.028491,0.027894,0.028629,0.027741,0.028986,10,5,4160,0.016,0,0,296.2,7.93
full,2026-09-30T06:16:23,S,S,512,core,compiled:lc2,compiled,lc2,default,cpu,0,32,4,32,31,512,20240912,ok,,True,3.1825,0.10773,0.12501,0.23273,0.046088,0.045198,0.047056,0.038127,0.050909,10,5,4160,0.016,0,0,278.0,6.83
full,2026-09-30T06:16:30,S,S,512,core,xla:lc2,xla,lc2,default,cpu,0,32,4,32,31,512,20240912,ok,,True,3.3601,0.14709,0.19579,0.34288,0.050957,0.049403,0.053193,0.048133,0.057613,10,2,4160,0.016,0,0,302.9,5.68
full,2026-09-30T06:16:35,S,S,512,core,compiled:lc3,compiled,lc3,default,cpu,0,32,4,32,31,512,20240912,ok,,True,3.4559,0.13037,0.14713,0.27751,0.043878,0.042681,0.046655,0.041158,0.049899,10,5,192,0.0,0,0,276.8,7.09
full,2026-09-30T06:16:43,S,S,512,core,compiled:elem,compiled,elem,default,cpu,0,32,4,32,31,512,20240912,ok,,True,3.1291,0.14176,0.11152,0.25327,0.042423,0.041864,0.042977,0.041055,0.044862,10,5,192,0.0,0,0,275.1,6.58
full,2026-09-30T06:16:49,S,S,512,core,xla:elem,xla,elem,default,cpu,0,32,4,32,31,512,20240912,ok,,True,3.544,0.12668,0.17073,0.29742,0.045674,0.044125,0.046252,0.042873,0.051712,10,5,192,0.0,0,0,302.0,7.25
full,2026-09-30T06:16:56,S,S,512,core,while_loop_xla:elem,while_loop_xla,elem,default,cpu,0,32,4,32,31,512,20240912,ok,,True,3.3399,0.13843,0.27898,0.41741,0.025011,0.024743,0.025992,0.024204,0.026787,10,5,192,0.0,0,0,305.7,6.01
full,2026-09-30T06:17:02,S,S,512,core,numpy,numpy,,single,cpu,0,32,4,32,31,512,20240912,ok,,True,3.226,1.33e-05,0.0065142,0.0065275,0.0066032,0.0060972,0.0069442,0.0058467,0.0073819,10,20,,,1,1,243.2,5.6
full,2026-09-30T06:17:08,S,S,512,core,numpy_lut,numpy_lut,,single,cpu,0,32,4,32,31,512,20240912,ok,,True,3.5133,9.66e-05,0.0051757,0.0052723,0.0049759,0.0047942,0.0058685,0.0047087,0.0079247,10,20,,,1,1,241.9,5.52
full,2026-09-30T06:17:14,S,S,512,core,predict:lc1,predict,lc1,single,cpu,0,32,4,32,31,512,20240912,ok,,True,3.3523,0.14745,1.4418,1.5893,1.2996,1.1863,1.5515,1.1245,1.6707,10,1,192,0.0,1,1,408.8,20.87
full,2026-09-30T06:17:34,S,S,512,core,eager:lc1,eager,lc1,single,cpu,0,32,4,32,31,512,20240912,ok,,True,3.2107,0.14587,0.65628,0.80215,0.60503,0.58172,0.65596,0.5402,0.73961,10,1,192,0.0,1,1,270.0,11.7
full,2026-09-30T06:17:46,S,S,512,core,compiled:lc1,compiled,lc1,single,cpu,0,32,4,32,31,512,20240912,ok,,True,3.4018,0.18701,0.31168,0.49869,0.080745,0.076902,0.087014,0.073467,0.095751,10,2,192,0.0,1,1,273.3,6.58
full,2026-09-30T06:17:53,S,S,512,core,xla:lc1,xla,lc1,single,cpu,0,32,4,32,31,512,20240912,ok,,True,3.2576,0.15128,0.37367,0.52494,0.10121,0.097477,0.10416,0.086937,0.11384,10,2,192,0.0,1,1,302.7,6.82
full,2026-09-30T06:17:59,S,S,512,core,while_loop:lc1,while_loop,lc1,single,cpu,0,32,4,32,31,512,20240912,ok,,True,3.487,0.1861,0.42363,0.60973,0.054396,0.052962,0.059184,0.050954,0.064556,10,5,192,0.0,1,1,275.7,8.11
full,2026-09-30T06:18:08,S,S,512,core,while_loop_xla:lc1,while_loop_xla,lc1,single,cpu,0,32,4,32,31,512,20240912,ok,,True,3.2862,0.21482,0.6389,0.85371,0.062985,0.058336,0.065873,0.05599,0.069523,10,2,192,0.0,1,1,306.4,6.41
full,2026-09-30T06:18:14,S,S,512,core,unrolled:lc1,unrolled,lc1,single,cpu,0,32,4,32,31,512,20240912,ok,,True,3.2291,2.688,4.7039,7.3919,0.062162,0.060837,0.068127,0.056756,0.087683,10,2,192,0.0,1,1,389.0,12.99
full,2026-09-30T06:18:27,S,S,512,core,predict:dense,predict,dense,single,cpu,0,32,4,32,31,512,20240912,ok,,True,3.2644,0.13982,1.7841,1.9239,1.3103,1.2357,1.3481,1.1581,1.5503,10,1,4160,0.016,1,1,406.1,20.22
full,2026-09-30T06:18:47,S,S,512,core,eager:dense,eager,dense,single,cpu,0,32,4,32,31,512,20240912,ok,,True,3.4134,0.11824,0.24357,0.36181,0.18723,0.16855,0.19881,0.16193,0.21088,10,1,4160,0.016,1,1,265.9,6.52
full,2026-09-30T06:18:54,S,S,512,core,compiled:dense,compiled,dense,single,cpu,0,32,4,32,31,512,20240912,ok,,True,3.1485,0.1075,0.1544,0.2619,0.06925,0.063764,0.075151,0.060365,0.081265,10,2,4160,0.016,1,1,270.9,5.82
full,2026-09-30T06:19:00,S,S,512,core,xla:dense,xla,dense,single,cpu,0,32,4,32,31,512,20240912,ok,,True,3.4717,0.12273,0.24308,0.36581,0.092794,0.081397,0.10123,0.078515,0.10983,10,1,4160,0.016,1,1,293.4,5.56
full,2026-09-30T06:19:05,S,S,512,core,while_loop:dense,while_loop,dense,single,cpu,0,32,4,32,31,512,20240912,ok,,True,3.2702,0.13681,0.24878,0.3856,0.050759,0.049461,0.051465,0.045648,0.066093,10,5,4160,0.016,1,1,272.3,7.39
full,2026-09-30T06:19:12,S,S,512,core,while_loop_xla:dense,while_loop_xla,dense,single,cpu,0,32,4,32,31,512,20240912,ok,,True,3.2282,0.10132,0.26521,0.36653,0.069996,0.066119,0.0761,0.061736,0.084707,10,2,4160,0.016,1,1,298.5,6.07
full,2026-09-30T06:19:19,S,S,512,core,unrolled:dense,unrolled,dense,single,cpu,0,32,4,32,31,512,20240912,ok,,True,3.3849,1.0124,1.0197,2.032,0.051275,0.044849,0.055414,0.043539,0.061152,10,5,4160,0.016,1,1,290.3,9.19
full,2026-09-30T06:19:28,S,S,512,core,compiled:lc2,compiled,lc2,single,cpu,0,32,4,32,31,512,20240912,ok,,True,3.4272,0.15296,0.21969,0.37265,0.064427,0.062383,0.083927,0.054779,0.088029,10,2,4160,0.016,1,1,271.1,6.38
full,2026-09-30T06:19:34,S,S,512,core,xla:lc2,xla,lc2,single,cpu,0,32,4,32,31,512,20240912,ok,,True,3.2903,0.12601,0.20184,0.32785,0.081396,0.078178,0.085771,0.075549,0.095539,10,2,4160,0.016,1,1,296.9,6.39
full,2026-09-30T06:19:41,S,S,512,core,compiled:lc3,compiled,lc3,single,cpu,0,32,4,32,31,512,20240912,ok,,True,3.6055,0.11007,0.13592,0.24599,0.069339,0.063487,0.072389,0.062466,0.075578,10,2,192,0.0,1,1,269.9,6.25
full,2026-09-30T06:19:47,S,S,512,core,compiled:elem,compiled,elem,single,cpu,0,32,4,32,31,512,20240912,ok,,True,3.1824,0.13306,0.17808,0.31114,0.073114,0.072546,0.078945,0.064037,0.08893,10,2,192,0.0,1,1,269.7,6.01
full,2026-09-30T06:19:53,S,S,512,core,xla:elem,xla,elem,single,cpu,0,32,4,32,31,512,20240912,ok,,True,3.3807,0.10851,0.18173,0.29024,0.077064,0.073421,0.082718,0.069012,0.10037,10,2,192,0.0,1,1,295.8,6.34
full,2026-09-30T06:19:59,S,S,512,core,while_loop_xla:elem,while_loop_xla,elem,single,cpu,0,32,4,32,31,512,20240912,ok,,True,3.404,0.14896,0.28439,0.43335,0.0613,0.058283,0.067989,0.055936,0.072516,10,2,192,0.0,1,1,298.9,6.17
full,2026-09-30T06:20:05,S,S,1024,core,cellpylib,cellpylib,,default,cpu,0,32,4,32,31,1024,20240912,ok,,True,3.6775,1.66e-05,23.546,23.546,23.415,23.209,24.038,22.029,24.499,10,1,,,0,0,270.1,285.98
full,2026-09-30T06:24:51,S,S,1024,core,numpy,numpy,,default,cpu,0,32,4,32,31,1024,20240912,ok,,True,3.4668,1.72e-05,0.019172,0.019189,0.013508,0.013013,0.014362,0.010898,0.020487,10,10,,,0,0,246.1,6.17
full,2026-09-30T06:24:57,S,S,1024,core,numpy_lut,numpy_lut,,default,cpu,0,32,4,32,31,1024,20240912,ok,,True,3.3443,8.21e-05,0.0087852,0.0088673,0.010688,0.0090984,0.012999,0.0086753,0.014613,10,20,,,0,0,246.0,6.82
full,2026-09-30T06:25:04,S,S,1024,core,predict:lc1,predict,lc1,default,cpu,0,32,4,32,31,1024,20240912,ok,,True,3.4653,0.18113,1.7484,1.9295,1.3309,1.2697,1.3873,1.2112,1.4602,10,1,192,0.0,0,0,427.5,20.73
full,2026-09-30T06:25:25,S,S,1024,core,eager:lc1,eager,lc1,default,cpu,0,32,4,32,31,1024,20240912,ok,,True,3.503,0.16335,0.62622,0.78957,0.66826,0.65057,0.70758,0.57681,0.75702,10,1,192,0.0,0,0,285.1,12.33
full,2026-09-30T06:25:37,S,S,1024,core,compiled:lc1,compiled,lc1,default,cpu,0,32,4,32,31,1024,20240912,ok,,True,3.1978,0.20126,0.28928,0.49054,0.069257,0.067451,0.075054,0.061398,0.079625,10,2,192,0.0,0,0,290.8,6.1
full,2026-09-30T06:25:43,S,S,1024,core,xla:lc1,xla,lc1,default,cpu,0,32,4,32,31,1024,20240912,ok,,True,3.6607,0.17823,0.36986,0.54809,0.088828,0.082736,0.097416,0.077901,0.1026,10,2,192,0.0,0,0,321.7,7.07
full,2026-09-30T06:25:51,S,S,1024,core,while_loop:lc1,while_loop,lc1,default,cpu,0,32,4,32,31,1024,20240912,ok,,True,3.1535,0.1523,0.50339,0.6557,0.057775,0.055979,0.059302,0.053644,0.063768,10,2,192,0.0,0,0,292.4,6.0
full,2026-09-30T06:25:56,S,S,1024,core,while_loop_xla:lc1,while_loop_xla,lc1,default,cpu,0,32,4,32,31,1024,20240912,ok,,True,3.3275,0.20984,0.5943,0.80414,0.055577,0.053442,0.059411,0.053066,0.060424,10,2,192,0.0,0,0,321.6,6.26
full,2026-09-30T06:26:03,S,S,1024,core,unrolled:lc1,unrolled,lc1,default,cpu,0,32,4,32,31,1024,20240912,ok,,True,3.5097,2.5423,4.3641,6.9064,0.059692,0.058348,0.060968,0.056879,0.063519,10,2,192,0.0,0,0,395.8,12.68
full,2026-09-30T06:26:15,S,S,1024,core,predict:dense,predict,dense,default,cpu,0,32,4,32,31,1024,20240912,ok,,True,3.3298,0.14353,1.5199,1.6634,1.3396,1.2741,1.3755,1.1608,1.4622,10,1,4160,0.016,0,0,426.3,20.36
full,2026-09-30T06:26:36,S,S,1024,core,eager:dense,eager,dense,default,cpu,0,32,4,32,31,1024,20240912,ok,,True,3.5505,0.10702,0.22303,0.33005,0.20334,0.19348,0.21243,0.19268,0.22267,10,1,4160,0.016,0,0,280.6,6.86
full,2026-09-30T06:26:43,S,S,1024,core,compiled:dense,compiled,dense,default,cpu,0,32,4,32,31,1024,20240912,ok,,True,3.4485,0.11973,0.14674,0.26647,0.066797,0.065279,0.069495,0.062848,0.071149,10,2,4160,0.016,0,0,288.5,6.03
full,2026-09-30T06:26:49,S,S,1024,core,xla:dense,xla,dense,default,cpu,0,32,4,32,31,1024,20240912,ok,,True,3.0545,0.1087,0.21647,0.32517,0.082648,0.080124,0.083204,0.077879,0.085779,10,2,4160,0.016,0,0,313.8,6.04
full,2026-09-30T06:26:55,S,S,1024,core,while_loop:dense,while_loop,dense,default,cpu,0,32,4,32,31,1024,20240912,ok,,True,3.3566,0.10307,0.19992,0.30298,0.051135,0.049408,0.052967,0.046824,0.054146,10,5,4160,0.016,0,0,290.8,7.33
full,2026-09-30T06:27:02,S,S,1024,core,while_loop_xla:dense,while_loop_xla,dense,default,cpu,0,32,4,32,31,1024,20240912,ok,,True,3.2913,0.14997,0.3087,0.45866,0.059848,0.059047,0.061051,0.056889,0.067238,10,2,4160,0.016,0,0,314.2,5.93
full,2026-09-30T06:27:08,S,S,1024,core,unrolled:dense,unrolled,dense,default,cpu,0,32,4,32,31,1024,20240912,ok,,True,3.3692,0.7772,1.0383,1.8155,0.054571,0.053803,0.055129,0.050317,0.061836,10,5,4160,0.016,0,0,308.6,9.16
full,2026-09-30T06:27:17,S,S,1024,core,compiled:lc2,compiled,lc2,default,cpu,0,32,4,32,31,1024,20240912,ok,,True,3.4722,0.13704,0.16224,0.29927,0.059352,0.058165,0.066433,0.057793,0.07315,10,2,4160,0.016,0,0,290.7,5.97
full,2026-09-30T06:27:23,S,S,1024,core,xla:lc2,xla,lc2,default,cpu,0,32,4,32,31,1024,20240912,ok,,True,3.437,0.12754,0.24884,0.37638,0.10283,0.091262,0.10515,0.088775,0.10765,10,2,4160,0.016,0,0,315.8,6.93
full,2026-09-30T06:27:30,S,S,1024,core,compiled:lc3,compiled,lc3,default,cpu,0,32,4,32,31,1024,20240912,ok,,True,3.1476,0.14361,0.17147,0.31508,0.070231,0.06768,0.076094,0.066612,0.081521,10,2,192,0.0,0,0,289.6,5.92
full,2026-09-30T06:27:36,S,S,1024,core,compiled:elem,compiled,elem,default,cpu,0,32,4,32,31,1024,20240912,ok,,True,3.4444,0.14371,0.14078,0.28449,0.060244,0.058396,0.061022,0.056936,0.06304,10,2,192,0.0,0,0,287.4,5.88
full,2026-09-30T06:27:42,S,S,1024,core,xla:elem,xla,elem,default,cpu,0,32,4,32,31,1024,20240912,ok,,True,3.3107,0.12189,0.20526,0.32714,0.087897,0.083594,0.095375,0.080005,0.0972,10,2,192,0.0,0,0,314.3,6.45
full,2026-09-30T06:27:48,S,S,1024,core,while_loop_xla:elem,while_loop_xla,elem,default,cpu,0,32,4,32,31,1024,20240912,ok,,True,3.2792,0.1192,0.295,0.4142,0.050951,0.049847,0.052688,0.042339,0.05491,10,5,192,0.0,0,0,315.0,7.41
full,2026-09-30T06:27:56,S,S,1024,core,numpy,numpy,,single,cpu,0,32,4,32,31,1024,20240912,ok,,True,3.5369,8.5e-06,0.010685,0.010693,0.011116,0.010888,0.011762,0.010362,0.013668,10,20,,,1,1,245.3,6.97
full,2026-09-30T06:28:03,S,S,1024,core,numpy_lut,numpy_lut,,single,cpu,0,32,4,32,31,1024,20240912,ok,,True,3.6185,0.0001223,0.017037,0.01716,0.015838,0.014748,0.017668,0.013554,0.018888,10,10,,,1,1,244.4,6.34
full,2026-09-30T06:28:09,S,S,1024,core,predict:lc1,predict,lc1,single,cpu,0,32,4,32,31,1024,20240912,ok,,True,4.0907,0.24805,1.7036,1.9516,1.616,1.4687,1.7902,1.2545,1.9479,10,1,192,0.0,1,1,421.7,25.22
full,2026-09-30T06:28:34,S,S,1024,core,eager:lc1,eager,lc1,single,cpu,0,32,4,32,31,1024,20240912,ok,,True,3.4265,0.17685,0.73189,0.90875,0.7038,0.64107,0.71653,0.59813,0.79476,10,1,192,0.0,1,1,279.2,12.65
full,2026-09-30T06:28:47,S,S,1024,core,compiled:lc1,compiled,lc1,single,cpu,0,32,4,32,31,1024,20240912,ok,,True,3.4294,0.17583,0.38425,0.56007,0.12011,0.11631,0.13748,0.115,0.1527,10,1,192,0.0,1,1,282.5,6.12
full,2026-09-30T06:28:53,S,S,1024,core,xla:lc1,xla,lc1,single,cpu,0,32,4,32,31,1024,20240912,ok,,True,3.2545,0.21928,0.47301,0.69229,0.18783,0.17852,0.2024,0.17202,0.22332,10,1,192,0.0,1,1,311.4,6.79
full,2026-09-30T06:29:00,S,S,1024,core,while_loop:lc1,while_loop,lc1,single,cpu,0,32,4,32,31,1024,20240912,ok,,True,3.1508,0.19299,0.54974,0.74274,0.12614,0.12407,0.13077,0.11677,0.14894,10,1,192,0.0,1,1,283.5,6.04
full,2026-09-30T06:29:06,S,S,1024,core,while_loop_xla:lc1,while_loop_xla,lc1,single,cpu,0,32,4,32,31,1024,20240912,ok,,True,3.4871,0.24605,0.59237,0.83841,0.14616,0.13073,0.16138,0.11925,0.16695,10,1,192,0.0,1,1,311.8,6.61
full,2026-09-30T06:29:12,S,S,1024,core,unrolled:lc1,unrolled,lc1,single,cpu,0,32,4,32,31,1024,20240912,ok,,True,3.3004,2.8628,4.7304,7.5932,0.11425,0.10615,0.12599,0.10348,0.1408,10,1,192,0.0,1,1,389.6,12.96
full,2026-09-30T06:29:25,S,S,1024,core,predict:dense,predict,dense,single,cpu,0,32,4,32,31,1024,20240912,ok,,True,3.5112,0.11118,1.5207,1.6319,1.3803,1.2383,1.4563,1.1982,1.6193,10,1,4160,0.016,1,1,419.4,21.13
full,2026-09-30T06:29:47,S,S,1024,core,eager:dense,eager,dense,single,cpu,0,32,4,32,31,1024,20240912,ok,,True,3.3618,0.14345,0.38688,0.53032,0.2409,0.22793,0.26828,0.21707,0.28509,10,1,4160,0.016,1,1,275.7,7.33
full,2026-09-30T06:29:54,S,S,1024,core,compiled:dense,compiled,dense,single,cpu,0,32,4,32,31,1024,20240912,ok,,True,3.3832,0.13841,0.19217,0.33058,0.11934,0.11613,0.12277,0.11409,0.13408,10,1,4160,0.016,1,1,279.0,5.82
full,2026-09-30T06:30:00,S,S,1024,core,xla:dense,xla,dense,single,cpu,0,32,4,32,31,1024,20240912,ok,,True,3.2126,0.10914,0.26578,0.37493,0.17806,0.17664,0.19368,0.14541,0.21109,10,1,4160,0.016,1,1,304.0,6.39
full,2026-09-30T06:30:06,S,S,1024,core,while_loop:dense,while_loop,dense,single,cpu,0,32,4,32,31,1024,20240912,ok,,True,3.4262,0.14013,0.313,0.45314,0.10471,0.095168,0.10929,0.092986,0.11295,10,1,4160,0.016,1,1,281.8,5.72
full,2026-09-30T06:30:12,S,S,1024,core,while_loop_xla:dense,while_loop_xla,dense,single,cpu,0,32,4,32,31,1024,20240912,ok,,True,3.2727,0.11695,0.33078,0.44773,0.12205,0.11972,0.12684,0.11604,0.14335,10,1,4160,0.016,1,1,303.9,5.77
full,2026-09-30T06:30:18,S,S,1024,core,unrolled:dense,unrolled,dense,single,cpu,0,32,4,32,31,1024,20240912,ok,,True,3.5394,0.81411,1.1927,2.0068,0.11216,0.11042,0.11468,0.10103,0.12728,10,1,4160,0.016,1,1,299.6,7.52
full,2026-09-30T06:30:25,S,S,1024,core,compiled:lc2,compiled,lc2,single,cpu,0,32,4,32,31,1024,20240912,ok,,True,3.384,0.15493,0.27687,0.4318,0.14795,0.13637,0.1523,0.11437,0.1719,10,1,4160,0.016,1,1,281.3,6.1
full,2026-09-30T06:30:31,S,S,1024,core,xla:lc2,xla,lc2,single,cpu,0,32,4,32,31,1024,20240912,ok,,True,3.2644,0.1302,0.28772,0.41792,0.15231,0.14919,0.15771,0.14387,0.16253,10,1,4160,0.016,1,1,305.4,6.06
full,2026-09-30T06:30:37,S,S,1024,core,compiled:lc3,compiled,lc3,single,cpu,0,32,4,32,31,1024,20240912,ok,,True,3.5166,0.12247,0.1869,0.30936,0.12307,0.11668,0.13372,0.10461,0.15266,10,1,192,0.0,1,1,280.0,6.0
full,2026-09-30T06:30:43,S,S,1024,core,compiled:elem,compiled,elem,single,cpu,0,32,4,32,31,1024,20240912,ok,,True,3.1025,0.15537,0.23946,0.39483,0.14303,0.13618,0.15559,0.13285,0.1616,10,1,192,0.0,1,1,277.6,5.78
full,2026-09-30T06:30:49,S,S,1024,core,xla:elem,xla,elem,single,cpu,0,32,4,32,31,1024,20240912,ok,,True,3.479,0.12877,0.27921,0.40798,0.13862,0.13667,0.14467,0.13358,0.15923,10,1,192,0.0,1,1,303.5,6.18
full,2026-09-30T06:30:55,S,S,1024,core,while_loop_xla:elem,while_loop_xla,elem,single,cpu,0,32,4,32,31,1024,20240912,ok,,True,3.4013,0.1203,0.37765,0.49795,0.13841,0.12675,0.15249,0.11994,0.15569,10,1,192,0.0,1,1,303.4,6.15
full,2026-09-30T06:31:01,S,S,2048,extended,cellpylib,cellpylib,,default,cpu,,32,4,32,31,2048,20240912,skipped_predicted,predicted warm 46.8 s x 10 > 60.0 s,,,,,,,,,,,,,,,,,,
full,2026-09-30T06:31:01,S,S,2048,extended,numpy,numpy,,default,cpu,0,32,4,32,31,2048,20240912,ok,,True,3.1577,1.23e-05,0.019782,0.019794,0.022521,0.021814,0.024936,0.018625,0.027509,10,10,,,0,0,254.1,6.61
full,2026-09-30T06:31:08,S,S,2048,extended,numpy_lut,numpy_lut,,default,cpu,0,32,4,32,31,2048,20240912,ok,,True,3.4569,0.0001542,0.026675,0.026829,0.015872,0.015653,0.016929,0.015439,0.01938,10,10,,,0,0,251.1,6.14
full,2026-09-30T06:31:14,S,S,2048,extended,predict:lc1,predict,lc1,default,cpu,0,32,4,32,31,2048,20240912,ok,,True,3.3083,0.14606,1.7516,1.8977,1.3467,1.2785,1.4401,1.2227,1.5943,10,1,192,0.0,0,0,455.0,21.48
full,2026-09-30T06:31:36,S,S,2048,extended,eager:lc1,eager,lc1,default,cpu,0,32,4,32,31,2048,20240912,ok,,True,3.2593,0.19771,0.95265,1.1504,0.72417,0.68319,0.75165,0.66253,0.78897,10,1,192,0.0,0,0,305.2,13.22
full,2026-09-30T06:31:49,S,S,2048,extended,compiled:lc1,compiled,lc1,default,cpu,0,32,4,32,31,2048,20240912,ok,,True,3.4171,0.21279,0.34203,0.55482,0.14018,0.13493,0.1469,0.13108,0.15316,10,1,192,0.0,0,0,308.3,6.41
full,2026-09-30T06:31:55,S,S,2048,extended,xla:lc1,xla,lc1,default,cpu,0,32,4,32,31,2048,20240912,ok,,True,3.2116,0.20634,0.46526,0.67161,0.15002,0.14559,0.15719,0.13899,0.16262,10,1,192,0.0,0,0,338.2,6.33
full,2026-09-30T06:32:02,S,S,2048,extended,while_loop:lc1,while_loop,lc1,default,cpu,0,32,4,32,31,2048,20240912,ok,,True,3.4858,0.15398,0.42412,0.5781,0.11174,0.10816,0.11591,0.1016,0.11959,10,2,192,0.0,0,0,310.8,7.55
full,2026-09-30T06:32:09,S,S,2048,extended,while_loop_xla:lc1,while_loop_xla,lc1,default,cpu,0,32,4,32,31,2048,20240912,ok,,True,3.5078,0.19139,0.59282,0.78421,0.10042,0.098444,0.10107,0.095493,0.10718,10,2,192,0.0,0,0,344.3,7.51
full,2026-09-30T06:32:17,S,S,2048,extended,unrolled:lc1,unrolled,lc1,default,cpu,0,32,4,32,31,2048,20240912,ok,,True,3.3565,2.8684,4.5965,7.4649,0.10476,0.10353,0.10548,0.099534,0.10855,10,2,192,0.0,0,0,406.4,14.2
full,2026-09-30T06:32:31,S,S,2048,extended,predict:dense,predict,dense,default,cpu,0,32,4,32,31,2048,20240912,ok,,True,3.345,0.11268,1.6054,1.718,1.4206,1.2481,1.5085,1.1957,1.6211,10,1,4160,0.016,0,0,455.5,21.35
full,2026-09-30T06:32:52,S,S,2048,extended,eager:dense,eager,dense,default,cpu,0,32,4,32,31,2048,20240912,ok,,True,3.3119,0.13078,0.31375,0.44453,0.28653,0.28078,0.31812,0.27331,0.34222,10,1,4160,0.016,0,0,301.8,7.83
full,2026-09-30T06:33:00,S,S,2048,extended,compiled:dense,compiled,dense,default,cpu,0,32,4,32,31,2048,20240912,ok,,True,3.4,0.13657,0.21979,0.35636,0.12267,0.11965,0.13014,0.11564,0.13267,10,1,4160,0.016,0,0,304.8,5.96
full,2026-09-30T06:33:06,S,S,2048,extended,xla:dense,xla,dense,default,cpu,0,32,4,32,31,2048,20240912,ok,,True,3.2669,0.13799,0.29547,0.43345,0.14244,0.1395,0.14759,0.13496,0.15561,10,1,4160,0.016,0,0,332.1,6.08
full,2026-09-30T06:33:12,S,S,2048,extended,while_loop:dense,while_loop,dense,default,cpu,0,32,4,32,31,2048,20240912,ok,,True,3.3252,0.11613,0.23857,0.35471,0.10092,0.099059,0.10341,0.096421,0.10735,10,1,4160,0.016,0,0,302.4,5.52
full,2026-09-30T06:33:18,S,S,2048,extended,while_loop_xla:dense,while_loop_xla,dense,default,cpu,0,32,4,32,31,2048,20240912,ok,,True,3.4502,0.13915,0.3356,0.47475,0.10427,0.10033,0.10656,0.097578,0.1119,10,2,4160,0.016,0,0,337.4,7.16
full,2026-09-30T06:33:25,S,S,2048,extended,unrolled:dense,unrolled,dense,default,cpu,0,32,4,32,31,2048,20240912,ok,,True,3.2154,0.94901,1.2264,2.1754,0.10438,0.099578,0.11002,0.098032,0.11309,10,2,4160,0.016,0,0,324.5,8.68
full,2026-09-30T06:33:33,S,S,2048,extended,compiled:lc2,compiled,lc2,default,cpu,0,32,4,32,31,2048,20240912,ok,,True,3.191,0.11338,0.21785,0.33123,0.14498,0.13876,0.15045,0.13501,0.15931,10,1,4160,0.016,0,0,306.5,5.93
full,2026-09-30T06:33:39,S,S,2048,extended,xla:lc2,xla,lc2,default,cpu,0,32,4,32,31,2048,20240912,ok,,True,3.3763,0.15175,0.35403,0.50579,0.1449,0.13839,0.14636,0.12773,0.15265,10,1,4160,0.016,0,0,332.6,6.19
full,2026-09-30T06:33:46,S,S,2048,extended,compiled:lc3,compiled,lc3,default,cpu,0,32,4,32,31,2048,20240912,ok,,True,3.3255,0.13059,0.19736,0.32795,0.12944,0.12765,0.13022,0.11508,0.1423,10,1,192,0.0,0,0,305.9,5.78
full,2026-09-30T06:33:51,S,S,2048,extended,compiled:elem,compiled,elem,default,cpu,0,32,4,32,31,2048,20240912,ok,,True,3.5957,0.13898,0.20603,0.34501,0.11375,0.10995,0.11941,0.10669,0.12587,10,1,192,0.0,0,0,304.7,5.98
full,2026-09-30T06:33:57,S,S,2048,extended,xla:elem,xla,elem,default,cpu,0,32,4,32,31,2048,20240912,ok,,True,3.3481,0.14472,0.24142,0.38614,0.14455,0.13911,0.15124,0.13476,0.1545,10,1,192,0.0,0,0,332.1,6.18
full,2026-09-30T06:34:03,S,S,2048,extended,while_loop_xla:elem,while_loop_xla,elem,default,cpu,0,32,4,32,31,2048,20240912,ok,,True,3.223,0.12913,0.31958,0.44871,0.089633,0.083702,0.091222,0.081893,0.092018,10,2,192,0.0,0,0,336.5,6.54
full,2026-09-30T06:34:10,S,S,2048,extended,numpy,numpy,,single,cpu,0,32,4,32,31,2048,20240912,ok,,True,3.5198,1.75e-05,0.02307,0.023087,0.019448,0.018788,0.020194,0.018366,0.022956,10,5,,,1,1,252.4,5.47
full,2026-09-30T06:34:15,S,S,2048,extended,numpy_lut,numpy_lut,,single,cpu,0,32,4,32,31,2048,20240912,ok,,True,3.2772,0.0001509,0.017113,0.017263,0.02014,0.017698,0.025318,0.015656,0.028663,10,10,,,1,1,250.5,6.48
full,2026-09-30T06:34:22,S,S,2048,extended,predict:lc1,predict,lc1,single,cpu,0,32,4,32,31,2048,20240912,ok,,True,3.3088,0.19096,1.8161,2.0071,1.5186,1.5007,1.6049,1.4083,1.7628,10,1,192,0.0,1,1,451.8,23.17
full,2026-09-30T06:34:45,S,S,2048,extended,eager:lc1,eager,lc1,single,cpu,0,32,4,32,31,2048,20240912,ok,,True,3.1291,0.17061,0.91179,1.0824,0.88396,0.87465,0.92557,0.769,1.4202,10,1,192,0.0,1,1,299.5,15.27
full,2026-09-30T06:35:00,S,S,2048,extended,compiled:lc1,compiled,lc1,single,cpu,0,32,4,32,31,2048,20240912,ok,,True,3.6406,0.2298,0.51941,0.74922,0.25308,0.23975,0.28375,0.23403,0.31634,10,1,192,0.0,1,1,303.0,8.07
full,2026-09-30T06:35:08,S,S,2048,extended,xla:lc1,xla,lc1,single,cpu,0,32,4,32,31,2048,20240912,ok,,True,3.33,0.21643,0.71559,0.93202,0.28958,0.28671,0.31236,0.27143,0.44799,10,1,192,0.0,1,1,331.5,8.55
full,2026-09-30T06:35:17,S,S,2048,extended,while_loop:lc1,while_loop,lc1,single,cpu,0,32,4,32,31,2048,20240912,ok,,True,3.4997,0.17766,0.70534,0.883,0.28051,0.27369,0.30009,0.24969,0.34131,10,1,192,0.0,1,1,300.5,8.28
full,2026-09-30T06:35:25,S,S,2048,extended,while_loop_xla:lc1,while_loop_xla,lc1,single,cpu,0,32,4,32,31,2048,20240912,ok,,True,3.3387,0.15051,0.63622,0.78673,0.31249,0.28674,0.3455,0.23518,0.39066,10,1,192,0.0,1,1,329.2,8.2
full,2026-09-30T06:35:33,S,S,2048,extended,unrolled:lc1,unrolled,lc1,single,cpu,0,32,4,32,31,2048,20240912,ok,,True,3.4767,2.3363,5.3067,7.643,0.23912,0.22849,0.29629,0.22432,0.32871,10,1,192,0.0,1,1,391.5,14.8
full,2026-09-30T06:35:48,S,S,2048,extended,predict:dense,predict,dense,single,cpu,0,32,4,32,31,2048,20240912,ok,,True,3.4592,0.12464,1.7489,1.8735,1.4616,1.3865,1.5695,1.2937,1.7505,10,1,4160,0.016,1,1,445.6,22.79
full,2026-09-30T06:36:11,S,S,2048,extended,eager:dense,eager,dense,single,cpu,0,32,4,32,31,2048,20240912,ok,,True,3.3209,0.10811,0.36724,0.47534,0.35699,0.35502,0.3656,0.34475,0.39916,10,1,4160,0.016,1,1,295.9,8.49
full,2026-09-30T06:36:20,S,S,2048,extended,compiled:dense,compiled,dense,single,cpu,0,32,4,32,31,2048,20240912,ok,,True,3.2074,0.13096,0.35179,0.48275,0.23536,0.23097,0.24289,0.22316,0.2621,10,1,4160,0.016,1,1,299.4,7.04
full,2026-09-30T06:36:27,S,S,2048,extended,xla:dense,xla,dense,single,cpu,0,32,4,32,31,2048,20240912,ok,,True,3.0478,0.11998,0.39193,0.51191,0.34705,0.34633,0.35367,0.29085,0.36745,10,1,4160,0.016,1,1,324.1,8.02
full,2026-09-30T06:36:35,S,S,2048,extended,while_loop:dense,while_loop,dense,single,cpu,0,32,4,32,31,2048,20240912,ok,,True,3.2261,0.11791,0.4139,0.53181,0.20902,0.20687,0.2148,0.19393,0.24055,10,1,4160,0.016,1,1,296.5,6.84
full,2026-09-30T06:36:41,S,S,2048,extended,while_loop_xla:dense,while_loop_xla,dense,single,cpu,0,32,4,32,31,2048,20240912,ok,,True,3.2759,0.13279,0.50696,0.63976,0.24709,0.23751,0.25041,0.23074,0.25412,10,1,4160,0.016,1,1,321.9,7.32
full,2026-09-30T06:36:49,S,S,2048,extended,unrolled:dense,unrolled,dense,single,cpu,0,32,4,32,31,2048,20240912,ok,,True,3.0902,0.87337,1.4706,2.344,0.20757,0.203,0.21629,0.19949,0.22261,10,1,4160,0.016,1,1,315.0,8.45
full,2026-09-30T06:36:57,S,S,2048,extended,compiled:lc2,compiled,lc2,single,cpu,0,32,4,32,31,2048,20240912,ok,,True,3.0744,0.11951,0.31529,0.43479,0.26734,0.25595,0.29436,0.23601,0.30756,10,1,4160,0.016,1,1,299.7,7.19
full,2026-09-30T06:37:04,S,S,2048,extended,xla:lc2,xla,lc2,single,cpu,0,32,4,32,31,2048,20240912,ok,,True,3.3149,0.10614,0.4379,0.54404,0.33408,0.32014,0.34993,0.2832,0.36119,10,1,4160,0.016,1,1,325.8,8.23
full,2026-09-30T06:37:13,S,S,2048,extended,compiled:lc3,compiled,lc3,single,cpu,0,32,4,32,31,2048,20240912,ok,,True,3.5483,0.10333,0.3223,0.42563,0.26162,0.23331,0.26941,0.22098,0.30875,10,1,192,0.0,1,1,299.1,7.56
full,2026-09-30T06:37:20,S,S,2048,extended,compiled:elem,compiled,elem,single,cpu,0,32,4,32,31,2048,20240912,ok,,True,3.3777,0.18421,0.38517,0.56939,0.24172,0.22715,0.26368,0.21344,0.30982,10,1,192,0.0,1,1,298.1,7.54
full,2026-09-30T06:37:28,S,S,2048,extended,xla:elem,xla,elem,single,cpu,0,32,4,32,31,2048,20240912,ok,,True,3.396,0.11499,0.36441,0.4794,0.36641,0.32532,0.3762,0.28459,0.40116,10,1,192,0.0,1,1,323.7,8.48
full,2026-09-30T06:37:36,S,S,2048,extended,while_loop_xla:elem,while_loop_xla,elem,single,cpu,0,32,4,32,31,2048,20240912,ok,,True,3.2426,0.11817,0.42061,0.53878,0.23209,0.21967,0.27823,0.21606,0.30578,10,1,192,0.0,1,1,320.9,7.29
full,2026-09-30T06:37:44,S,S,4096,extended,cellpylib,cellpylib,,default,cpu,,32,4,32,31,4096,20240912,skipped_predicted,predicted warm 93.7 s x 10 > 60.0 s,,,,,,,,,,,,,,,,,,
full,2026-09-30T06:37:44,S,S,4096,extended,numpy,numpy,,default,cpu,0,32,4,32,31,4096,20240912,ok,,True,3.3574,1.63e-05,0.10611,0.10613,0.090685,0.082507,0.10344,0.079571,0.11534,10,2,,,0,0,264.0,6.58
full,2026-09-30T06:37:50,S,S,4096,extended,numpy_lut,numpy_lut,,default,cpu,0,32,4,32,31,4096,20240912,ok,,True,3.5445,0.0002276,0.054841,0.055068,0.057646,0.050097,0.060513,0.041711,0.066432,10,2,,,0,0,264.2,5.81
full,2026-09-30T06:37:56,S,S,4096,extended,predict:lc1,predict,lc1,default,cpu,0,32,4,32,31,4096,20240912,ok,,True,3.6464,0.1598,1.8051,1.9649,1.6278,1.488,2.1909,1.3733,2.4829,10,1,192,0.0,0,0,513.8,26.55
full,2026-09-30T06:38:22,S,S,4096,extended,eager:lc1,eager,lc1,default,cpu,0,32,4,32,31,4096,20240912,ok,,True,3.509,0.20117,0.90461,1.1058,0.89631,0.8719,0.92332,0.79643,0.96737,10,1,192,0.0,0,0,348.1,15.3
full,2026-09-30T06:38:38,S,S,4096,extended,compiled:lc1,compiled,lc1,default,cpu,0,32,4,32,31,4096,20240912,ok,,True,3.2372,0.18698,0.40679,0.59378,0.19838,0.19536,0.2048,0.18247,0.21045,10,1,192,0.0,0,0,353.3,6.82
full,2026-09-30T06:38:45,S,S,4096,extended,xla:lc1,xla,lc1,default,cpu,0,32,4,32,31,4096,20240912,ok,,True,3.5131,0.17096,0.44534,0.6163,0.25934,0.25054,0.26562,0.24845,0.26731,10,1,192,0.0,0,0,379.9,7.85
full,2026-09-30T06:38:52,S,S,4096,extended,while_loop:lc1,while_loop,lc1,default,cpu,0,32,4,32,31,4096,20240912,ok,,True,3.4807,0.19754,0.54097,0.73852,0.16772,0.16507,0.17557,0.16359,0.17983,10,1,192,0.0,0,0,339.0,6.92
full,2026-09-30T06:38:59,S,S,4096,extended,while_loop_xla:lc1,while_loop_xla,lc1,default,cpu,0,32,4,32,31,4096,20240912,ok,,True,3.2553,0.15756,0.70887,0.86644,0.20897,0.20534,0.21409,0.19811,0.21719,10,1,192,0.0,0,0,371.6,7.35
full,2026-09-30T06:39:07,S,S,4096,extended,unrolled:lc1,unrolled,lc1,default,cpu,0,32,4,32,31,4096,20240912,ok,,True,3.2577,2.55,5.0329,7.5828,0.19245,0.18593,0.19829,0.16348,0.20261,10,1,192,0.0,0,0,425.6,13.88
full,2026-09-30T06:39:21,S,S,4096,extended,predict:dense,predict,dense,default,cpu,0,32,4,32,31,4096,20240912,ok,,True,3.161,0.14996,1.9193,2.0693,1.479,1.4018,1.518,1.3766,1.6446,10,1,4160,0.016,0,0,511.3,22.45
full,2026-09-30T06:39:43,S,S,4096,extended,eager:dense,eager,dense,default,cpu,0,32,4,32,31,4096,20240912,ok,,True,3.3723,0.11995,0.40882,0.52877,0.37818,0.36625,0.38203,0.36082,0.41691,10,1,4160,0.016,0,0,345.9,8.89
full,2026-09-30T06:39:52,S,S,4096,extended,compiled:dense,compiled,dense,default,cpu,0,32,4,32,31,4096,20240912,ok,,True,3.316,0.15587,0.2738,0.42967,0.18442,0.18176,0.18747,0.17945,0.19167,10,1,4160,0.016,0,0,347.2,6.57
full,2026-09-30T06:39:58,S,S,4096,extended,xla:dense,xla,dense,default,cpu,0,32,4,32,31,4096,20240912,ok,,True,3.1026,0.12201,0.32054,0.44255,0.23175,0.22171,0.25342,0.21506,0.26449,10,1,4160,0.016,0,0,373.6,6.95
full,2026-09-30T06:40:05,S,S,4096,extended,while_loop:dense,while_loop,dense,default,cpu,0,32,4,32,31,4096,20240912,ok,,True,3.1666,0.12717,0.30712,0.43428,0.16041,0.15611,0.16453,0.15389,0.16651,10,1,4160,0.016,0,0,334.8,6.18
full,2026-09-30T06:40:12,S,S,4096,extended,while_loop_xla:dense,while_loop_xla,dense,default,cpu,0,32,4,32,31,4096,20240912,ok,,True,3.1704,0.12863,0.40368,0.53231,0.17308,0.16805,0.17917,0.1656,0.17973,10,1,4160,0.016,0,0,363.2,6.44
full,2026-09-30T06:40:18,S,S,4096,extended,unrolled:dense,unrolled,dense,default,cpu,0,32,4,32,31,4096,20240912,ok,,True,3.0669,0.75064,1.1868,1.9375,0.17013,0.16565,0.17387,0.15204,0.18178,10,1,4160,0.016,0,0,353.5,7.77
full,2026-09-30T06:40:26,S,S,4096,extended,compiled:lc2,compiled,lc2,default,cpu,0,32,4,32,31,4096,20240912,ok,,True,3.3997,0.10417,0.27694,0.3811,0.21389,0.20796,0.2175,0.20654,0.23222,10,1,4160,0.016,0,0,349.9,7.0
full,2026-09-30T06:40:33,S,S,4096,extended,xla:lc2,xla,lc2,default,cpu,0,32,4,32,31,4096,20240912,ok,,True,3.373,0.15859,0.41735,0.57594,0.22737,0.22074,0.23046,0.20952,0.23931,10,1,4160,0.016,0,0,375.5,7.35
full,2026-09-30T06:40:40,S,S,4096,extended,compiled:lc3,compiled,lc3,default,cpu,0,32,4,32,31,4096,20240912,ok,,True,3.2462,0.10701,0.27084,0.37785,0.23532,0.22949,0.24205,0.22781,0.24788,10,1,192,0.0,0,0,348.0,7.06
full,2026-09-30T06:40:47,S,S,4096,extended,compiled:elem,compiled,elem,default,cpu,0,32,4,32,31,4096,20240912,ok,,True,3.2862,0.16226,0.24618,0.40844,0.15828,0.15489,0.16196,0.15205,0.17109,10,1,192,0.0,0,0,347.7,6.32
full,2026-09-30T06:40:54,S,S,4096,extended,xla:elem,xla,elem,default,cpu,0,32,4,32,31,4096,20240912,ok,,True,3.5792,0.12453,0.34172,0.46625,0.22205,0.2114,0.2308,0.19023,0.24232,10,1,192,0.0,0,0,373.8,7.32
full,2026-09-30T06:41:01,S,S,4096,extended,while_loop_xla:elem,while_loop_xla,elem,default,cpu,0,32,4,32,31,4096,20240912,ok,,True,3.1475,0.15218,0.39417,0.54636,0.16367,0.15893,0.16929,0.15664,0.17254,10,1,192,0.0,0,0,362.8,6.41
full,2026-09-30T06:41:07,S,S,4096,extended,numpy,numpy,,single,cpu,0,32,4,32,31,4096,20240912,ok,,True,3.4278,1.99e-05,0.10897,0.10899,0.078736,0.075708,0.080305,0.074217,0.084316,10,2,,,1,1,262.5,6.21
full,2026-09-30T06:41:14,S,S,4096,extended,numpy_lut,numpy_lut,,single,cpu,0,32,4,32,31,4096,20240912,ok,,True,3.4139,0.000157,0.062847,0.063004,0.042445,0.03932,0.050757,0.036188,0.055335,10,2,,,1,1,263.1,5.36
full,2026-09-30T06:41:19,S,S,4096,extended,predict:lc1,predict,lc1,single,cpu,0,32,4,32,31,4096,20240912,ok,,True,3.1697,0.17816,2.0704,2.2486,1.8108,1.7307,1.8598,1.5591,2.0238,10,1,192,0.0,1,1,508.6,26.15
full,2026-09-30T06:41:45,S,S,4096,extended,eager:lc1,eager,lc1,single,cpu,0,32,4,32,31,4096,20240912,ok,,True,3.5303,0.1472,1.0422,1.1894,1.1448,1.0543,1.2073,0.99783,1.322,10,1,192,0.0,1,1,343.5,17.96
full,2026-09-30T06:42:03,S,S,4096,extended,compiled:lc1,compiled,lc1,single,cpu,0,32,4,32,31,4096,20240912,ok,,True,3.1966,0.22293,0.85179,1.0747,0.53599,0.5134,0.55816,0.48455,0.71165,10,1,192,0.0,1,1,345.7,11.18
full,2026-09-30T06:42:14,S,S,4096,extended,xla:lc1,xla,lc1,single,cpu,0,32,4,32,31,4096,20240912,ok,,True,3.7116,0.19672,0.94985,1.1466,0.63082,0.58352,0.64954,0.56269,0.67031,10,1,192,0.0,1,1,373.4,12.6
full,2026-09-30T06:42:27,S,S,4096,extended,while_loop:lc1,while_loop,lc1,single,cpu,0,32,4,32,31,4096,20240912,ok,,True,3.45,0.17968,0.76224,0.94192,0.50439,0.46055,0.52293,0.43991,0.5389,10,1,192,0.0,1,1,334.5,10.61
full,2026-09-30T06:42:37,S,S,4096,extended,while_loop_xla:lc1,while_loop_xla,lc1,single,cpu,0,32,4,32,31,4096,20240912,ok,,True,3.4122,0.16095,0.93295,1.0939,0.57494,0.5234,0.60553,0.49512,0.66015,10,1,192,0.0,1,1,364.4,11.65
full,2026-09-30T06:42:49,S,S,4096,extended,unrolled:lc1,unrolled,lc1,single,cpu,0,32,4,32,31,4096,20240912,ok,,True,3.1483,2.5597,5.4141,7.9738,0.49725,0.47032,0.55403,0.44651,0.65409,10,1,192,0.0,1,1,417.8,17.65
full,2026-09-30T06:43:07,S,S,4096,extended,predict:dense,predict,dense,single,cpu,0,32,4,32,31,4096,20240912,ok,,True,3.3363,0.12092,2.2636,2.3845,1.8509,1.6956,1.9137,1.5243,2.1308,10,1,4160,0.016,1,1,507.2,26.39
full,2026-09-30T06:43:33,S,S,4096,extended,eager:dense,eager,dense,single,cpu,0,32,4,32,31,4096,20240912,ok,,True,3.5177,0.11615,0.71436,0.8305,0.65202,0.60107,0.73209,0.58076,0.81975,10,1,4160,0.016,1,1,339.1,12.67
full,2026-09-30T06:43:46,S,S,4096,extended,compiled:dense,compiled,dense,single,cpu,0,32,4,32,31,4096,20240912,ok,,True,3.4962,0.14862,0.61885,0.76747,0.47431,0.45179,0.50725,0.41576,0.57928,10,1,4160,0.016,1,1,340.9,10.3
full,2026-09-30T06:43:56,S,S,4096,extended,xla:dense,xla,dense,single,cpu,0,32,4,32,31,4096,20240912,ok,,True,3.5298,0.10724,0.67879,0.78602,0.59521,0.56717,0.66235,0.55434,0.72743,10,1,4160,0.016,1,1,366.1,11.92
full,2026-09-30T06:44:08,S,S,4096,extended,while_loop:dense,while_loop,dense,single,cpu,0,32,4,32,31,4096,20240912,ok,,True,3.2772,0.12745,0.63715,0.76461,0.42796,0.40234,0.44655,0.39246,0.53816,10,1,4160,0.016,1,1,331.1,9.8
full,2026-09-30T06:44:18,S,S,4096,extended,while_loop_xla:dense,while_loop_xla,dense,single,cpu,0,32,4,32,31,4096,20240912,ok,,True,3.336,0.1323,0.78138,0.91369,0.55847,0.50241,0.5737,0.48244,0.59666,10,1,4160,0.016,1,1,355.5,11.01
full,2026-09-30T06:44:29,S,S,4096,extended,unrolled:dense,unrolled,dense,single,cpu,0,32,4,32,31,4096,20240912,ok,,True,3.4236,0.74206,1.4146,2.1567,0.49051,0.45922,0.53878,0.41364,0.58175,10,1,4160,0.016,1,1,348.4,11.9
full,2026-09-30T06:44:41,S,S,4096,extended,compiled:lc2,compiled,lc2,single,cpu,0,32,4,32,31,4096,20240912,ok,,True,3.0812,0.15009,0.6653,0.81539,0.50434,0.47683,0.55026,0.45301,0.62916,10,1,4160,0.016,1,1,343.1,10.41
full,2026-09-30T06:44:51,S,S,4096,extended,xla:lc2,xla,lc2,single,cpu,0,32,4,32,31,4096,20240912,ok,,True,3.2081,0.12976,0.70833,0.83808,0.64416,0.59885,0.74603,0.55893,1.0632,10,1,4160,0.016,1,1,367.3,12.57
full,2026-09-30T06:45:04,S,S,4096,extended,compiled:lc3,compiled,lc3,single,cpu,0,32,4,32,31,4096,20240912,ok,,True,3.1824,0.10224,0.69237,0.79461,0.52073,0.46091,0.58359,0.43383,0.66334,10,1,192,0.0,1,1,341.7,10.75
full,2026-09-30T06:45:14,S,S,4096,extended,compiled:elem,compiled,elem,single,cpu,0,32,4,32,31,4096,20240912,ok,,True,3.1817,0.15439,0.6403,0.79469,0.45997,0.45147,0.47696,0.39939,0.53805,10,1,192,0.0,1,1,340.3,9.91
full,2026-09-30T06:45:24,S,S,4096,extended,xla:elem,xla,elem,single,cpu,0,32,4,32,31,4096,20240912,ok,,True,3.2525,0.13964,0.77969,0.91932,0.57822,0.54467,0.61544,0.51084,0.64662,10,1,192,0.0,1,1,365.7,11.42
full,2026-09-30T06:45:36,S,S,4096,extended,while_loop_xla:elem,while_loop_xla,elem,single,cpu,0,32,4,32,31,4096,20240912,ok,,True,3.2828,0.14303,0.76296,0.90599,0.47658,0.45132,0.51988,0.44101,0.57825,10,1,192,0.0,1,1,356.0,10.55
full,2026-09-30T06:45:46,S,S,8192,extended,cellpylib,cellpylib,,default,cpu,,32,4,32,31,8192,20240912,skipped_predicted,predicted warm 187 s x 10 > 60.0 s,,,,,,,,,,,,,,,,,,
full,2026-09-30T06:45:46,S,S,8192,extended,numpy,numpy,,default,cpu,0,32,4,32,31,8192,20240912,ok,,True,3.4303,3.95e-05,0.22639,0.22642,0.17513,0.15205,0.18985,0.14927,0.20062,10,1,,,0,0,279.4,6.54
full,2026-09-30T06:45:53,S,S,8192,extended,numpy_lut,numpy_lut,,default,cpu,0,32,4,32,31,8192,20240912,ok,,True,3.2673,0.0002381,0.078817,0.079056,0.078776,0.071617,0.08281,0.069188,0.085655,10,2,,,0,0,284.8,6.03
full,2026-09-30T06:45:59,S,S,8192,extended,predict:lc1,predict,lc1,default,cpu,0,32,4,32,31,8192,20240912,ok,,True,3.3761,0.15156,2.0522,2.2038,1.6622,1.6121,1.8048,1.4973,1.9334,10,1,192,0.0,0,0,631.5,25.27
full,2026-09-30T06:46:24,S,S,8192,extended,eager:lc1,eager,lc1,default,cpu,0,32,4,32,31,8192,20240912,ok,,True,2.9931,0.14482,1.0591,1.2039,1.0301,1.0219,1.0852,1.0041,1.1192,10,1,192,0.0,0,0,433.3,16.73
full,2026-09-30T06:46:41,S,S,8192,extended,compiled:lc1,compiled,lc1,default,cpu,0,32,4,32,31,8192,20240912,ok,,True,3.0628,0.16225,0.48236,0.64461,0.32602,0.31903,0.33752,0.31689,0.3534,10,1,192,0.0,0,0,436.1,8.29
full,2026-09-30T06:46:49,S,S,8192,extended,xla:lc1,xla,lc1,default,cpu,0,32,4,32,31,8192,20240912,ok,,True,3.2413,0.14999,0.63851,0.7885,0.41253,0.40157,0.414,0.39555,0.424,10,1,192,0.0,0,0,464.2,9.42
full,2026-09-30T06:46:59,S,S,8192,extended,while_loop:lc1,while_loop,lc1,default,cpu,0,32,4,32,31,8192,20240912,ok,,True,3.5574,0.18029,0.59877,0.77907,0.31003,0.30536,0.32476,0.29835,0.36576,10,1,192,0.0,0,0,408.1,8.76
full,2026-09-30T06:47:07,S,S,8192,extended,while_loop_xla:lc1,while_loop_xla,lc1,default,cpu,0,32,4,32,31,8192,20240912,ok,,True,3.2326,0.1779,0.83454,1.0124,0.37108,0.36158,0.39013,0.34083,0.42547,10,1,192,0.0,0,0,437.9,9.38
full,2026-09-30T06:47:17,S,S,8192,extended,unrolled:lc1,unrolled,lc1,default,cpu,0,32,4,32,31,8192,20240912,ok,,True,3.2657,2.8539,4.8228,7.6767,0.34401,0.32319,0.3551,0.31392,0.36258,10,1,192,0.0,0,0,495.7,15.76
full,2026-09-30T06:47:32,S,S,8192,extended,predict:dense,predict,dense,default,cpu,0,32,4,32,31,8192,20240912,ok,,True,3.3005,0.12799,1.8076,1.9356,1.6532,1.5241,1.8336,1.495,1.8698,10,1,4160,0.016,0,0,626.1,24.57
full,2026-09-30T06:47:57,S,S,8192,extended,eager:dense,eager,dense,default,cpu,0,32,4,32,31,8192,20240912,ok,,True,3.2481,0.13044,0.6674,0.79784,0.6013,0.58091,0.61963,0.56641,0.6354,10,1,4160,0.016,0,0,427.0,11.62
full,2026-09-30T06:48:09,S,S,8192,extended,compiled:dense,compiled,dense,default,cpu,0,32,4,32,31,8192,20240912,ok,,True,3.6782,0.12154,0.40999,0.53153,0.33364,0.32972,0.33737,0.31313,0.36563,10,1,4160,0.016,0,0,430.0,8.89
full,2026-09-30T06:48:18,S,S,8192,extended,xla:dense,xla,dense,default,cpu,0,32,4,32,31,8192,20240912,ok,,True,3.3466,0.13001,0.55617,0.68618,0.41113,0.40018,0.41537,0.39024,0.42843,10,1,4160,0.016,0,0,458.4,9.59
full,2026-09-30T06:48:27,S,S,8192,extended,while_loop:dense,while_loop,dense,default,cpu,0,32,4,32,31,8192,20240912,ok,,True,8.1734,0.16339,0.47551,0.6389,0.28436,0.27904,0.29767,0.26935,0.30952,10,1,4160,0.016,0,0,401.2,13.05
full,2026-09-30T06:48:40,S,S,8192,extended,while_loop_xla:dense,while_loop_xla,dense,default,cpu,0,32,4,32,31,8192,20240912,ok,,True,4.1182,0.13329,0.56735,0.70064,0.32244,0.31301,0.33134,0.30336,0.3417,10,1,4160,0.016,0,0,431.3,9.68
full,2026-09-30T06:48:50,S,S,8192,extended,unrolled:dense,unrolled,dense,default,cpu,0,32,4,32,31,8192,20240912,ok,,True,3.3532,0.87909,1.4255,2.3046,0.28277,0.28117,0.29566,0.27118,0.3166,10,1,4160,0.016,0,0,419.4,9.81
full,2026-09-30T06:49:00,S,S,8192,extended,compiled:lc2,compiled,lc2,default,cpu,0,32,4,32,31,8192,20240912,ok,,True,3.4127,0.12712,0.46572,0.59283,0.36354,0.36078,0.37193,0.35121,0.40296,10,1,4160,0.016,0,0,433.0,9.03
full,2026-09-30T06:49:09,S,S,8192,extended,xla:lc2,xla,lc2,default,cpu,0,32,4,32,31,8192,20240912,ok,,True,3.5737,0.13716,0.60894,0.7461,0.4412,0.43378,0.45501,0.42279,0.45936,10,1,4160,0.016,0,0,459.1,10.26
full,2026-09-30T06:49:19,S,S,8192,extended,compiled:lc3,compiled,lc3,default,cpu,0,32,4,32,31,8192,20240912,ok,,True,3.8142,0.17209,0.49137,0.66346,0.4444,0.42269,0.46203,0.39827,0.48993,10,1,192,0.0,0,0,430.4,10.43
full,2026-09-30T06:49:29,S,S,8192,extended,compiled:elem,compiled,elem,default,cpu,0,32,4,32,31,8192,20240912,ok,,True,3.8802,0.16852,0.41174,0.58026,0.31047,0.30297,0.32456,0.28812,0.34051,10,1,192,0.0,0,0,429.3,9.02
full,2026-09-30T06:49:38,S,S,8192,extended,xla:elem,xla,elem,default,cpu,0,32,4,32,31,8192,20240912,ok,,True,3.5433,0.16048,0.55191,0.71239,0.39934,0.39159,0.41119,0.3554,0.43348,10,1,192,0.0,0,0,457.6,9.75
full,2026-09-30T06:49:48,S,S,8192,extended,while_loop_xla:elem,while_loop_xla,elem,default,cpu,0,32,4,32,31,8192,20240912,ok,,True,3.5871,0.14619,0.53965,0.68584,0.31514,0.30849,0.31824,0.29424,0.32254,10,1,192,0.0,0,0,432.3,8.82
full,2026-09-30T06:49:57,S,S,8192,extended,numpy,numpy,,single,cpu,0,32,4,32,31,8192,20240912,ok,,True,3.5724,2.79e-05,0.25873,0.25876,0.19592,0.18546,0.20339,0.17518,0.26613,10,1,,,1,1,278.8,7.07
full,2026-09-30T06:50:04,S,S,8192,extended,numpy_lut,numpy_lut,,single,cpu,0,32,4,32,31,8192,20240912,ok,,True,3.5546,0.0001923,0.082771,0.082964,0.091087,0.087648,0.10359,0.082128,0.10676,10,2,,,1,1,283.7,6.77
full,2026-09-30T06:50:11,S,S,8192,extended,predict:lc1,predict,lc1,single,cpu,0,32,4,32,31,8192,20240912,ok,,True,3.6961,0.1932,2.9826,3.1758,2.7448,2.6326,2.8099,2.5034,2.9598,10,1,192,0.0,1,1,627.4,38.43
full,2026-09-30T06:50:49,S,S,8192,extended,eager:lc1,eager,lc1,single,cpu,0,32,4,32,31,8192,20240912,ok,,True,4.6787,0.2194,1.8811,2.1005,1.9904,1.9553,2.0617,1.7137,2.2127,10,1,192,0.0,1,1,428.9,29.96
full,2026-09-30T06:51:19,S,S,8192,extended,compiled:lc1,compiled,lc1,single,cpu,0,32,4,32,31,8192,20240912,ok,,True,3.8131,0.21037,1.6169,1.8273,1.1945,1.1354,1.2893,1.0912,1.3334,10,1,192,0.0,1,1,431.9,19.98
full,2026-09-30T06:51:39,S,S,8192,extended,xla:lc1,xla,lc1,single,cpu,0,32,4,32,31,8192,20240912,ok,,True,3.8349,0.21324,2.275,2.4882,1.3636,1.2868,1.4739,1.1239,1.5379,10,1,192,0.0,1,1,458.2,22.26
full,2026-09-30T06:52:01,S,S,8192,extended,while_loop:lc1,while_loop,lc1,single,cpu,0,32,4,32,31,8192,20240912,ok,,True,4.2744,0.16204,1.2604,1.4225,1.0838,0.96376,1.1762,0.90021,1.2958,10,1,192,0.0,1,1,403.0,18.75
full,2026-09-30T06:52:20,S,S,8192,extended,while_loop_xla:lc1,while_loop_xla,lc1,single,cpu,0,32,4,32,31,8192,20240912,ok,,True,3.2465,0.24465,1.8007,2.0454,1.1366,1.1154,1.1987,1.0069,1.4281,10,1,192,0.0,1,1,433.4,19.14
full,2026-09-30T06:52:39,S,S,8192,extended,unrolled:lc1,unrolled,lc1,single,cpu,0,32,4,32,31,8192,20240912,ok,,True,3.144,2.8158,5.9331,8.749,1.3011,1.2078,1.3322,1.1723,1.5869,10,1,192,0.0,1,1,491.2,27.33
full,2026-09-30T06:53:07,S,S,8192,extended,predict:dense,predict,dense,single,cpu,0,32,4,32,31,8192,20240912,ok,,True,3.7536,0.16618,3.0298,3.1959,2.5247,2.4345,2.5791,2.3043,2.9593,10,1,4160,0.016,1,1,619.2,36.54
full,2026-09-30T06:53:43,S,S,8192,extended,eager:dense,eager,dense,single,cpu,0,32,4,32,31,8192,20240912,ok,,True,3.2757,0.10849,1.1061,1.2146,1.1073,1.0841,1.1863,1.0748,1.3324,10,1,4160,0.016,1,1,421.1,18.03
full,2026-09-30T06:54:01,S,S,8192,extended,compiled:dense,compiled,dense,single,cpu,0,32,4,32,31,8192,20240912,ok,,True,3.4633,0.12107,1.0559,1.1769,0.98378,0.88456,1.0261,0.86877,1.0815,10,1,4160,0.016,1,1,424.3,16.39
full,2026-09-30T06:54:18,S,S,8192,extended,xla:dense,xla,dense,single,cpu,0,32,4,32,31,8192,20240912,ok,,True,3.1402,0.13107,1.7547,1.8858,1.2389,1.1663,1.3868,1.1519,1.4324,10,1,4160,0.016,1,1,450.6,19.9
full,2026-09-30T06:54:38,S,S,8192,extended,while_loop:dense,while_loop,dense,single,cpu,0,32,4,32,31,8192,20240912,ok,,True,3.2594,0.12286,0.97698,1.0998,0.91553,0.82359,0.97347,0.80757,1.0474,10,1,4160,0.016,1,1,395.7,15.2
full,2026-09-30T06:54:53,S,S,8192,extended,while_loop_xla:dense,while_loop_xla,dense,single,cpu,0,32,4,32,31,8192,20240912,ok,,True,3.4834,0.16595,1.97,2.136,1.1278,1.0625,1.1891,0.99382,1.3661,10,1,4160,0.016,1,1,424.1,19.14
full,2026-09-30T06:55:12,S,S,8192,extended,unrolled:dense,unrolled,dense,single,cpu,0,32,4,32,31,8192,20240912,ok,,True,3.5053,0.92504,2.3348,3.2598,0.94914,0.88092,0.99529,0.84529,1.0515,10,1,4160,0.016,1,1,413.2,18.03
full,2026-09-30T06:55:30,S,S,8192,extended,compiled:lc2,compiled,lc2,single,cpu,0,32,4,32,31,8192,20240912,ok,,True,3.2848,0.11139,1.042,1.1534,1.0172,0.92842,1.1438,0.88918,1.2881,10,1,4160,0.016,1,1,426.8,17.08
full,2026-09-30T06:55:47,S,S,8192,extended,xla:lc2,xla,lc2,single,cpu,0,32,4,32,31,8192,20240912,ok,,True,3.3099,0.13207,1.4089,1.541,1.2876,1.1948,1.3393,1.1272,1.4687,10,1,4160,0.016,1,1,451.4,19.85
full,2026-09-30T06:56:07,S,S,8192,extended,compiled:lc3,compiled,lc3,single,cpu,0,32,4,32,31,8192,20240912,ok,,True,3.4536,0.11391,1.0248,1.1388,1.0404,0.95217,1.0953,0.88049,1.2587,10,1,192,0.0,1,1,424.9,16.84
full,2026-09-30T06:56:24,S,S,8192,extended,compiled:elem,compiled,elem,single,cpu,0,32,4,32,31,8192,20240912,ok,,True,3.2759,0.16758,1.1172,1.2848,0.89239,0.84647,0.94915,0.82141,0.96579,10,1,192,0.0,1,1,423.9,15.45
full,2026-09-30T06:56:39,S,S,8192,extended,xla:elem,xla,elem,single,cpu,0,32,4,32,31,8192,20240912,ok,,True,3.0376,0.10997,1.1732,1.2832,1.0749,1.0544,1.162,1.0416,1.2165,10,1,192,0.0,1,1,450.1,17.35
full,2026-09-30T06:56:56,S,S,8192,extended,while_loop_xla:elem,while_loop_xla,elem,single,cpu,0,32,4,32,31,8192,20240912,ok,,True,3.2327,0.11909,1.1109,1.23,0.94004,0.92459,1.0007,0.9149,1.1079,10,1,192,0.0,1,1,423.4,16.03
full,2026-09-30T06:57:12,S,S,16384,extended,cellpylib,cellpylib,,default,cpu,,32,4,32,31,16384,20240912,skipped_predicted,predicted warm 375 s x 10 > 60.0 s,,,,,,,,,,,,,,,,,,
full,2026-09-30T06:57:12,S,S,16384,extended,numpy,numpy,,default,cpu,0,32,4,32,31,16384,20240912,ok,,True,3.0398,2.13e-05,0.38653,0.38655,0.39343,0.38129,0.40654,0.34882,0.41585,10,1,,,0,0,320.9,8.8
full,2026-09-30T06:57:21,S,S,16384,extended,numpy_lut,numpy_lut,,default,cpu,0,32,4,32,31,16384,20240912,ok,,True,3.1467,0.0001986,0.18033,0.18053,0.17608,0.16253,0.18219,0.15636,0.18723,10,1,,,0,0,311.7,6.32
full,2026-09-30T06:57:28,S,S,16384,extended,predict:lc1,predict,lc1,default,cpu,0,32,4,32,31,16384,20240912,ok,,True,3.3747,0.15351,2.3799,2.5334,2.1617,2.077,2.2487,1.9953,2.2706,10,1,192,0.0,0,0,865.9,31.08
full,2026-09-30T06:57:59,S,S,16384,extended,eager:lc1,eager,lc1,default,cpu,0,32,4,32,31,16384,20240912,ok,,True,3.2262,0.20051,1.7826,1.9831,1.7313,1.6329,1.792,1.4981,1.8727,10,1,192,0.0,0,0,599.0,25.12
full,2026-09-30T06:58:24,S,S,16384,extended,compiled:lc1,compiled,lc1,default,cpu,0,32,4,32,31,16384,20240912,ok,,True,3.2251,0.19683,0.95037,1.1472,0.69531,0.6827,0.70597,0.66329,0.73145,10,1,192,0.0,0,0,601.8,13.31
full,2026-09-30T06:58:37,S,S,16384,extended,xla:lc1,xla,lc1,default,cpu,0,32,4,32,31,16384,20240912,ok,,True,3.4735,0.16009,1.0385,1.1986,0.87291,0.85409,0.89205,0.83863,0.90475,10,1,192,0.0,0,0,633.2,15.44
full,2026-09-30T06:58:53,S,S,16384,extended,while_loop:lc1,while_loop,lc1,default,cpu,0,32,4,32,31,16384,20240912,ok,,True,3.19,0.19404,0.95951,1.1536,0.66959,0.65613,0.67982,0.61997,0.69326,10,1,192,0.0,0,0,542.1,12.88
full,2026-09-30T06:59:05,S,S,16384,extended,while_loop_xla:lc1,while_loop_xla,lc1,default,cpu,0,32,4,32,31,16384,20240912,ok,,True,3.4367,0.18643,1.2236,1.41,0.76659,0.75291,0.7932,0.7097,0.8111,10,1,192,0.0,0,0,575.2,14.54
full,2026-09-30T06:59:20,S,S,16384,extended,unrolled:lc1,unrolled,lc1,default,cpu,0,32,4,32,31,16384,20240912,ok,,True,3.4027,2.492,5.4224,7.9144,0.62353,0.61703,0.62942,0.59524,0.63892,10,1,192,0.0,0,0,635.8,19.62
full,2026-09-30T06:59:40,S,S,16384,extended,predict:dense,predict,dense,default,cpu,0,32,4,32,31,16384,20240912,ok,,True,3.3691,0.11568,2.2572,2.3729,1.9883,1.9473,2.0643,1.8787,2.3114,10,1,4160,0.016,0,0,854.6,29.32
full,2026-09-30T07:00:09,S,S,16384,extended,eager:dense,eager,dense,default,cpu,0,32,4,32,31,16384,20240912,ok,,True,3.2879,0.13152,0.98292,1.1144,0.97295,0.94151,0.99741,0.91882,1.013,10,1,4160,0.016,0,0,595.6,16.39
full,2026-09-30T07:00:25,S,S,16384,extended,compiled:dense,compiled,dense,default,cpu,0,32,4,32,31,16384,20240912,ok,,True,3.1646,0.13573,0.72206,0.85779,0.59539,0.56642,0.60527,0.54969,0.6324,10,1,4160,0.016,0,0,598.4,11.8
full,2026-09-30T07:00:37,S,S,16384,extended,xla:dense,xla,dense,default,cpu,0,32,4,32,31,16384,20240912,ok,,True,3.3491,0.12941,0.92072,1.0501,0.76278,0.72723,0.78966,0.70747,0.79967,10,1,4160,0.016,0,0,626.3,14.08
full,2026-09-30T07:00:51,S,S,16384,extended,while_loop:dense,while_loop,dense,default,cpu,0,32,4,32,31,16384,20240912,ok,,True,3.3671,0.13521,0.68661,0.82182,0.57246,0.54225,0.5944,0.52139,0.61189,10,1,4160,0.016,0,0,538.1,11.68
full,2026-09-30T07:01:03,S,S,16384,extended,while_loop_xla:dense,while_loop_xla,dense,default,cpu,0,32,4,32,31,16384,20240912,ok,,True,3.399,0.13862,0.77724,0.91585,0.65444,0.63808,0.66294,0.61117,0.66574,10,1,4160,0.016,0,0,568.7,12.71
full,2026-09-30T07:01:16,S,S,16384,extended,unrolled:dense,unrolled,dense,default,cpu,0,32,4,32,31,16384,20240912,ok,,True,3.2349,0.90264,1.6118,2.5144,0.55998,0.542,0.57593,0.5098,0.58235,10,1,4160,0.016,0,0,556.2,13.16
full,2026-09-30T07:01:29,S,S,16384,extended,compiled:lc2,compiled,lc2,default,cpu,0,32,4,32,31,16384,20240912,ok,,True,3.4082,0.11029,0.74063,0.85091,0.65409,0.62906,0.67408,0.60586,0.70754,10,1,4160,0.016,0,0,600.3,12.72
full,2026-09-30T07:01:41,S,S,16384,extended,xla:lc2,xla,lc2,default,cpu,0,32,4,32,31,16384,20240912,ok,,True,3.7778,0.1241,0.92659,1.0507,0.76727,0.72826,0.79361,0.71522,0.81983,10,1,4160,0.016,0,0,627.7,14.52
full,2026-09-30T07:01:56,S,S,16384,extended,compiled:lc3,compiled,lc3,default,cpu,0,32,4,32,31,16384,20240912,ok,,True,3.288,0.11189,0.84205,0.95394,0.7886,0.72893,0.81628,0.70247,0.84883,10,1,192,0.0,0,0,599.0,13.99
full,2026-09-30T07:02:10,S,S,16384,extended,compiled:elem,compiled,elem,default,cpu,0,32,4,32,31,16384,20240912,ok,,True,3.4952,0.13247,0.59641,0.72888,0.54647,0.52967,0.56482,0.50566,0.6146,10,1,192,0.0,0,0,599.1,11.62
full,2026-09-30T07:02:22,S,S,16384,extended,xla:elem,xla,elem,default,cpu,0,32,4,32,31,16384,20240912,ok,,True,3.4689,0.13537,0.78294,0.91831,0.70416,0.69487,0.71925,0.65053,0.7329,10,1,192,0.0,0,0,625.2,13.39
full,2026-09-30T07:02:35,S,S,16384,extended,while_loop_xla:elem,while_loop_xla,elem,default,cpu,0,32,4,32,31,16384,20240912,ok,,True,3.3403,0.11537,0.7017,0.81707,0.58345,0.57875,0.5941,0.5682,0.61547,10,1,192,0.0,0,0,568.3,11.76
full,2026-09-30T07:02:47,S,S,16384,extended,numpy,numpy,,single,cpu,0,32,4,32,31,16384,20240912,ok,,True,3.278,1.74e-05,0.33834,0.33835,0.38805,0.37624,0.42766,0.34337,0.45464,10,1,,,1,1,319.7,9.03
full,2026-09-30T07:02:56,S,S,16384,extended,numpy_lut,numpy_lut,,single,cpu,0,32,4,32,31,16384,20240912,ok,,True,3.2331,0.000148,0.15698,0.15713,0.14953,0.13773,0.16331,0.13599,0.20313,10,1,,,1,1,309.3,6.15
full,2026-09-30T07:03:02,S,S,16384,extended,predict:lc1,predict,lc1,single,cpu,0,32,4,32,31,16384,20240912,ok,,True,3.4094,0.14542,3.6868,3.8323,3.4664,3.2962,3.5765,3.1123,3.6385,10,1,192,0.0,1,1,861.2,46.24
full,2026-09-30T07:03:48,S,S,16384,extended,eager:lc1,eager,lc1,single,cpu,0,32,4,32,31,16384,20240912,ok,,True,3.4053,0.16238,3.101,3.2633,2.868,2.8119,2.9888,2.6543,3.6074,10,1,192,0.0,1,1,595.5,40.25
full,2026-09-30T07:04:28,S,S,16384,extended,compiled:lc1,compiled,lc1,single,cpu,0,32,4,32,31,16384,20240912,ok,,True,3.033,0.17305,2.4509,2.624,1.9534,1.8863,2.0453,1.8331,2.1777,10,1,192,0.0,1,1,596.9,29.07
full,2026-09-30T07:04:57,S,S,16384,extended,xla:lc1,xla,lc1,single,cpu,0,32,4,32,31,16384,20240912,ok,,True,3.0904,0.14623,2.9787,3.125,2.544,2.3541,2.6393,2.2864,2.7009,10,1,192,0.0,1,1,626.3,34.98
full,2026-09-30T07:05:32,S,S,16384,extended,while_loop:lc1,while_loop,lc1,single,cpu,0,32,4,32,31,16384,20240912,ok,,True,3.59,0.16486,2.6232,2.7881,2.0964,2.0102,2.128,1.8365,2.2638,10,1,192,0.0,1,1,538.0,30.16
full,2026-09-30T07:06:03,S,S,16384,extended,while_loop_xla:lc1,while_loop_xla,lc1,single,cpu,0,32,4,32,31,16384,20240912,ok,,True,3.4549,0.18165,2.5348,2.7164,2.2801,2.1251,2.4963,2.0791,2.8506,10,1,192,0.0,1,1,569.6,33.28
full,2026-09-30T07:06:36,S,S,16384,extended,unrolled:lc1,unrolled,lc1,single,cpu,0,32,4,32,31,16384,20240912,ok,,True,3.5257,2.4245,7.2145,9.639,2.0208,1.9503,2.1647,1.8086,2.315,10,1,192,0.0,1,1,628.2,36.8
full,2026-09-30T07:07:13,S,S,16384,extended,predict:dense,predict,dense,single,cpu,0,32,4,32,31,16384,20240912,ok,,True,3.407,0.16441,3.2372,3.4016,3.3085,3.1484,3.5823,2.9129,3.7501,10,1,4160,0.016,1,1,848.6,44.9
full,2026-09-30T07:07:58,S,S,16384,extended,eager:dense,eager,dense,single,cpu,0,32,4,32,31,16384,20240912,ok,,True,3.47,0.11412,2.4066,2.5207,2.2759,2.1299,2.3655,2.025,2.5336,10,1,4160,0.016,1,1,589.5,32.27
full,2026-09-30T07:08:30,S,S,16384,extended,compiled:dense,compiled,dense,single,cpu,0,32,4,32,31,16384,20240912,ok,,True,3.2515,0.10321,2.0152,2.1184,1.8828,1.7788,2.0341,1.729,2.0815,10,1,4160,0.016,1,1,592.9,27.5
full,2026-09-30T07:08:57,S,S,16384,extended,xla:dense,xla,dense,single,cpu,0,32,4,32,31,16384,20240912,ok,,True,3.2929,0.10423,2.4572,2.5615,2.4517,2.3351,2.5683,2.2294,2.7109,10,1,4160,0.016,1,1,618.8,34.02
full,2026-09-30T07:09:31,S,S,16384,extended,while_loop:dense,while_loop,dense,single,cpu,0,32,4,32,31,16384,20240912,ok,,True,3.1992,0.10313,2.3566,2.4597,1.8042,1.6617,1.8988,1.6365,2.0201,10,1,4160,0.016,1,1,533.0,26.77
full,2026-09-30T07:09:58,S,S,16384,extended,while_loop_xla:dense,while_loop_xla,dense,single,cpu,0,32,4,32,31,16384,20240912,ok,,True,3.0828,0.11206,2.2409,2.3529,2.0333,2.0115,2.1789,1.9934,2.3014,10,1,4160,0.016,1,1,560.7,29.74
full,2026-09-30T07:10:28,S,S,16384,extended,unrolled:dense,unrolled,dense,single,cpu,0,32,4,32,31,16384,20240912,ok,,True,3.111,0.77961,2.668,3.4476,1.7515,1.7133,1.9115,1.6696,2.0002,10,1,4160,0.016,1,1,551.3,27.68
full,2026-09-30T07:10:56,S,S,16384,extended,compiled:lc2,compiled,lc2,single,cpu,0,32,4,32,31,16384,20240912,ok,,True,3.5423,0.1112,2.0962,2.2074,2.0867,1.8955,2.133,1.7726,2.2377,10,1,4160,0.016,1,1,594.2,29.2
full,2026-09-30T07:11:25,S,S,16384,extended,xla:lc2,xla,lc2,single,cpu,0,32,4,32,31,16384,20240912,ok,,True,3.3611,0.15483,2.6136,2.7684,2.4368,2.3582,2.624,2.2094,2.7207,10,1,4160,0.016,1,1,620.4,34.41
full,2026-09-30T07:11:59,S,S,16384,extended,compiled:lc3,compiled,lc3,single,cpu,0,32,4,32,31,16384,20240912,ok,,True,3.2685,0.12083,1.8671,1.988,1.9813,1.8653,2.0321,1.7689,2.1072,10,1,192,0.0,1,1,593.4,28.1
full,2026-09-30T07:12:27,S,S,16384,extended,compiled:elem,compiled,elem,single,cpu,0,32,4,32,31,16384,20240912,ok,,True,3.4534,0.14519,1.6783,1.8235,1.922,1.9018,2.118,1.7125,2.2335,10,1,192,0.0,1,1,592.0,28.06
full,2026-09-30T07:12:55,S,S,16384,extended,xla:elem,xla,elem,single,cpu,0,32,4,32,31,16384,20240912,ok,,True,3.3637,0.14117,2.2987,2.4398,2.3204,2.1644,2.3655,2.066,2.4795,10,1,192,0.0,1,1,619.0,32.12
full,2026-09-30T07:13:27,S,S,16384,extended,while_loop_xla:elem,while_loop_xla,elem,single,cpu,0,32,4,32,31,16384,20240912,ok,,True,3.5216,0.12049,2.0804,2.2009,1.9929,1.9136,2.0796,1.8787,2.2899,10,1,192,0.0,1,1,560.4,29.25
